source_revision	path	accounting	operation_ids	symbols	local_references	external_imports	reason
e33c62506efcb15ae795847484357704b539bcf1	.codecov.yml	build/documentation/infrastructure	excluded				Tracked build, CI, documentation, or repository artifact; no additional runtime service to port.
e33c62506efcb15ae795847484357704b539bcf1	.github/CODEOWNERS	build/documentation/infrastructure	excluded				Tracked build, CI, documentation, or repository artifact; no additional runtime service to port.
e33c62506efcb15ae795847484357704b539bcf1	.github/ISSUE_TEMPLATE/bug_report.md	build/documentation/infrastructure	excluded				Tracked build, CI, documentation, or repository artifact; no additional runtime service to port.
e33c62506efcb15ae795847484357704b539bcf1	.github/ISSUE_TEMPLATE/config.yml	build/documentation/infrastructure	excluded				Tracked build, CI, documentation, or repository artifact; no additional runtime service to port.
e33c62506efcb15ae795847484357704b539bcf1	.github/ISSUE_TEMPLATE/documentation.md	build/documentation/infrastructure	excluded				Tracked build, CI, documentation, or repository artifact; no additional runtime service to port.
e33c62506efcb15ae795847484357704b539bcf1	.github/ISSUE_TEMPLATE/feature_request.md	build/documentation/infrastructure	excluded				Tracked build, CI, documentation, or repository artifact; no additional runtime service to port.
e33c62506efcb15ae795847484357704b539bcf1	.github/ISSUE_TEMPLATE/office_hours.md	build/documentation/infrastructure	excluded				Tracked build, CI, documentation, or repository artifact; no additional runtime service to port.
e33c62506efcb15ae795847484357704b539bcf1	.github/PULL_REQUEST_TEMPLATE.md	build/documentation/infrastructure	excluded				Tracked build, CI, documentation, or repository artifact; no additional runtime service to port.
e33c62506efcb15ae795847484357704b539bcf1	.github/workflows/add-untriaged.yml	build/documentation/infrastructure	excluded				Tracked build, CI, documentation, or repository artifact; no additional runtime service to port.
e33c62506efcb15ae795847484357704b539bcf1	.github/workflows/backport.yml	build/documentation/infrastructure	excluded				Tracked build, CI, documentation, or repository artifact; no additional runtime service to port.
e33c62506efcb15ae795847484357704b539bcf1	.github/workflows/ci.yml	build/documentation/infrastructure	excluded				Tracked build, CI, documentation, or repository artifact; no additional runtime service to port.
e33c62506efcb15ae795847484357704b539bcf1	.github/workflows/delete_backport_branch.yml	build/documentation/infrastructure	excluded				Tracked build, CI, documentation, or repository artifact; no additional runtime service to port.
e33c62506efcb15ae795847484357704b539bcf1	.github/workflows/issue-dedupe.yml	build/documentation/infrastructure	excluded				Tracked build, CI, documentation, or repository artifact; no additional runtime service to port.
e33c62506efcb15ae795847484357704b539bcf1	.github/workflows/maven-publish.yml	build/documentation/infrastructure	excluded				Tracked build, CI, documentation, or repository artifact; no additional runtime service to port.
e33c62506efcb15ae795847484357704b539bcf1	.github/workflows/multi-node-test-workflow.yml	build/documentation/infrastructure	excluded				Tracked build, CI, documentation, or repository artifact; no additional runtime service to port.
e33c62506efcb15ae795847484357704b539bcf1	.github/workflows/pr_review.yml	build/documentation/infrastructure	excluded				Tracked build, CI, documentation, or repository artifact; no additional runtime service to port.
e33c62506efcb15ae795847484357704b539bcf1	.github/workflows/security-test-workflow.yml	build/documentation/infrastructure	excluded				Tracked build, CI, documentation, or repository artifact; no additional runtime service to port.
e33c62506efcb15ae795847484357704b539bcf1	.github/workflows/version.yml	build/documentation/infrastructure	excluded				Tracked build, CI, documentation, or repository artifact; no additional runtime service to port.
e33c62506efcb15ae795847484357704b539bcf1	.gitignore	build/documentation/infrastructure	excluded				Tracked build, CI, documentation, or repository artifact; no additional runtime service to port.
e33c62506efcb15ae795847484357704b539bcf1	.whitesource	build/documentation/infrastructure	excluded				Tracked build, CI, documentation, or repository artifact; no additional runtime service to port.
e33c62506efcb15ae795847484357704b539bcf1	CODE_OF_CONDUCT.md	build/documentation/infrastructure	excluded				Tracked build, CI, documentation, or repository artifact; no additional runtime service to port.
e33c62506efcb15ae795847484357704b539bcf1	CONTRIBUTING.md	build/documentation/infrastructure	excluded				Tracked build, CI, documentation, or repository artifact; no additional runtime service to port.
e33c62506efcb15ae795847484357704b539bcf1	DEVELOPER_GUIDE.md	build/documentation/infrastructure	excluded				Tracked build, CI, documentation, or repository artifact; no additional runtime service to port.
e33c62506efcb15ae795847484357704b539bcf1	LICENSE	source notice	notice				Retain source attribution in imported package data/code.
e33c62506efcb15ae795847484357704b539bcf1	MAINTAINERS.md	build/documentation/infrastructure	excluded				Tracked build, CI, documentation, or repository artifact; no additional runtime service to port.
e33c62506efcb15ae795847484357704b539bcf1	NOTICE	source notice	notice				Retain source attribution in imported package data/code.
e33c62506efcb15ae795847484357704b539bcf1	README.md	build/documentation/infrastructure	excluded				Tracked build, CI, documentation, or repository artifact; no additional runtime service to port.
e33c62506efcb15ae795847484357704b539bcf1	build-tools/opensearchplugin-coverage.gradle	build/documentation/infrastructure	excluded				Tracked build, CI, documentation, or repository artifact; no additional runtime service to port.
e33c62506efcb15ae795847484357704b539bcf1	build-tools/repositories.gradle	build/documentation/infrastructure	excluded				Tracked build, CI, documentation, or repository artifact; no additional runtime service to port.
e33c62506efcb15ae795847484357704b539bcf1	build.gradle	build/documentation/infrastructure	excluded				Tracked build, CI, documentation, or repository artifact; no additional runtime service to port.
e33c62506efcb15ae795847484357704b539bcf1	checkstyle/sun_checks.xml	build/documentation/infrastructure	excluded				Tracked build, CI, documentation, or repository artifact; no additional runtime service to port.
e33c62506efcb15ae795847484357704b539bcf1	formatter/formatterConfig.xml	build/documentation/infrastructure	excluded				Tracked build, CI, documentation, or repository artifact; no additional runtime service to port.
e33c62506efcb15ae795847484357704b539bcf1	gradle/formatting.gradle	build/documentation/infrastructure	excluded				Tracked build, CI, documentation, or repository artifact; no additional runtime service to port.
e33c62506efcb15ae795847484357704b539bcf1	gradle/wrapper/gradle-wrapper.jar	build/documentation/infrastructure	excluded				Tracked build, CI, documentation, or repository artifact; no additional runtime service to port.
e33c62506efcb15ae795847484357704b539bcf1	gradle/wrapper/gradle-wrapper.properties	build/documentation/infrastructure	excluded				Tracked build, CI, documentation, or repository artifact; no additional runtime service to port.
e33c62506efcb15ae795847484357704b539bcf1	gradlew	build/documentation/infrastructure	excluded				Tracked build, CI, documentation, or repository artifact; no additional runtime service to port.
e33c62506efcb15ae795847484357704b539bcf1	gradlew.bat	build/documentation/infrastructure	excluded				Tracked build, CI, documentation, or repository artifact; no additional runtime service to port.
e33c62506efcb15ae795847484357704b539bcf1	release-notes/opensearch-security-analytics.release-notes-2.10.0.0.md	build/documentation/infrastructure	excluded				Tracked build, CI, documentation, or repository artifact; no additional runtime service to port.
e33c62506efcb15ae795847484357704b539bcf1	release-notes/opensearch-security-analytics.release-notes-2.11.0.0.md	build/documentation/infrastructure	excluded				Tracked build, CI, documentation, or repository artifact; no additional runtime service to port.
e33c62506efcb15ae795847484357704b539bcf1	release-notes/opensearch-security-analytics.release-notes-2.11.1.0.md	build/documentation/infrastructure	excluded				Tracked build, CI, documentation, or repository artifact; no additional runtime service to port.
e33c62506efcb15ae795847484357704b539bcf1	release-notes/opensearch-security-analytics.release-notes-2.12.0.0.md	build/documentation/infrastructure	excluded				Tracked build, CI, documentation, or repository artifact; no additional runtime service to port.
e33c62506efcb15ae795847484357704b539bcf1	release-notes/opensearch-security-analytics.release-notes-2.14.0.0.md	build/documentation/infrastructure	excluded				Tracked build, CI, documentation, or repository artifact; no additional runtime service to port.
e33c62506efcb15ae795847484357704b539bcf1	release-notes/opensearch-security-analytics.release-notes-2.15.0.0.md	build/documentation/infrastructure	excluded				Tracked build, CI, documentation, or repository artifact; no additional runtime service to port.
e33c62506efcb15ae795847484357704b539bcf1	release-notes/opensearch-security-analytics.release-notes-2.16.0.0.md	build/documentation/infrastructure	excluded				Tracked build, CI, documentation, or repository artifact; no additional runtime service to port.
e33c62506efcb15ae795847484357704b539bcf1	release-notes/opensearch-security-analytics.release-notes-2.17.0.0.md	build/documentation/infrastructure	excluded				Tracked build, CI, documentation, or repository artifact; no additional runtime service to port.
e33c62506efcb15ae795847484357704b539bcf1	release-notes/opensearch-security-analytics.release-notes-2.17.1.0.md	build/documentation/infrastructure	excluded				Tracked build, CI, documentation, or repository artifact; no additional runtime service to port.
e33c62506efcb15ae795847484357704b539bcf1	release-notes/opensearch-security-analytics.release-notes-2.18.0.0.md	build/documentation/infrastructure	excluded				Tracked build, CI, documentation, or repository artifact; no additional runtime service to port.
e33c62506efcb15ae795847484357704b539bcf1	release-notes/opensearch-security-analytics.release-notes-2.19.0.0.md	build/documentation/infrastructure	excluded				Tracked build, CI, documentation, or repository artifact; no additional runtime service to port.
e33c62506efcb15ae795847484357704b539bcf1	release-notes/opensearch-security-analytics.release-notes-2.4.0.0.md	build/documentation/infrastructure	excluded				Tracked build, CI, documentation, or repository artifact; no additional runtime service to port.
e33c62506efcb15ae795847484357704b539bcf1	release-notes/opensearch-security-analytics.release-notes-2.4.1.0.md	build/documentation/infrastructure	excluded				Tracked build, CI, documentation, or repository artifact; no additional runtime service to port.
e33c62506efcb15ae795847484357704b539bcf1	release-notes/opensearch-security-analytics.release-notes-2.5.0.0.md	build/documentation/infrastructure	excluded				Tracked build, CI, documentation, or repository artifact; no additional runtime service to port.
e33c62506efcb15ae795847484357704b539bcf1	release-notes/opensearch-security-analytics.release-notes-2.6.0.0.md	build/documentation/infrastructure	excluded				Tracked build, CI, documentation, or repository artifact; no additional runtime service to port.
e33c62506efcb15ae795847484357704b539bcf1	release-notes/opensearch-security-analytics.release-notes-2.7.0.0.md	build/documentation/infrastructure	excluded				Tracked build, CI, documentation, or repository artifact; no additional runtime service to port.
e33c62506efcb15ae795847484357704b539bcf1	release-notes/opensearch-security-analytics.release-notes-2.8.0.0.md	build/documentation/infrastructure	excluded				Tracked build, CI, documentation, or repository artifact; no additional runtime service to port.
e33c62506efcb15ae795847484357704b539bcf1	release-notes/opensearch-security-analytics.release-notes-2.9.0.0.md	build/documentation/infrastructure	excluded				Tracked build, CI, documentation, or repository artifact; no additional runtime service to port.
e33c62506efcb15ae795847484357704b539bcf1	release-notes/opensearch-security-analytics.release-notes-3.0.0.0-alpha1.md	build/documentation/infrastructure	excluded				Tracked build, CI, documentation, or repository artifact; no additional runtime service to port.
e33c62506efcb15ae795847484357704b539bcf1	release-notes/opensearch-security-analytics.release-notes-3.0.0.0-beta1.md	build/documentation/infrastructure	excluded				Tracked build, CI, documentation, or repository artifact; no additional runtime service to port.
e33c62506efcb15ae795847484357704b539bcf1	release-notes/opensearch-security-analytics.release-notes-3.0.0.0.md	build/documentation/infrastructure	excluded				Tracked build, CI, documentation, or repository artifact; no additional runtime service to port.
e33c62506efcb15ae795847484357704b539bcf1	release-notes/opensearch-security-analytics.release-notes-3.1.0.0.md	build/documentation/infrastructure	excluded				Tracked build, CI, documentation, or repository artifact; no additional runtime service to port.
e33c62506efcb15ae795847484357704b539bcf1	release-notes/opensearch-security-analytics.release-notes-3.2.0.0.md	build/documentation/infrastructure	excluded				Tracked build, CI, documentation, or repository artifact; no additional runtime service to port.
e33c62506efcb15ae795847484357704b539bcf1	release-notes/opensearch-security-analytics.release-notes-3.3.0.0.md	build/documentation/infrastructure	excluded				Tracked build, CI, documentation, or repository artifact; no additional runtime service to port.
e33c62506efcb15ae795847484357704b539bcf1	release-notes/opensearch-security-analytics.release-notes-3.5.0.0.md	build/documentation/infrastructure	excluded				Tracked build, CI, documentation, or repository artifact; no additional runtime service to port.
e33c62506efcb15ae795847484357704b539bcf1	release-notes/opensearch-security-analytics.release-notes-3.6.0.0.md	build/documentation/infrastructure	excluded				Tracked build, CI, documentation, or repository artifact; no additional runtime service to port.
e33c62506efcb15ae795847484357704b539bcf1	release-notes/opensearch-security-analytics.release-notes-3.7.0.0.md	build/documentation/infrastructure	excluded				Tracked build, CI, documentation, or repository artifact; no additional runtime service to port.
e33c62506efcb15ae795847484357704b539bcf1	scripts/build.sh	build/documentation/infrastructure	excluded				Tracked build, CI, documentation, or repository artifact; no additional runtime service to port.
e33c62506efcb15ae795847484357704b539bcf1	security-analytics-commons-1.0.0.jar	build/documentation/infrastructure	excluded				Tracked build, CI, documentation, or repository artifact; no additional runtime service to port.
e33c62506efcb15ae795847484357704b539bcf1	settings.gradle	build/documentation/infrastructure	excluded				Tracked build, CI, documentation, or repository artifact; no additional runtime service to port.
e33c62506efcb15ae795847484357704b539bcf1	src/main/config/rules/rule_categories.json	pinned algorithm data	SA-01.metadata;SA-01.mapping-merge;SA-06.type-inputs				Retain built-in category/schema/IOC-field data as pinned package assets.
e33c62506efcb15ae795847484357704b539bcf1	src/main/generated/org/opensearch/securityanalytics/rules/condition/ConditionBaseListener.java	host storage or plugin metadata	host			org.antlr.v4.runtime.ParserRuleContext;org.antlr.v4.runtime.tree.ErrorNode;org.antlr.v4.runtime.tree.TerminalNode	Upstream administration, storage, permission, registration, timing, or configuration. Listed embedded calculations are separately mapped.
e33c62506efcb15ae795847484357704b539bcf1	src/main/generated/org/opensearch/securityanalytics/rules/condition/ConditionBaseVisitor.java	host storage or plugin metadata	host			org.antlr.v4.runtime.tree.AbstractParseTreeVisitor	Upstream administration, storage, permission, registration, timing, or configuration. Listed embedded calculations are separately mapped.
e33c62506efcb15ae795847484357704b539bcf1	src/main/generated/org/opensearch/securityanalytics/rules/condition/ConditionLexer.java	host storage or plugin metadata	host	ConditionLexer;getATN;getChannelNames;getGrammarFileName;getModeNames;getRuleNames;getSerializedATN;getTokenNames;getVocabulary;makeLiteralNames;makeRuleNames;makeSymbolicNames		org.antlr.v4.runtime.*;org.antlr.v4.runtime.CharStream;org.antlr.v4.runtime.Lexer;org.antlr.v4.runtime.Token;org.antlr.v4.runtime.TokenStream;org.antlr.v4.runtime.atn.*;org.antlr.v4.runtime.dfa.DFA;org.antlr.v4.runtime.misc.*	Upstream administration, storage, permission, registration, timing, or configuration. Listed embedded calculations are separately mapped.
e33c62506efcb15ae795847484357704b539bcf1	src/main/generated/org/opensearch/securityanalytics/rules/condition/ConditionListener.java	host storage or plugin metadata	host			org.antlr.v4.runtime.tree.ParseTreeListener	Upstream administration, storage, permission, registration, timing, or configuration. Listed embedded calculations are separately mapped.
e33c62506efcb15ae795847484357704b539bcf1	src/main/generated/org/opensearch/securityanalytics/rules/condition/ConditionParser.java	host storage or plugin metadata	host	AND;AndExpressionContext;ConditionParser;ExpressionContext;IDENTIFIER;IdentOrSelectExpressionContext;LPAREN;NOT;NotExpressionContext;OR;OrExpressionContext;ParenExpressionContext;RPAREN;SELECTOR;StartContext;accept;copyFrom;enterRule;exitRule;expression;expression_sempred;getATN;getGrammarFileName;getRuleNames;getSerializedATN;getTokenNames;getVocabulary;makeLiteralNames;makeRuleNames;makeSymbolicNames;sempred;start		org.antlr.v4.runtime.*;org.antlr.v4.runtime.atn.*;org.antlr.v4.runtime.dfa.DFA;org.antlr.v4.runtime.misc.*;org.antlr.v4.runtime.tree.*	Upstream administration, storage, permission, registration, timing, or configuration. Listed embedded calculations are separately mapped.
e33c62506efcb15ae795847484357704b539bcf1	src/main/generated/org/opensearch/securityanalytics/rules/condition/ConditionVisitor.java	host storage or plugin metadata	host			org.antlr.v4.runtime.tree.ParseTreeVisitor	Upstream administration, storage, permission, registration, timing, or configuration. Listed embedded calculations are separately mapped.
e33c62506efcb15ae795847484357704b539bcf1	src/main/generated/org/opensearch/securityanalytics/rules/condition/aggregation/AggregationBaseListener.java	host storage or plugin metadata	host			org.antlr.v4.runtime.ParserRuleContext;org.antlr.v4.runtime.tree.ErrorNode;org.antlr.v4.runtime.tree.TerminalNode	Upstream administration, storage, permission, registration, timing, or configuration. Listed embedded calculations are separately mapped.
e33c62506efcb15ae795847484357704b539bcf1	src/main/generated/org/opensearch/securityanalytics/rules/condition/aggregation/AggregationBaseVisitor.java	host storage or plugin metadata	host			org.antlr.v4.runtime.tree.AbstractParseTreeVisitor	Upstream administration, storage, permission, registration, timing, or configuration. Listed embedded calculations are separately mapped.
e33c62506efcb15ae795847484357704b539bcf1	src/main/generated/org/opensearch/securityanalytics/rules/condition/aggregation/AggregationLexer.java	host storage or plugin metadata	host	AggregationLexer;getATN;getChannelNames;getGrammarFileName;getModeNames;getRuleNames;getSerializedATN;getTokenNames;getVocabulary;makeLiteralNames;makeRuleNames;makeSymbolicNames		org.antlr.v4.runtime.*;org.antlr.v4.runtime.CharStream;org.antlr.v4.runtime.Lexer;org.antlr.v4.runtime.Token;org.antlr.v4.runtime.TokenStream;org.antlr.v4.runtime.atn.*;org.antlr.v4.runtime.dfa.DFA;org.antlr.v4.runtime.misc.*	Upstream administration, storage, permission, registration, timing, or configuration. Listed embedded calculations are separately mapped.
e33c62506efcb15ae795847484357704b539bcf1	src/main/generated/org/opensearch/securityanalytics/rules/condition/aggregation/AggregationListener.java	host storage or plugin metadata	host			org.antlr.v4.runtime.tree.ParseTreeListener	Upstream administration, storage, permission, registration, timing, or configuration. Listed embedded calculations are separately mapped.
e33c62506efcb15ae795847484357704b539bcf1	src/main/generated/org/opensearch/securityanalytics/rules/condition/aggregation/AggregationParser.java	host storage or plugin metadata	host	AVG;AggExpressionNumericEntityContext;AggExpressionParensContext;Agg_exprContext;Agg_operatorContext;AggregationParser;BY;COUNT;Comp_operatorContext;ComparisonExpressionWithOperatorContext;Comparison_exprContext;Comparison_operandContext;DECIMAL;EQ;GE;GT;Groupby_exprContext;IDENTIFIER;LE;LPAREN;LT;MAX;MIN;NumericConstContext;NumericVariableContext;Numeric_entityContext;RPAREN;SUM;accept;agg_expr;agg_operator;comp_operator;comparison_expr;comparison_operand;copyFrom;enterRule;exitRule;getATN;getGrammarFileName;getRuleNames;getSerializedATN;getTokenNames;getVocabulary;groupby_expr;makeLiteralNames;makeRuleNames;makeSymbolicNames;numeric_entity		org.antlr.v4.runtime.*;org.antlr.v4.runtime.atn.*;org.antlr.v4.runtime.dfa.DFA;org.antlr.v4.runtime.misc.*;org.antlr.v4.runtime.tree.*	Upstream administration, storage, permission, registration, timing, or configuration. Listed embedded calculations are separately mapped.
e33c62506efcb15ae795847484357704b539bcf1	src/main/generated/org/opensearch/securityanalytics/rules/condition/aggregation/AggregationVisitor.java	host storage or plugin metadata	host			org.antlr.v4.runtime.tree.ParseTreeVisitor	Upstream administration, storage, permission, registration, timing, or configuration. Listed embedded calculations are separately mapped.
e33c62506efcb15ae795847484357704b539bcf1	src/main/grammars/Aggregation.g4	calculation grammar	SA-02.parse				Pinned ANTLR syntax; generated parser behavior needs reference fixtures.
e33c62506efcb15ae795847484357704b539bcf1	src/main/grammars/Condition.g4	calculation grammar	SA-01.condition				Pinned ANTLR syntax; generated parser behavior needs reference fixtures.
e33c62506efcb15ae795847484357704b539bcf1	src/main/java/org/opensearch/securityanalytics/SecurityAnalyticsPlugin.java	host registration adapter	host	GuiceHolder;addLifecycleListener;close;createComponents;getActions;getCustomCodecServiceFactory;getEngineFactory;getGuiceServiceClasses;getJobIndex;getJobParser;getJobRunner;getJobType;getMappers;getMonitorTypesToMonitorRunners;getNamedXContent;getQueries;getRestHandlers;getSettings;getSystemIndexDescriptors;lifecycleState;onFailure;onNodeStarted;onResponse;removeLifecycleListener;start;stop	AckAlertsAction;AckCorrelationAlertsAction;BuiltInTIFMetadataLoader;BuiltinLogTypeLoader;CorrelatedFindingAction;CorrelationAlertService;CorrelationCodecService;CorrelationIndices;CorrelationQueryBuilder;CorrelationRule;CorrelationRuleIndices;CorrelationVectorFieldMapper;CreateIndexMappingsAction;CustomLogType;CustomLogTypeIndices;DefaultTifSourceConfigLoaderService;DeleteCorrelationRuleAction;DeleteCustomLogTypeAction;DeleteDetectorAction;DeleteRuleAction;DeleteThreatIntelMonitorAction;Detector;DetectorIndexManagementService;DetectorIndices;DetectorInput;DetectorThreatIntelService;GetAlertsAction;GetAllRuleCategoriesAction;GetCorrelationAlertsAction;GetDetectorAction;GetFindingsAction;GetIndexMappingsAction;GetIocFindingsAction;GetMappingsViewAction;GetThreatIntelAlertsAction;IndexCorrelationRuleAction;IndexCustomLogTypeAction;IndexDetectorAction;IndexRuleAction;IndexTemplateManager;IndexThreatIntelMonitorAction;IocFindingService;ListCorrelationsAction;ListIOCsAction;LogType;LogTypeService;MapperService;NotificationService;PutTIFJobAction;RestAcknowledgeAlertsAction;RestAcknowledgeCorrelationAlertsAction;RestCreateIndexMappingsAction;RestDeleteCorrelationRuleAction;RestDeleteCustomLogTypeAction;RestDeleteDetectorAction;RestDeleteRuleAction;RestDeleteTIFSourceConfigAction;RestDeleteThreatIntelMonitorAction;RestGetAlertsAction;RestGetAllRuleCategoriesAction;RestGetCorrelationsAlertsAction;RestGetDetectorAction;RestGetFindingsAction;RestGetIndexMappingsAction;RestGetIocFindingsAction;RestGetMappingsViewAction;RestGetTIFSourceConfigAction;RestGetThreatIntelAlertsAction;RestIndexCorrelationRuleAction;RestIndexCustomLogTypeAction;RestIndexDetectorAction;RestIndexRuleAction;RestIndexTIFSourceConfigAction;RestIndexThreatIntelMonitorAction;RestListCorrelationAction;RestListIOCsAction;RestRefreshTIFSourceConfigAction;RestSearchCorrelationAction;RestSearchCorrelationRuleAction;RestSearchCustomLogTypeAction;RestSearchDetectorAction;RestSearchRuleAction;RestSearchTIFSourceConfigsAction;RestSearchThreatIntelMonitorAction;RestTestS3ConnectionAction;RestUpdateIndexMappingsAction;RestUpdateThreatIntelAlertsStatusAction;RestValidateRulesAction;Rule;RuleIndices;RuleTopicIndices;SADeleteTIFSourceConfigAction;SAGetTIFSourceConfigAction;SAIndexTIFSourceConfigAction;SARefreshTIFSourceConfigAction;SASearchTIFSourceConfigsAction;SATIFSourceConfig;SATIFSourceConfigManagementService;SATIFSourceConfigService;STIX2IOCFetchService;SaIoCScanService;SearchCorrelationRuleAction;SearchCustomLogTypeAction;SearchDetectorAction;SearchRuleAction;SearchThreatIntelMonitorAction;SecurityAnalyticsRunner;SecurityAnalyticsSettings;TIFJobParameter;TIFJobParameterService;TIFJobRunner;TIFJobUpdateService;TIFLockService;TIFSourceConfigRunner;TestS3ConnectionAction;ThreatIntelAlertService;ThreatIntelFeedData;ThreatIntelFeedDataService;ThreatIntelMonitorRunner;TransportAckCorrelationAlertsAction;TransportAcknowledgeAlertsAction;TransportCorrelateFindingAction;TransportCreateIndexMappingsAction;TransportDeleteCorrelationRuleAction;TransportDeleteCustomLogTypeAction;TransportDeleteDetectorAction;TransportDeleteRuleAction;TransportDeleteTIFSourceConfigAction;TransportDeleteThreatIntelMonitorAction;TransportGetAlertsAction;TransportGetAllRuleCategoriesAction;TransportGetCorrelationAlertsAction;TransportGetDetectorAction;TransportGetFindingsAction;TransportGetIndexMappingsAction;TransportGetIocFindingsAction;TransportGetMappingsViewAction;TransportGetTIFSourceConfigAction;TransportGetThreatIntelAlertsAction;TransportIndexCorrelationRuleAction;TransportIndexCustomLogTypeAction;TransportIndexDetectorAction;TransportIndexRuleAction;TransportIndexTIFSourceConfigAction;TransportIndexThreatIntelMonitorAction;TransportListCorrelationAction;TransportListIOCsAction;TransportPutTIFJobAction;TransportRefreshTIFSourceConfigAction;TransportSearchCorrelationAction;TransportSearchCorrelationRuleAction;TransportSearchCustomLogTypeAction;TransportSearchDetectorAction;TransportSearchRuleAction;TransportSearchTIFSourceConfigsAction;TransportSearchThreatIntelMonitorAction;TransportTestS3ConnectionAction;TransportThreatIntelMonitorFanOutAction;TransportUpdateIndexMappingsAction;TransportUpdateThreatIntelAlertStatusAction;TransportValidateRulesAction;UpdateIndexMappingsAction;UpdateThreatIntelAlertStatusAction;ValidateRulesAction	org.apache.logging.log4j.LogManager;org.apache.logging.log4j.Logger;org.opensearch.action.ActionRequest;org.opensearch.alerting.spi.RemoteMonitorRunner;org.opensearch.alerting.spi.RemoteMonitorRunnerExtension;org.opensearch.cluster.metadata.IndexMetadata;org.opensearch.cluster.metadata.IndexNameExpressionResolver;org.opensearch.cluster.node.DiscoveryNode;org.opensearch.cluster.node.DiscoveryNodes;org.opensearch.cluster.service.ClusterService;org.opensearch.common.inject.Inject;org.opensearch.common.lifecycle.Lifecycle;org.opensearch.common.lifecycle.LifecycleComponent;org.opensearch.common.lifecycle.LifecycleListener;org.opensearch.common.settings.ClusterSettings;org.opensearch.common.settings.IndexScopedSettings;org.opensearch.common.settings.Setting;org.opensearch.common.settings.Settings;org.opensearch.common.settings.SettingsFilter;org.opensearch.commons.alerting.action.AlertingActions;org.opensearch.core.action.ActionListener;org.opensearch.core.action.ActionResponse;org.opensearch.core.common.io.stream.NamedWriteableRegistry;org.opensearch.core.xcontent.NamedXContentRegistry;org.opensearch.core.xcontent.XContentParser;org.opensearch.core.xcontent.XContentParserUtils;org.opensearch.env.Environment;org.opensearch.env.NodeEnvironment;org.opensearch.index.IndexSettings;org.opensearch.index.codec.CodecServiceFactory;org.opensearch.index.engine.EngineFactory;org.opensearch.index.mapper.Mapper;org.opensearch.indices.SystemIndexDescriptor;org.opensearch.jobscheduler.spi.JobSchedulerExtension;org.opensearch.jobscheduler.spi.ScheduledJobParser;org.opensearch.jobscheduler.spi.ScheduledJobRunner;org.opensearch.jobscheduler.spi.utils.LockService;org.opensearch.plugins.ActionPlugin;org.opensearch.plugins.ClusterPlugin;org.opensearch.plugins.EnginePlugin;org.opensearch.plugins.MapperPlugin;org.opensearch.plugins.Plugin;org.opensearch.plugins.SearchPlugin;org.opensearch.plugins.SystemIndexPlugin;org.opensearch.repositories.RepositoriesService;org.opensearch.rest.RestController;org.opensearch.rest.RestHandler;org.opensearch.script.ScriptService;org.opensearch.threadpool.ThreadPool;org.opensearch.transport.client.Client;org.opensearch.transport.client.node.NodeClient;org.opensearch.watcher.ResourceWatcherService;reactor.util.annotation.NonNull	Upstream administration, storage, permission, registration, timing, or configuration. Listed embedded calculations are separately mapped.
e33c62506efcb15ae795847484357704b539bcf1	src/main/java/org/opensearch/securityanalytics/action/AckAlertsAction.java	host administration or wire adapter	host	AckAlertsAction	AckAlertsResponse	org.opensearch.action.ActionType	Upstream administration, storage, permission, registration, timing, or configuration. Listed embedded calculations are separately mapped.
e33c62506efcb15ae795847484357704b539bcf1	src/main/java/org/opensearch/securityanalytics/action/AckAlertsRequest.java	host administration or wire adapter	host	AckAlertsRequest;getAlertIds;getDetectorId;readFrom;toXContent;validate;writeTo		org.opensearch.action.ActionRequest;org.opensearch.action.ActionRequestValidationException;org.opensearch.action.ValidateActions;org.opensearch.core.common.io.stream.StreamInput;org.opensearch.core.common.io.stream.StreamOutput;org.opensearch.core.xcontent.ToXContent;org.opensearch.core.xcontent.XContentBuilder	Upstream administration, storage, permission, registration, timing, or configuration. Listed embedded calculations are separately mapped.
e33c62506efcb15ae795847484357704b539bcf1	src/main/java/org/opensearch/securityanalytics/action/AckAlertsResponse.java	host administration or wire adapter	host	AckAlertsResponse;getAcknowledged;getFailed;getMissing;toXContent;writeTo	AlertDto	org.opensearch.core.action.ActionResponse;org.opensearch.core.common.io.stream.StreamInput;org.opensearch.core.common.io.stream.StreamOutput;org.opensearch.core.xcontent.ToXContentObject;org.opensearch.core.xcontent.XContentBuilder	Upstream administration, storage, permission, registration, timing, or configuration. Listed embedded calculations are separately mapped.
e33c62506efcb15ae795847484357704b539bcf1	src/main/java/org/opensearch/securityanalytics/action/AckCorrelationAlertsAction.java	host administration or wire adapter	host	AckCorrelationAlertsAction	AckCorrelationAlertsResponse	org.opensearch.action.ActionType	Upstream administration, storage, permission, registration, timing, or configuration. Listed embedded calculations are separately mapped.
e33c62506efcb15ae795847484357704b539bcf1	src/main/java/org/opensearch/securityanalytics/action/AckCorrelationAlertsRequest.java	host administration or wire adapter	host	AckCorrelationAlertsRequest;getCorrelationAlertIds;readFrom;toXContent;validate;writeTo	AckAlertsRequest	org.opensearch.action.ActionRequest;org.opensearch.action.ActionRequestValidationException;org.opensearch.action.ValidateActions;org.opensearch.core.common.io.stream.StreamInput;org.opensearch.core.common.io.stream.StreamOutput;org.opensearch.core.xcontent.ToXContent;org.opensearch.core.xcontent.XContentBuilder	Upstream administration, storage, permission, registration, timing, or configuration. Listed embedded calculations are separately mapped.
e33c62506efcb15ae795847484357704b539bcf1	src/main/java/org/opensearch/securityanalytics/action/AckCorrelationAlertsResponse.java	host administration or wire adapter	host	AckCorrelationAlertsResponse;getAcknowledged;getFailed;toXContent;writeTo		org.opensearch.commons.alerting.model.CorrelationAlert;org.opensearch.core.action.ActionResponse;org.opensearch.core.common.io.stream.StreamInput;org.opensearch.core.common.io.stream.StreamOutput;org.opensearch.core.xcontent.ToXContentObject;org.opensearch.core.xcontent.XContentBuilder	Upstream administration, storage, permission, registration, timing, or configuration. Listed embedded calculations are separately mapped.
e33c62506efcb15ae795847484357704b539bcf1	src/main/java/org/opensearch/securityanalytics/action/AlertDto.java	host administration or wire adapter	host	AlertDto;getAcknowledgedTime;getActionExecutionResults;getAggregationResultBucket;getDetectorId;getEndTime;getErrorHistory;getErrorMessage;getFindingIds;getId;getLastNotificationTime;getRelatedDocIds;getSchemaVersion;getSeverity;getStartTime;getState;getTriggerId;getTriggerName;getVersion;readFrom;toXContent;writeTo		org.opensearch.common.lucene.uid.Versions;org.opensearch.commons.alerting.alerts.AlertError;org.opensearch.commons.alerting.model.ActionExecutionResult;org.opensearch.commons.alerting.model.AggregationResultBucket;org.opensearch.commons.alerting.model.Alert;org.opensearch.core.common.io.stream.StreamInput;org.opensearch.core.common.io.stream.StreamOutput;org.opensearch.core.common.io.stream.Writeable;org.opensearch.core.xcontent.ToXContentObject;org.opensearch.core.xcontent.XContentBuilder	Upstream administration, storage, permission, registration, timing, or configuration. Listed embedded calculations are separately mapped.
e33c62506efcb15ae795847484357704b539bcf1	src/main/java/org/opensearch/securityanalytics/action/CorrelatedFindingAction.java	host administration or wire adapter	host	CorrelatedFindingAction	CorrelatedFindingResponse	org.opensearch.action.ActionType	Upstream administration, storage, permission, registration, timing, or configuration. Listed embedded calculations are separately mapped.
e33c62506efcb15ae795847484357704b539bcf1	src/main/java/org/opensearch/securityanalytics/action/CorrelatedFindingRequest.java	host administration or wire adapter	host	CorrelatedFindingRequest;getDetectorType;getFindingId;getNoOfNearbyFindings;getTimeWindow;validate;writeTo	Detector	org.opensearch.action.ActionRequest;org.opensearch.action.ActionRequestValidationException;org.opensearch.core.common.io.stream.StreamInput;org.opensearch.core.common.io.stream.StreamOutput	Upstream administration, storage, permission, registration, timing, or configuration. Listed embedded calculations are separately mapped.
e33c62506efcb15ae795847484357704b539bcf1	src/main/java/org/opensearch/securityanalytics/action/CorrelatedFindingResponse.java	host administration or wire adapter	host	CorrelatedFindingResponse;toXContent;writeTo	FindingWithScore	org.opensearch.core.action.ActionResponse;org.opensearch.core.common.io.stream.StreamInput;org.opensearch.core.common.io.stream.StreamOutput;org.opensearch.core.xcontent.ToXContentObject;org.opensearch.core.xcontent.XContentBuilder	Upstream administration, storage, permission, registration, timing, or configuration. Listed embedded calculations are separately mapped.
e33c62506efcb15ae795847484357704b539bcf1	src/main/java/org/opensearch/securityanalytics/action/CreateIndexMappingsAction.java	host administration or wire adapter	host	CreateIndexMappingsAction		org.opensearch.action.ActionType;org.opensearch.action.support.clustermanager.AcknowledgedResponse	Upstream administration, storage, permission, registration, timing, or configuration. Listed embedded calculations are separately mapped.
e33c62506efcb15ae795847484357704b539bcf1	src/main/java/org/opensearch/securityanalytics/action/CreateIndexMappingsRequest.java	host administration or wire adapter	host	CreateIndexMappingsRequest;aliasMappings;getAliasMappings;getIndexName;getPartial;getRuleTopic;indexName;parse;partial;ruleTopic;setAliasMappings;setIndexName;setPartial;setRuleTopic;toXContent;validate;writeTo		org.apache.logging.log4j.LogManager;org.apache.logging.log4j.Logger;org.opensearch.action.ActionRequest;org.opensearch.action.ActionRequestValidationException;org.opensearch.action.ValidateActions.addValidationError;org.opensearch.common.xcontent.XContentFactory;org.opensearch.core.common.Strings;org.opensearch.core.common.io.stream.StreamInput;org.opensearch.core.common.io.stream.StreamOutput;org.opensearch.core.xcontent.MediaTypeRegistry;org.opensearch.core.xcontent.ToXContentObject;org.opensearch.core.xcontent.XContentBuilder;org.opensearch.core.xcontent.XContentParser;org.opensearch.core.xcontent.XContentParserUtils	Upstream administration, storage, permission, registration, timing, or configuration. Listed embedded calculations are separately mapped.
e33c62506efcb15ae795847484357704b539bcf1	src/main/java/org/opensearch/securityanalytics/action/DeleteCorrelationRuleAction.java	host administration or wire adapter	host	DeleteCorrelationRuleAction		org.opensearch.action.ActionType;org.opensearch.action.support.clustermanager.AcknowledgedResponse	Upstream administration, storage, permission, registration, timing, or configuration. Listed embedded calculations are separately mapped.
e33c62506efcb15ae795847484357704b539bcf1	src/main/java/org/opensearch/securityanalytics/action/DeleteCorrelationRuleRequest.java	host administration or wire adapter	host	DeleteCorrelationRuleRequest;getCorrelationRuleId;getRefreshPolicy;validate;writeTo	CorrelationRule;Rule	org.opensearch.action.ActionRequest;org.opensearch.action.ActionRequestValidationException;org.opensearch.action.ValidateActions;org.opensearch.action.support.WriteRequest;org.opensearch.core.common.io.stream.StreamInput;org.opensearch.core.common.io.stream.StreamOutput;org.opensearch.rest.RestRequest	Upstream administration, storage, permission, registration, timing, or configuration. Listed embedded calculations are separately mapped.
e33c62506efcb15ae795847484357704b539bcf1	src/main/java/org/opensearch/securityanalytics/action/DeleteCustomLogTypeAction.java	host administration or wire adapter	host	DeleteCustomLogTypeAction	DeleteCustomLogTypeResponse	org.opensearch.action.ActionType	Upstream administration, storage, permission, registration, timing, or configuration. Listed embedded calculations are separately mapped.
e33c62506efcb15ae795847484357704b539bcf1	src/main/java/org/opensearch/securityanalytics/action/DeleteCustomLogTypeRequest.java	host administration or wire adapter	host	DeleteCustomLogTypeRequest;getLogTypeId;getRefreshPolicy;validate;writeTo		org.opensearch.action.ActionRequest;org.opensearch.action.ActionRequestValidationException;org.opensearch.action.support.WriteRequest;org.opensearch.core.common.io.stream.StreamInput;org.opensearch.core.common.io.stream.StreamOutput	Upstream administration, storage, permission, registration, timing, or configuration. Listed embedded calculations are separately mapped.
e33c62506efcb15ae795847484357704b539bcf1	src/main/java/org/opensearch/securityanalytics/action/DeleteCustomLogTypeResponse.java	host administration or wire adapter	host	DeleteCustomLogTypeResponse;toXContent;writeTo	RestHandlerUtils	org.opensearch.core.action.ActionResponse;org.opensearch.core.common.io.stream.StreamInput;org.opensearch.core.common.io.stream.StreamOutput;org.opensearch.core.rest.RestStatus;org.opensearch.core.xcontent.ToXContentObject;org.opensearch.core.xcontent.XContentBuilder	Upstream administration, storage, permission, registration, timing, or configuration. Listed embedded calculations are separately mapped.
e33c62506efcb15ae795847484357704b539bcf1	src/main/java/org/opensearch/securityanalytics/action/DeleteDetectorAction.java	host administration or wire adapter	host	DeleteDetectorAction	DeleteDetectorResponse	org.opensearch.action.ActionType	Upstream administration, storage, permission, registration, timing, or configuration. Listed embedded calculations are separately mapped.
e33c62506efcb15ae795847484357704b539bcf1	src/main/java/org/opensearch/securityanalytics/action/DeleteDetectorRequest.java	host administration or wire adapter	host	DeleteDetectorRequest;getDetectorId;getRefreshPolicy;validate;writeTo		org.opensearch.action.ActionRequest;org.opensearch.action.ActionRequestValidationException;org.opensearch.action.support.WriteRequest;org.opensearch.core.common.io.stream.StreamInput;org.opensearch.core.common.io.stream.StreamOutput	Upstream administration, storage, permission, registration, timing, or configuration. Listed embedded calculations are separately mapped.
e33c62506efcb15ae795847484357704b539bcf1	src/main/java/org/opensearch/securityanalytics/action/DeleteDetectorResponse.java	host administration or wire adapter	host	DeleteDetectorResponse;getId;toXContent;writeTo	RestHandlerUtils	org.opensearch.core.action.ActionResponse;org.opensearch.core.common.io.stream.StreamInput;org.opensearch.core.common.io.stream.StreamOutput;org.opensearch.core.rest.RestStatus;org.opensearch.core.xcontent.ToXContentObject;org.opensearch.core.xcontent.XContentBuilder	Upstream administration, storage, permission, registration, timing, or configuration. Listed embedded calculations are separately mapped.
e33c62506efcb15ae795847484357704b539bcf1	src/main/java/org/opensearch/securityanalytics/action/DeleteRuleAction.java	host administration or wire adapter	host	DeleteRuleAction	DeleteRuleResponse	org.opensearch.action.ActionType	Upstream administration, storage, permission, registration, timing, or configuration. Listed embedded calculations are separately mapped.
e33c62506efcb15ae795847484357704b539bcf1	src/main/java/org/opensearch/securityanalytics/action/DeleteRuleRequest.java	host administration or wire adapter	host	DeleteRuleRequest;getRefreshPolicy;getRuleId;isForced;validate;writeTo		org.opensearch.action.ActionRequest;org.opensearch.action.ActionRequestValidationException;org.opensearch.action.support.WriteRequest;org.opensearch.core.common.io.stream.StreamInput;org.opensearch.core.common.io.stream.StreamOutput	Upstream administration, storage, permission, registration, timing, or configuration. Listed embedded calculations are separately mapped.
e33c62506efcb15ae795847484357704b539bcf1	src/main/java/org/opensearch/securityanalytics/action/DeleteRuleResponse.java	host administration or wire adapter	host	DeleteRuleResponse;toXContent;writeTo	RestHandlerUtils	org.opensearch.core.action.ActionResponse;org.opensearch.core.common.io.stream.StreamInput;org.opensearch.core.common.io.stream.StreamOutput;org.opensearch.core.rest.RestStatus;org.opensearch.core.xcontent.ToXContentObject;org.opensearch.core.xcontent.XContentBuilder	Upstream administration, storage, permission, registration, timing, or configuration. Listed embedded calculations are separately mapped.
e33c62506efcb15ae795847484357704b539bcf1	src/main/java/org/opensearch/securityanalytics/action/FindingDto.java	host administration or wire adapter	host	FindingDto;getDetectorId;getDocLevelQueries;getDocuments;getId;getIndex;getRelatedDocIds;getTimestamp;toXContent;writeTo		org.opensearch.commons.alerting.model.DocLevelQuery;org.opensearch.commons.alerting.model.FindingDocument;org.opensearch.commons.alerting.model.FindingWithDocs;org.opensearch.core.common.io.stream.StreamInput;org.opensearch.core.common.io.stream.StreamOutput;org.opensearch.core.common.io.stream.Writeable;org.opensearch.core.xcontent.ToXContent;org.opensearch.core.xcontent.ToXContentObject;org.opensearch.core.xcontent.XContentBuilder	Upstream administration, storage, permission, registration, timing, or configuration. Listed embedded calculations are separately mapped.
e33c62506efcb15ae795847484357704b539bcf1	src/main/java/org/opensearch/securityanalytics/action/GetAlertsAction.java	host administration or wire adapter	host	GetAlertsAction	GetAlertsResponse	org.opensearch.action.ActionType	Upstream administration, storage, permission, registration, timing, or configuration. Listed embedded calculations are separately mapped.
e33c62506efcb15ae795847484357704b539bcf1	src/main/java/org/opensearch/securityanalytics/action/GetAlertsRequest.java	host administration or wire adapter	host	GetAlertsRequest;getAlertState;getDetectorId;getEndTime;getLogType;getSeverityLevel;getStartTime;getTable;validate;writeTo	Detector	org.opensearch.action.ActionRequest;org.opensearch.action.ActionRequestValidationException;org.opensearch.action.ValidateActions.addValidationError;org.opensearch.commons.alerting.model.Table;org.opensearch.core.common.io.stream.StreamInput;org.opensearch.core.common.io.stream.StreamOutput	Upstream administration, storage, permission, registration, timing, or configuration. Listed embedded calculations are separately mapped.
e33c62506efcb15ae795847484357704b539bcf1	src/main/java/org/opensearch/securityanalytics/action/GetAlertsResponse.java	host administration or wire adapter	host	GetAlertsResponse;getAlerts;getTotalAlerts;toXContent;writeTo	AlertDto;Detector	org.opensearch.commons.alerting.model.Alert;org.opensearch.commons.alerting.model.FindingWithDocs;org.opensearch.core.action.ActionResponse;org.opensearch.core.common.io.stream.StreamInput;org.opensearch.core.common.io.stream.StreamOutput;org.opensearch.core.rest.RestStatus;org.opensearch.core.xcontent.ToXContentObject;org.opensearch.core.xcontent.XContentBuilder	Upstream administration, storage, permission, registration, timing, or configuration. Listed embedded calculations are separately mapped.
e33c62506efcb15ae795847484357704b539bcf1	src/main/java/org/opensearch/securityanalytics/action/GetAllRuleCategoriesAction.java	host administration or wire adapter	host	GetAllRuleCategoriesAction	GetAllRuleCategoriesResponse	org.opensearch.action.ActionType	Upstream administration, storage, permission, registration, timing, or configuration. Listed embedded calculations are separately mapped.
e33c62506efcb15ae795847484357704b539bcf1	src/main/java/org/opensearch/securityanalytics/action/GetAllRuleCategoriesRequest.java	host administration or wire adapter	host	GetAllRuleCategoriesRequest;validate;writeTo		org.opensearch.action.ActionRequest;org.opensearch.action.ActionRequestValidationException;org.opensearch.core.common.io.stream.StreamInput;org.opensearch.core.common.io.stream.StreamOutput	Upstream administration, storage, permission, registration, timing, or configuration. Listed embedded calculations are separately mapped.
e33c62506efcb15ae795847484357704b539bcf1	src/main/java/org/opensearch/securityanalytics/action/GetAllRuleCategoriesResponse.java	host administration or wire adapter	host	GetAllRuleCategoriesResponse;toXContent;writeTo	RuleCategory	org.opensearch.core.action.ActionResponse;org.opensearch.core.common.io.stream.StreamInput;org.opensearch.core.common.io.stream.StreamOutput;org.opensearch.core.xcontent.ToXContentObject;org.opensearch.core.xcontent.XContentBuilder	Upstream administration, storage, permission, registration, timing, or configuration. Listed embedded calculations are separately mapped.
e33c62506efcb15ae795847484357704b539bcf1	src/main/java/org/opensearch/securityanalytics/action/GetCorrelationAlertsAction.java	host administration or wire adapter	host	GetCorrelationAlertsAction	GetCorrelationAlertsResponse	org.opensearch.action.ActionType	Upstream administration, storage, permission, registration, timing, or configuration. Listed embedded calculations are separately mapped.
e33c62506efcb15ae795847484357704b539bcf1	src/main/java/org/opensearch/securityanalytics/action/GetCorrelationAlertsRequest.java	host administration or wire adapter	host	GetCorrelationAlertsRequest;getAlertState;getCorrelationRuleId;getCorrelationRuleName;getEndTime;getSeverityLevel;getStartTime;getTable;validate;writeTo		org.opensearch.action.ActionRequest;org.opensearch.action.ActionRequestValidationException;org.opensearch.action.ValidateActions.addValidationError;org.opensearch.commons.alerting.model.Table;org.opensearch.core.common.io.stream.StreamInput;org.opensearch.core.common.io.stream.StreamOutput	Upstream administration, storage, permission, registration, timing, or configuration. Listed embedded calculations are separately mapped.
e33c62506efcb15ae795847484357704b539bcf1	src/main/java/org/opensearch/securityanalytics/action/GetCorrelationAlertsResponse.java	host administration or wire adapter	host	GetCorrelationAlertsResponse;toXContent;writeTo		org.apache.logging.log4j.LogManager;org.apache.logging.log4j.Logger;org.opensearch.commons.alerting.model.CorrelationAlert;org.opensearch.core.action.ActionResponse;org.opensearch.core.common.io.stream.StreamInput;org.opensearch.core.common.io.stream.StreamOutput;org.opensearch.core.xcontent.ToXContentObject;org.opensearch.core.xcontent.XContentBuilder	Upstream administration, storage, permission, registration, timing, or configuration. Listed embedded calculations are separately mapped.
e33c62506efcb15ae795847484357704b539bcf1	src/main/java/org/opensearch/securityanalytics/action/GetDetectorAction.java	host administration or wire adapter	host	GetDetectorAction	GetDetectorResponse	org.opensearch.action.ActionType	Upstream administration, storage, permission, registration, timing, or configuration. Listed embedded calculations are separately mapped.
e33c62506efcb15ae795847484357704b539bcf1	src/main/java/org/opensearch/securityanalytics/action/GetDetectorRequest.java	host administration or wire adapter	host	GetDetectorRequest;getDetectorId;getVersion;validate;writeTo		org.opensearch.action.ActionRequest;org.opensearch.action.ActionRequestValidationException;org.opensearch.action.ValidateActions.addValidationError;org.opensearch.core.common.io.stream.StreamInput;org.opensearch.core.common.io.stream.StreamOutput;org.opensearch.core.xcontent.XContentParser;org.opensearch.core.xcontent.XContentParserUtils	Upstream administration, storage, permission, registration, timing, or configuration. Listed embedded calculations are separately mapped.
e33c62506efcb15ae795847484357704b539bcf1	src/main/java/org/opensearch/securityanalytics/action/GetDetectorResponse.java	host administration or wire adapter	host	GetDetectorResponse;getDetector;getId;getStatus;getVersion;toXContent;writeTo	Detector;RestHandlerUtils	org.opensearch.core.action.ActionResponse;org.opensearch.core.common.io.stream.StreamInput;org.opensearch.core.common.io.stream.StreamOutput;org.opensearch.core.rest.RestStatus;org.opensearch.core.xcontent.ToXContentObject;org.opensearch.core.xcontent.XContentBuilder	Upstream administration, storage, permission, registration, timing, or configuration. Listed embedded calculations are separately mapped.
e33c62506efcb15ae795847484357704b539bcf1	src/main/java/org/opensearch/securityanalytics/action/GetFindingsAction.java	host administration or wire adapter	host	GetFindingsAction	GetFindingsResponse	org.opensearch.action.ActionType	Upstream administration, storage, permission, registration, timing, or configuration. Listed embedded calculations are separately mapped.
e33c62506efcb15ae795847484357704b539bcf1	src/main/java/org/opensearch/securityanalytics/action/GetFindingsRequest.java	host administration or wire adapter	host	GetFindingsRequest;getDetectionType;getDetectorId;getEndTime;getFindingIds;getLogType;getSeverity;getStartTime;getTable;validate;writeTo	Detector	org.opensearch.action.ActionRequest;org.opensearch.action.ActionRequestValidationException;org.opensearch.action.ValidateActions.addValidationError;org.opensearch.commons.alerting.model.Table;org.opensearch.core.common.io.stream.StreamInput;org.opensearch.core.common.io.stream.StreamOutput	Upstream administration, storage, permission, registration, timing, or configuration. Listed embedded calculations are separately mapped.
e33c62506efcb15ae795847484357704b539bcf1	src/main/java/org/opensearch/securityanalytics/action/GetFindingsResponse.java	host administration or wire adapter	host	GetFindingsResponse;getFindings;getTotalFindings;toXContent;writeTo	Detector;FindingDto;RestHandlerUtils	org.opensearch.commons.alerting.model.FindingWithDocs;org.opensearch.core.action.ActionResponse;org.opensearch.core.common.io.stream.StreamInput;org.opensearch.core.common.io.stream.StreamOutput;org.opensearch.core.rest.RestStatus;org.opensearch.core.xcontent.ToXContentObject;org.opensearch.core.xcontent.XContentBuilder	Upstream administration, storage, permission, registration, timing, or configuration. Listed embedded calculations are separately mapped.
e33c62506efcb15ae795847484357704b539bcf1	src/main/java/org/opensearch/securityanalytics/action/GetIndexMappingsAction.java	host administration or wire adapter	host	GetIndexMappingsAction	GetIndexMappingsResponse	org.opensearch.action.ActionType	Upstream administration, storage, permission, registration, timing, or configuration. Listed embedded calculations are separately mapped.
e33c62506efcb15ae795847484357704b539bcf1	src/main/java/org/opensearch/securityanalytics/action/GetIndexMappingsRequest.java	host administration or wire adapter	host	GetIndexMappingsRequest;getIndexName;indexName;parse;setIndexName;validate;writeTo		org.opensearch.action.ActionRequest;org.opensearch.action.ActionRequestValidationException;org.opensearch.action.ValidateActions.addValidationError;org.opensearch.core.common.io.stream.StreamInput;org.opensearch.core.common.io.stream.StreamOutput;org.opensearch.core.xcontent.XContentParser;org.opensearch.core.xcontent.XContentParserUtils	Upstream administration, storage, permission, registration, timing, or configuration. Listed embedded calculations are separately mapped.
e33c62506efcb15ae795847484357704b539bcf1	src/main/java/org/opensearch/securityanalytics/action/GetIndexMappingsResponse.java	host administration or wire adapter	host	GetIndexMappingsResponse;equals;getMappings;hashCode;mappings;toString;toXContent;writeTo	MapperService	org.opensearch.Version;org.opensearch.cluster.metadata.MappingMetadata;org.opensearch.common.xcontent.XContentType;org.opensearch.core.ParseField;org.opensearch.core.action.ActionResponse;org.opensearch.core.common.Strings;org.opensearch.core.common.io.stream.StreamInput;org.opensearch.core.common.io.stream.StreamOutput;org.opensearch.core.xcontent.ToXContentObject;org.opensearch.core.xcontent.XContentBuilder;org.opensearch.index.mapper.MapperService	Upstream administration, storage, permission, registration, timing, or configuration. Listed embedded calculations are separately mapped.
e33c62506efcb15ae795847484357704b539bcf1	src/main/java/org/opensearch/securityanalytics/action/GetMappingsViewAction.java	host administration or wire adapter	host	GetMappingsViewAction	GetMappingsViewResponse	org.opensearch.action.ActionType	Upstream administration, storage, permission, registration, timing, or configuration. Listed embedded calculations are separately mapped.
e33c62506efcb15ae795847484357704b539bcf1	src/main/java/org/opensearch/securityanalytics/action/GetMappingsViewRequest.java	host administration or wire adapter	host	GetMappingsViewRequest;getIndexName;getRuleTopic;indexName;parse;ruleTopic;setRuleTopic;validate;writeTo		org.opensearch.action.ActionRequest;org.opensearch.action.ActionRequestValidationException;org.opensearch.action.ValidateActions.addValidationError;org.opensearch.core.common.io.stream.StreamInput;org.opensearch.core.common.io.stream.StreamOutput;org.opensearch.core.xcontent.XContentParser;org.opensearch.core.xcontent.XContentParserUtils	Upstream administration, storage, permission, registration, timing, or configuration. Listed embedded calculations are separately mapped.
e33c62506efcb15ae795847484357704b539bcf1	src/main/java/org/opensearch/securityanalytics/action/GetMappingsViewResponse.java	host administration or wire adapter	host	GetMappingsViewResponse;aliasMappings;equals;getAliasMappings;getUnmappedFieldAliases;getUnmappedIndexFields;hashCode;toString;toXContent;unmappedFieldAliases;unmappedIndexFields;writeTo	LogType;MapperUtils	org.opensearch.common.xcontent.XContentType;org.opensearch.core.action.ActionResponse;org.opensearch.core.common.Strings;org.opensearch.core.common.io.stream.StreamInput;org.opensearch.core.common.io.stream.StreamOutput;org.opensearch.core.common.io.stream.Writeable;org.opensearch.core.xcontent.ToXContentObject;org.opensearch.core.xcontent.XContentBuilder	Upstream administration, storage, permission, registration, timing, or configuration. Listed embedded calculations are separately mapped.
e33c62506efcb15ae795847484357704b539bcf1	src/main/java/org/opensearch/securityanalytics/action/IndexCorrelationRuleAction.java	host administration or wire adapter	host	IndexCorrelationRuleAction	IndexCorrelationRuleResponse	org.opensearch.action.ActionType	Upstream administration, storage, permission, registration, timing, or configuration. Listed embedded calculations are separately mapped.
e33c62506efcb15ae795847484357704b539bcf1	src/main/java/org/opensearch/securityanalytics/action/IndexCorrelationRuleRequest.java	host administration or wire adapter	host	IndexCorrelationRuleRequest;getCorrelationRule;getCorrelationRuleId;getMethod;validate;writeTo	CorrelationRule	org.opensearch.action.ActionRequest;org.opensearch.action.ActionRequestValidationException;org.opensearch.core.common.io.stream.StreamInput;org.opensearch.core.common.io.stream.StreamOutput;org.opensearch.rest.RestRequest	Upstream administration, storage, permission, registration, timing, or configuration. Listed embedded calculations are separately mapped.
e33c62506efcb15ae795847484357704b539bcf1	src/main/java/org/opensearch/securityanalytics/action/IndexCorrelationRuleResponse.java	host administration or wire adapter	host	IndexCorrelationRuleResponse;getId;getStatus;toXContent;writeTo	CorrelationRule	org.opensearch.core.action.ActionResponse;org.opensearch.core.common.io.stream.StreamInput;org.opensearch.core.common.io.stream.StreamOutput;org.opensearch.core.rest.RestStatus;org.opensearch.core.xcontent.ToXContentObject;org.opensearch.core.xcontent.XContentBuilder	Upstream administration, storage, permission, registration, timing, or configuration. Listed embedded calculations are separately mapped.
e33c62506efcb15ae795847484357704b539bcf1	src/main/java/org/opensearch/securityanalytics/action/IndexCustomLogTypeAction.java	host administration or wire adapter	host	IndexCustomLogTypeAction	IndexCustomLogTypeResponse	org.opensearch.action.ActionType	Upstream administration, storage, permission, registration, timing, or configuration. Listed embedded calculations are separately mapped.
e33c62506efcb15ae795847484357704b539bcf1	src/main/java/org/opensearch/securityanalytics/action/IndexCustomLogTypeRequest.java	host administration or wire adapter	host	IndexCustomLogTypeRequest;getCustomLogType;getLogTypeId;getMethod;getRefreshPolicy;validate;writeTo	CustomLogType	org.opensearch.action.ActionRequest;org.opensearch.action.ActionRequestValidationException;org.opensearch.action.support.WriteRequest;org.opensearch.core.common.io.stream.StreamInput;org.opensearch.core.common.io.stream.StreamOutput;org.opensearch.rest.RestRequest	Upstream administration, storage, permission, registration, timing, or configuration. Listed embedded calculations are separately mapped.
e33c62506efcb15ae795847484357704b539bcf1	src/main/java/org/opensearch/securityanalytics/action/IndexCustomLogTypeResponse.java	host administration or wire adapter	host	IndexCustomLogTypeResponse;getId;toXContent;writeTo	CustomLogType;RestHandlerUtils	org.opensearch.core.action.ActionResponse;org.opensearch.core.common.io.stream.StreamInput;org.opensearch.core.common.io.stream.StreamOutput;org.opensearch.core.rest.RestStatus;org.opensearch.core.xcontent.ToXContentObject;org.opensearch.core.xcontent.XContentBuilder	Upstream administration, storage, permission, registration, timing, or configuration. Listed embedded calculations are separately mapped.
e33c62506efcb15ae795847484357704b539bcf1	src/main/java/org/opensearch/securityanalytics/action/IndexDetectorAction.java	host administration or wire adapter	host	IndexDetectorAction	IndexDetectorResponse	org.opensearch.action.ActionType	Upstream administration, storage, permission, registration, timing, or configuration. Listed embedded calculations are separately mapped.
e33c62506efcb15ae795847484357704b539bcf1	src/main/java/org/opensearch/securityanalytics/action/IndexDetectorRequest.java	host administration or wire adapter	host	IndexDetectorRequest;getDetector;getDetectorId;getMethod;getRefreshPolicy;validate;writeTo	Detector	org.opensearch.action.ActionRequest;org.opensearch.action.ActionRequestValidationException;org.opensearch.action.support.WriteRequest;org.opensearch.core.common.io.stream.StreamInput;org.opensearch.core.common.io.stream.StreamOutput;org.opensearch.rest.RestRequest	Upstream administration, storage, permission, registration, timing, or configuration. Listed embedded calculations are separately mapped.
e33c62506efcb15ae795847484357704b539bcf1	src/main/java/org/opensearch/securityanalytics/action/IndexDetectorResponse.java	host administration or wire adapter	host	IndexDetectorResponse;getDetector;getId;getStatus;getVersion;toXContent;writeTo	Detector;RestHandlerUtils	org.opensearch.core.action.ActionResponse;org.opensearch.core.common.io.stream.StreamInput;org.opensearch.core.common.io.stream.StreamOutput;org.opensearch.core.rest.RestStatus;org.opensearch.core.xcontent.ToXContentObject;org.opensearch.core.xcontent.XContentBuilder	Upstream administration, storage, permission, registration, timing, or configuration. Listed embedded calculations are separately mapped.
e33c62506efcb15ae795847484357704b539bcf1	src/main/java/org/opensearch/securityanalytics/action/IndexRuleAction.java	host administration or wire adapter	host	IndexRuleAction	IndexRuleResponse	org.opensearch.action.ActionType	Upstream administration, storage, permission, registration, timing, or configuration. Listed embedded calculations are separately mapped.
e33c62506efcb15ae795847484357704b539bcf1	src/main/java/org/opensearch/securityanalytics/action/IndexRuleRequest.java	host administration or wire adapter	host	IndexRuleRequest;getLogType;getMethod;getRefreshPolicy;getRule;getRuleId;isForced;validate;writeTo	Detector	org.opensearch.action.ActionRequest;org.opensearch.action.ActionRequestValidationException;org.opensearch.action.ValidateActions.addValidationError;org.opensearch.action.support.WriteRequest;org.opensearch.core.common.io.stream.StreamInput;org.opensearch.core.common.io.stream.StreamOutput;org.opensearch.rest.RestRequest	Upstream administration, storage, permission, registration, timing, or configuration. Listed embedded calculations are separately mapped.
e33c62506efcb15ae795847484357704b539bcf1	src/main/java/org/opensearch/securityanalytics/action/IndexRuleResponse.java	host administration or wire adapter	host	IndexRuleResponse;getId;toXContent;writeTo	Detector;RestHandlerUtils;Rule	org.opensearch.core.action.ActionResponse;org.opensearch.core.common.io.stream.StreamInput;org.opensearch.core.common.io.stream.StreamOutput;org.opensearch.core.rest.RestStatus;org.opensearch.core.xcontent.ToXContentObject;org.opensearch.core.xcontent.XContentBuilder	Upstream administration, storage, permission, registration, timing, or configuration. Listed embedded calculations are separately mapped.
e33c62506efcb15ae795847484357704b539bcf1	src/main/java/org/opensearch/securityanalytics/action/ListCorrelationsAction.java	host administration or wire adapter	host	ListCorrelationsAction	ListCorrelationsResponse	org.opensearch.action.ActionType	Upstream administration, storage, permission, registration, timing, or configuration. Listed embedded calculations are separately mapped.
e33c62506efcb15ae795847484357704b539bcf1	src/main/java/org/opensearch/securityanalytics/action/ListCorrelationsRequest.java	host administration or wire adapter	host	ListCorrelationsRequest;getEndTimestamp;getStartTimestamp;validate;writeTo		org.opensearch.action.ActionRequest;org.opensearch.action.ActionRequestValidationException;org.opensearch.core.common.io.stream.StreamInput;org.opensearch.core.common.io.stream.StreamOutput	Upstream administration, storage, permission, registration, timing, or configuration. Listed embedded calculations are separately mapped.
e33c62506efcb15ae795847484357704b539bcf1	src/main/java/org/opensearch/securityanalytics/action/ListCorrelationsResponse.java	host administration or wire adapter	host	ListCorrelationsResponse;toXContent;writeTo	CorrelatedFinding	org.opensearch.core.action.ActionResponse;org.opensearch.core.common.io.stream.StreamInput;org.opensearch.core.common.io.stream.StreamOutput;org.opensearch.core.xcontent.ToXContentObject;org.opensearch.core.xcontent.XContentBuilder	Upstream administration, storage, permission, registration, timing, or configuration. Listed embedded calculations are separately mapped.
e33c62506efcb15ae795847484357704b539bcf1	src/main/java/org/opensearch/securityanalytics/action/SearchCorrelationRuleAction.java	host administration or wire adapter	host	SearchCorrelationRuleAction		org.opensearch.action.ActionType;org.opensearch.action.search.SearchResponse	Upstream administration, storage, permission, registration, timing, or configuration. Listed embedded calculations are separately mapped.
e33c62506efcb15ae795847484357704b539bcf1	src/main/java/org/opensearch/securityanalytics/action/SearchCorrelationRuleRequest.java	host administration or wire adapter	host	SearchCorrelationRuleRequest;getSearchRequest;validate;writeTo		org.opensearch.action.ActionRequest;org.opensearch.action.ActionRequestValidationException;org.opensearch.action.search.SearchRequest;org.opensearch.core.common.io.stream.StreamInput;org.opensearch.core.common.io.stream.StreamOutput	Upstream administration, storage, permission, registration, timing, or configuration. Listed embedded calculations are separately mapped.
e33c62506efcb15ae795847484357704b539bcf1	src/main/java/org/opensearch/securityanalytics/action/SearchCustomLogTypeAction.java	host administration or wire adapter	host	SearchCustomLogTypeAction		org.opensearch.action.ActionType;org.opensearch.action.search.SearchResponse	Upstream administration, storage, permission, registration, timing, or configuration. Listed embedded calculations are separately mapped.
e33c62506efcb15ae795847484357704b539bcf1	src/main/java/org/opensearch/securityanalytics/action/SearchCustomLogTypeRequest.java	host administration or wire adapter	host	SearchCustomLogTypeRequest;searchRequest;validate;writeTo		org.opensearch.action.ActionRequest;org.opensearch.action.ActionRequestValidationException;org.opensearch.action.search.SearchRequest;org.opensearch.core.common.io.stream.StreamInput;org.opensearch.core.common.io.stream.StreamOutput	Upstream administration, storage, permission, registration, timing, or configuration. Listed embedded calculations are separately mapped.
e33c62506efcb15ae795847484357704b539bcf1	src/main/java/org/opensearch/securityanalytics/action/SearchDetectorAction.java	host administration or wire adapter	host	SearchDetectorAction		org.opensearch.action.ActionType;org.opensearch.action.search.SearchResponse	Upstream administration, storage, permission, registration, timing, or configuration. Listed embedded calculations are separately mapped.
e33c62506efcb15ae795847484357704b539bcf1	src/main/java/org/opensearch/securityanalytics/action/SearchDetectorRequest.java	host administration or wire adapter	host	SearchDetectorRequest;searchRequest;validate;writeTo		org.opensearch.action.ActionRequest;org.opensearch.action.ActionRequestValidationException;org.opensearch.action.search.SearchRequest;org.opensearch.core.common.io.stream.StreamInput;org.opensearch.core.common.io.stream.StreamOutput	Upstream administration, storage, permission, registration, timing, or configuration. Listed embedded calculations are separately mapped.
e33c62506efcb15ae795847484357704b539bcf1	src/main/java/org/opensearch/securityanalytics/action/SearchRuleAction.java	host administration or wire adapter	host	SearchRuleAction		org.opensearch.action.ActionType;org.opensearch.action.search.SearchResponse	Upstream administration, storage, permission, registration, timing, or configuration. Listed embedded calculations are separately mapped.
e33c62506efcb15ae795847484357704b539bcf1	src/main/java/org/opensearch/securityanalytics/action/SearchRuleRequest.java	host administration or wire adapter	host	SearchRuleRequest;getSearchRequest;isPrepackaged;validate;writeTo		org.opensearch.action.ActionRequest;org.opensearch.action.ActionRequestValidationException;org.opensearch.action.search.SearchRequest;org.opensearch.core.common.io.stream.StreamInput;org.opensearch.core.common.io.stream.StreamOutput	Upstream administration, storage, permission, registration, timing, or configuration. Listed embedded calculations are separately mapped.
e33c62506efcb15ae795847484357704b539bcf1	src/main/java/org/opensearch/securityanalytics/action/TestS3ConnectionAction.java	host administration or wire adapter	host	TestS3ConnectionAction	TestS3ConnectionResponse	org.opensearch.action.ActionType	Upstream administration, storage, permission, registration, timing, or configuration. Listed embedded calculations are separately mapped.
e33c62506efcb15ae795847484357704b539bcf1	src/main/java/org/opensearch/securityanalytics/action/TestS3ConnectionRequest.java	host administration or wire adapter	host	TestS3ConnectionRequest;constructS3ConnectorConfig;getS3Source;parse;toXContent;validate;writeTo	S3Source	org.opensearch.action.ActionRequest;org.opensearch.action.ActionRequestValidationException;org.opensearch.action.ValidateActions;org.opensearch.core.common.io.stream.StreamInput;org.opensearch.core.common.io.stream.StreamOutput;org.opensearch.core.xcontent.ToXContentObject;org.opensearch.core.xcontent.XContentBuilder;org.opensearch.core.xcontent.XContentParser;org.opensearch.securityanalytics.commons.connector.model.S3ConnectorConfig	Upstream administration, storage, permission, registration, timing, or configuration. Listed embedded calculations are separately mapped.
e33c62506efcb15ae795847484357704b539bcf1	src/main/java/org/opensearch/securityanalytics/action/TestS3ConnectionResponse.java	host administration or wire adapter	host	TestS3ConnectionResponse;getError;getStatus;toXContent;writeTo		org.opensearch.core.action.ActionResponse;org.opensearch.core.common.io.stream.StreamInput;org.opensearch.core.common.io.stream.StreamOutput;org.opensearch.core.rest.RestStatus;org.opensearch.core.xcontent.ToXContentObject;org.opensearch.core.xcontent.XContentBuilder	Upstream administration, storage, permission, registration, timing, or configuration. Listed embedded calculations are separately mapped.
e33c62506efcb15ae795847484357704b539bcf1	src/main/java/org/opensearch/securityanalytics/action/UpdateIndexMappingsAction.java	host administration or wire adapter	host	UpdateIndexMappingsAction		org.opensearch.action.ActionType;org.opensearch.action.support.clustermanager.AcknowledgedResponse	Upstream administration, storage, permission, registration, timing, or configuration. Listed embedded calculations are separately mapped.
e33c62506efcb15ae795847484357704b539bcf1	src/main/java/org/opensearch/securityanalytics/action/UpdateIndexMappingsRequest.java	host administration or wire adapter	host	UpdateIndexMappingsRequest;alias;field;getAlias;getField;getIndexName;indexName;parse;setAlias;setField;setIndexName;toXContent;validate;writeTo		org.opensearch.action.ActionRequest;org.opensearch.action.ActionRequestValidationException;org.opensearch.action.ValidateActions.addValidationError;org.opensearch.core.common.io.stream.StreamInput;org.opensearch.core.common.io.stream.StreamOutput;org.opensearch.core.xcontent.ToXContentObject;org.opensearch.core.xcontent.XContentBuilder;org.opensearch.core.xcontent.XContentParser;org.opensearch.core.xcontent.XContentParserUtils	Upstream administration, storage, permission, registration, timing, or configuration. Listed embedded calculations are separately mapped.
e33c62506efcb15ae795847484357704b539bcf1	src/main/java/org/opensearch/securityanalytics/action/ValidateRulesAction.java	host administration or wire adapter	host	ValidateRulesAction	ValidateRulesResponse	org.opensearch.action.ActionType	Upstream administration, storage, permission, registration, timing, or configuration. Listed embedded calculations are separately mapped.
e33c62506efcb15ae795847484357704b539bcf1	src/main/java/org/opensearch/securityanalytics/action/ValidateRulesRequest.java	host administration or wire adapter	host	ValidateRulesRequest;getIndexName;getRules;indexName;parse;rules;setIndexName;setRules;toXContent;validate;writeTo		org.apache.logging.log4j.LogManager;org.apache.logging.log4j.Logger;org.opensearch.action.ActionRequest;org.opensearch.action.ActionRequestValidationException;org.opensearch.action.ValidateActions.addValidationError;org.opensearch.common.xcontent.XContentFactory;org.opensearch.core.common.Strings;org.opensearch.core.common.io.stream.StreamInput;org.opensearch.core.common.io.stream.StreamOutput;org.opensearch.core.xcontent.ToXContentObject;org.opensearch.core.xcontent.XContentBuilder;org.opensearch.core.xcontent.XContentParser;org.opensearch.core.xcontent.XContentParserUtils	Upstream administration, storage, permission, registration, timing, or configuration. Listed embedded calculations are separately mapped.
e33c62506efcb15ae795847484357704b539bcf1	src/main/java/org/opensearch/securityanalytics/action/ValidateRulesResponse.java	host administration or wire adapter	host	ValidateRulesResponse;equals;getNonapplicableFields;hashCode;toString;toXContent;writeTo	MapperUtils	org.opensearch.common.xcontent.XContentType;org.opensearch.core.action.ActionResponse;org.opensearch.core.common.Strings;org.opensearch.core.common.io.stream.StreamInput;org.opensearch.core.common.io.stream.StreamOutput;org.opensearch.core.xcontent.ToXContentObject;org.opensearch.core.xcontent.XContentBuilder	Upstream administration, storage, permission, registration, timing, or configuration. Listed embedded calculations are separately mapped.
e33c62506efcb15ae795847484357704b539bcf1	src/main/java/org/opensearch/securityanalytics/alerts/AlertsService.java	calculation or host adapter	SA-07.alert-read	AlertsService;ackknowledgeAlerts;getAlerts;getAlertsByDetectorId;getAlertsByMonitorIds;getBoolQueryBuilder;mapAlertToAlertDto;onFailure;onResponse	AckAlertsResponse;AlertDto;Detector;DetectorMonitorConfig;GetAlertsRequest;GetAlertsResponse;GetDetectorAction;GetDetectorRequest;GetDetectorResponse;SecurityAnalyticsException;TransportIndexDetectorAction	org.apache.logging.log4j.LogManager;org.apache.logging.log4j.Logger;org.opensearch.OpenSearchStatusException;org.opensearch.action.support.GroupedActionListener;org.opensearch.action.support.WriteRequest;org.opensearch.commons.alerting.AlertingPluginInterface;org.opensearch.commons.alerting.action.AcknowledgeAlertRequest;org.opensearch.commons.alerting.action.AcknowledgeAlertResponse;org.opensearch.commons.alerting.action.GetAlertsRequest;org.opensearch.commons.alerting.model.Alert;org.opensearch.commons.alerting.model.Table;org.opensearch.core.action.ActionListener;org.opensearch.core.rest.RestStatus;org.opensearch.index.query.BoolQueryBuilder;org.opensearch.index.query.QueryBuilder;org.opensearch.index.query.QueryBuilders;org.opensearch.transport.client.Client;org.opensearch.transport.client.node.NodeClient	Retain listed calculation/validation. Existing host owners replace storage, network access, credentials, and effects.
e33c62506efcb15ae795847484357704b539bcf1	src/main/java/org/opensearch/securityanalytics/config/monitors/DetectorMonitorConfig.java	calculation or host adapter	SA-01.mapping-merge;SA-07.partition	MonitorConfig;getAlertsHistoryIndex;getAlertsHistoryIndexPattern;getAlertsIndex;getAllAlertsIndicesPattern;getAllFindingsIndicesPattern;getFindingsIndex;getFindingsIndexPattern;getRuleIndex;getRuleIndexMappingsByType;getRuleIndexOptimized	Detector;LogType;LogTypeService	org.opensearch.common.inject.Inject	Retain listed calculation/validation. Existing host owners replace storage, network access, credentials, and effects.
e33c62506efcb15ae795847484357704b539bcf1	src/main/java/org/opensearch/securityanalytics/correlation/CorrelationConstants.java	contract constants or DTO	SA-03.alert-read;SA-05.index				Fields, typed model translation, errors, or containers support the caller; no independent algorithm or durable owner.
e33c62506efcb15ae795847484357704b539bcf1	src/main/java/org/opensearch/securityanalytics/correlation/JoinEngine.java	calculation or host adapter	SA-03.rules;SA-03.source-filter;SA-03.field-join;SA-03.category-window;SA-03.documents;SA-03.target-filter;SA-03.finding-join;SA-03.merge;SA-04.tags;SA-04.candidates;SA-04.tag-match;SA-04.set-match;SA-04.group	DocSearchCriteria;FilteredCorrelationRule;JoinEngine;generateAutoCorrelations;getCorrelatedFindings;getTimestampFeature;getValidDocuments;onAutoCorrelations;onFailure;onSearchDetectorResponse;searchDocsWithFilterKeys;searchFindingsByTimestamp	AutoCorrelationsRepo;CorrelationAlertService;CorrelationQuery;CorrelationRule;CorrelationRuleScheduler;CorrelationRuleTrigger;Detector;DetectorMonitorConfig;LogTypeService;NotificationService;TransportCorrelateFindingAction	org.apache.commons.lang3.tuple.Pair;org.apache.logging.log4j.LogManager;org.apache.logging.log4j.Logger;org.apache.lucene.search.join.ScoreMode;org.opensearch.OpenSearchStatusException;org.opensearch.action.search.MultiSearchRequest;org.opensearch.action.search.MultiSearchResponse;org.opensearch.action.search.SearchRequest;org.opensearch.cluster.routing.Preference;org.opensearch.common.unit.TimeValue;org.opensearch.common.xcontent.LoggingDeprecationHandler;org.opensearch.common.xcontent.XContentType;org.opensearch.commons.alerting.action.PublishFindingsRequest;org.opensearch.commons.alerting.model.DocLevelQuery;org.opensearch.commons.alerting.model.Finding;org.opensearch.commons.authuser.User;org.opensearch.core.action.ActionListener;org.opensearch.core.rest.RestStatus;org.opensearch.core.xcontent.NamedXContentRegistry;org.opensearch.core.xcontent.XContentParser;org.opensearch.index.query.BoolQueryBuilder;org.opensearch.index.query.MatchQueryBuilder;org.opensearch.index.query.NestedQueryBuilder;org.opensearch.index.query.QueryBuilders;org.opensearch.index.query.RangeQueryBuilder;org.opensearch.search.SearchHit;org.opensearch.search.builder.SearchSourceBuilder;org.opensearch.transport.client.Client	Retain listed calculation/validation. Existing host owners replace storage, network access, credentials, and effects.
e33c62506efcb15ae795847484357704b539bcf1	src/main/java/org/opensearch/securityanalytics/correlation/VectorEmbeddingsEngine.java	calculation or host adapter	SA-05.finding-vector;SA-05.pair-vector;SA-05.orphan-first;SA-05.orphan-expired;SA-05.orphan-neighbor;SA-05.orphan-current;SA-05.orphan-next	VectorEmbeddingsEngine;getSearchMetadataIndexRequest;indexCorrelatedFindings;insertCorrelatedFindings;insertOrphanFindings;onFailure	CorrelationIndices;CorrelationQueryBuilder;CustomLogType;TransportCorrelateFindingAction	org.apache.logging.log4j.LogManager;org.apache.logging.log4j.Logger;org.opensearch.OpenSearchStatusException;org.opensearch.ResourceNotFoundException;org.opensearch.action.bulk.BulkRequest;org.opensearch.action.index.IndexRequest;org.opensearch.action.search.MultiSearchRequest;org.opensearch.action.search.MultiSearchResponse;org.opensearch.action.search.SearchRequest;org.opensearch.action.support.WriteRequest;org.opensearch.cluster.routing.Preference;org.opensearch.common.unit.TimeValue;org.opensearch.common.xcontent.XContentFactory;org.opensearch.commons.alerting.model.Finding;org.opensearch.core.action.ActionListener;org.opensearch.core.rest.RestStatus;org.opensearch.core.xcontent.XContentBuilder;org.opensearch.index.query.BoolQueryBuilder;org.opensearch.index.query.MatchQueryBuilder;org.opensearch.index.query.QueryBuilders;org.opensearch.search.SearchHit;org.opensearch.search.builder.SearchSourceBuilder;org.opensearch.transport.client.Client	Retain listed calculation/validation. Existing host owners replace storage, network access, credentials, and effects.
e33c62506efcb15ae795847484357704b539bcf1	src/main/java/org/opensearch/securityanalytics/correlation/alert/CorrelationAlertService.java	calculation or host adapter	SA-03.trigger-state;SA-03.alert-read;SA-03.alert-status	CorrelationAlertService;acknowledgeAlerts;getActiveAlerts;getCorrelationAlerts;getParsedCorrelationAlert;indexCorrelationAlert;onFailure;onResponse;parseCorrelationAlerts;updateCorrelationAlertsWithError	AckCorrelationAlertsResponse;CorrelationAlertsList;CorrelationIndices;GetCorrelationAlertsResponse	org.apache.logging.log4j.LogManager;org.apache.logging.log4j.Logger;org.opensearch.action.bulk.BulkItemResponse;org.opensearch.action.bulk.BulkRequest;org.opensearch.action.bulk.BulkResponse;org.opensearch.action.index.IndexRequest;org.opensearch.action.index.IndexResponse;org.opensearch.action.search.SearchRequest;org.opensearch.action.search.SearchResponse;org.opensearch.action.support.WriteRequest;org.opensearch.action.update.UpdateRequest;org.opensearch.common.lucene.uid.Versions;org.opensearch.common.unit.TimeValue;org.opensearch.common.xcontent.LoggingDeprecationHandler;org.opensearch.common.xcontent.XContentFactory;org.opensearch.common.xcontent.XContentType;org.opensearch.commons.alerting.model.Alert;org.opensearch.commons.alerting.model.CorrelationAlert;org.opensearch.commons.alerting.model.Table;org.opensearch.core.action.ActionListener;org.opensearch.core.xcontent.NamedXContentRegistry;org.opensearch.core.xcontent.XContentBuilder;org.opensearch.core.xcontent.XContentParser;org.opensearch.index.IndexNotFoundException;org.opensearch.index.query.BoolQueryBuilder;org.opensearch.index.query.QueryBuilders;org.opensearch.index.query.TermsQueryBuilder;org.opensearch.script.Script;org.opensearch.script.ScriptType;org.opensearch.search.SearchHit;org.opensearch.search.builder.SearchSourceBuilder;org.opensearch.search.sort.FieldSortBuilder;org.opensearch.search.sort.SortBuilders;org.opensearch.search.sort.SortOrder;org.opensearch.transport.client.Client	Retain listed calculation/validation. Existing host owners replace storage, network access, credentials, and effects.
e33c62506efcb15ae795847484357704b539bcf1	src/main/java/org/opensearch/securityanalytics/correlation/alert/CorrelationAlertsList.java	contract constants or DTO	SA-03.alert-read;SA-05.index	CorrelationAlertsList;getCorrelationAlertList;getTotalAlerts;parse	CorrelationAlertService	org.opensearch.commons.alerting.model.ActionExecutionResult;org.opensearch.commons.alerting.model.Alert;org.opensearch.commons.alerting.model.CorrelationAlert;org.opensearch.commons.authuser.User;org.opensearch.core.xcontent.XContentParser;org.opensearch.core.xcontent.XContentParserUtils	Fields, typed model translation, errors, or containers support the caller; no independent algorithm or durable owner.
e33c62506efcb15ae795847484357704b539bcf1	src/main/java/org/opensearch/securityanalytics/correlation/alert/CorrelationRuleScheduler.java	calculation or host adapter	SA-03.trigger-select;SA-03.trigger-state	CorrelationRuleScheduler;RuleTask;addCorrelationAlertIntoIndex;insertCorrelationAlert;onFailure;onResponse;run;schedule;scheduleRule;updateCorrelationAlert	CorrelationAlertContext;CorrelationAlertService;CorrelationAlertsList;CorrelationQuery;CorrelationRule;CorrelationRuleTrigger;NotificationService;SecurityAnalyticsException	org.apache.logging.log4j.LogManager;org.apache.logging.log4j.Logger;org.opensearch.action.index.IndexResponse;org.opensearch.common.unit.TimeValue;org.opensearch.commons.alerting.model.Alert;org.opensearch.commons.alerting.model.CorrelationAlert;org.opensearch.commons.alerting.model.action.Action;org.opensearch.commons.authuser.User;org.opensearch.core.action.ActionListener;org.opensearch.core.rest.RestStatus;org.opensearch.transport.client.Client	Retain listed calculation/validation. Existing host owners replace storage, network access, credentials, and effects.
e33c62506efcb15ae795847484357704b539bcf1	src/main/java/org/opensearch/securityanalytics/correlation/alert/notifications/CorrelationAlertContext.java	host delivery/template adapter	SA-07.template	CorrelationAlertContext;asTemplateArg			Retain listed calculation/validation. Existing host owners replace storage, network access, credentials, and effects.
e33c62506efcb15ae795847484357704b539bcf1	src/main/java/org/opensearch/securityanalytics/correlation/alert/notifications/NotificationService.java	host delivery/template adapter	SA-07.template	NotificationService;compileTemplate;compileTemplateGeneric;generateMessage;getNotificationConfigInfo;onFailure;onResponse;sendNotification	CorrelationAlertContext;SecurityAnalyticsException;ThreatIntelAlertContext	org.apache.logging.log4j.LogManager;org.apache.logging.log4j.Logger;org.opensearch.commons.notifications.NotificationsPluginInterface;org.opensearch.commons.notifications.action.*;org.opensearch.commons.notifications.action.GetNotificationConfigRequest;org.opensearch.commons.notifications.action.GetNotificationConfigResponse;org.opensearch.commons.notifications.model.ChannelMessage;org.opensearch.commons.notifications.model.EventSource;org.opensearch.commons.notifications.model.SeverityType;org.opensearch.core.action.ActionListener;org.opensearch.core.rest.RestStatus;org.opensearch.script.Script;org.opensearch.script.ScriptService;org.opensearch.script.TemplateScript;org.opensearch.transport.client.node.NodeClient	Retain listed calculation/validation. Existing host owners replace storage, network access, credentials, and effects.
e33c62506efcb15ae795847484357704b539bcf1	src/main/java/org/opensearch/securityanalytics/correlation/index/CorrelationParamsContext.java	calculation or host adapter	SA-05.similarity;SA-05.index	CorrelationParamsContext;equals;getParameters;getSimilarityFunction;hashCode;parse;toXContent;writeTo		org.apache.lucene.index.VectorSimilarityFunction;org.opensearch.core.common.io.stream.StreamInput;org.opensearch.core.common.io.stream.StreamOutput;org.opensearch.core.common.io.stream.Writeable;org.opensearch.core.xcontent.ToXContentFragment;org.opensearch.core.xcontent.XContentBuilder;org.opensearch.index.mapper.MapperParsingException	Retain listed calculation/validation. Existing host owners replace storage, network access, credentials, and effects.
e33c62506efcb15ae795847484357704b539bcf1	src/main/java/org/opensearch/securityanalytics/correlation/index/VectorField.java	delegated calculation or encoding	SA-05.index;SA-05.encoding	VectorField	CorrelationVectorAsArraySerializer;CorrelationVectorSerializer	org.apache.lucene.document.Field;org.apache.lucene.index.IndexableFieldType;org.apache.lucene.util.BytesRef	Retain listed calculation/validation. Existing host owners replace storage, network access, credentials, and effects.
e33c62506efcb15ae795847484357704b539bcf1	src/main/java/org/opensearch/securityanalytics/correlation/index/codec/BasePerFieldCorrelationVectorsFormat.java	delegated calculation or encoding	SA-05.index;SA-05.encoding	BasePerFieldCorrelationVectorsFormat;getBeamWidth;getKnnVectorsFormatForField;getMaxConnections;isCorrelationVectorFieldType	CorrelationConstants;CorrelationVectorFieldMapper;MapperService	org.apache.lucene.codecs.KnnVectorsFormat;org.apache.lucene.codecs.perfield.PerFieldKnnVectorsFormat;org.opensearch.index.mapper.MapperService	Retain listed calculation/validation. Existing host owners replace storage, network access, credentials, and effects.
e33c62506efcb15ae795847484357704b539bcf1	src/main/java/org/opensearch/securityanalytics/correlation/index/codec/CorrelationCodecService.java	delegated calculation or encoding	SA-05.index;SA-05.encoding	CorrelationCodecService;codec	CorrelationCodecVersion;MapperService	org.apache.lucene.codecs.Codec;org.opensearch.index.IndexSettings;org.opensearch.index.codec.CodecService;org.opensearch.index.codec.CodecServiceConfig;org.opensearch.index.mapper.MapperService	Retain listed calculation/validation. Existing host owners replace storage, network access, credentials, and effects.
e33c62506efcb15ae795847484357704b539bcf1	src/main/java/org/opensearch/securityanalytics/correlation/index/codec/CorrelationCodecVersion.java	delegated calculation or encoding	SA-05.index;SA-05.encoding	current;getCodecName;getCorrelationCodecSupplier;getDefaultCodecDelegate;getDefaultCorrelationCodecSupplier;getPerFieldCorrelationVectorsFormat	CorrelationCodec9120;CorrelationCodec950;CorrelationCodec990;MapperService;PerFieldCorrelationVectorsFormat950;PerFieldCorrelationVectorsFormat990	org.apache.lucene.backward_codecs.lucene912.Lucene912Codec;org.apache.lucene.backward_codecs.lucene95.Lucene95Codec;org.apache.lucene.backward_codecs.lucene99.Lucene99Codec;org.apache.lucene.codecs.Codec;org.apache.lucene.codecs.perfield.PerFieldKnnVectorsFormat;org.opensearch.index.mapper.MapperService	Retain listed calculation/validation. Existing host owners replace storage, network access, credentials, and effects.
e33c62506efcb15ae795847484357704b539bcf1	src/main/java/org/opensearch/securityanalytics/correlation/index/codec/correlation9120/CorrelationCodec9120.java	delegated calculation or encoding	SA-05.index;SA-05.encoding	CorrelationCodec9120;knnVectorsFormat	CorrelationCodecVersion	org.apache.lucene.codecs.Codec;org.apache.lucene.codecs.FilterCodec;org.apache.lucene.codecs.KnnVectorsFormat;org.apache.lucene.codecs.perfield.PerFieldKnnVectorsFormat	Retain listed calculation/validation. Existing host owners replace storage, network access, credentials, and effects.
e33c62506efcb15ae795847484357704b539bcf1	src/main/java/org/opensearch/securityanalytics/correlation/index/codec/correlation950/CorrelationCodec950.java	delegated calculation or encoding	SA-05.index;SA-05.encoding	CorrelationCodec950;knnVectorsFormat	CorrelationCodecVersion	org.apache.lucene.codecs.Codec;org.apache.lucene.codecs.FilterCodec;org.apache.lucene.codecs.KnnVectorsFormat;org.apache.lucene.codecs.perfield.PerFieldKnnVectorsFormat	Retain listed calculation/validation. Existing host owners replace storage, network access, credentials, and effects.
e33c62506efcb15ae795847484357704b539bcf1	src/main/java/org/opensearch/securityanalytics/correlation/index/codec/correlation950/PerFieldCorrelationVectorsFormat950.java	delegated calculation or encoding	SA-05.index;SA-05.encoding	PerFieldCorrelationVectorsFormat950	BasePerFieldCorrelationVectorsFormat;MapperService	org.apache.lucene.backward_codecs.lucene95.Lucene95HnswVectorsFormat;org.opensearch.index.mapper.MapperService	Retain listed calculation/validation. Existing host owners replace storage, network access, credentials, and effects.
e33c62506efcb15ae795847484357704b539bcf1	src/main/java/org/opensearch/securityanalytics/correlation/index/codec/correlation990/CorrelationCodec990.java	delegated calculation or encoding	SA-05.index;SA-05.encoding	CorrelationCodec990;knnVectorsFormat	CorrelationCodecVersion	org.apache.lucene.codecs.Codec;org.apache.lucene.codecs.FilterCodec;org.apache.lucene.codecs.KnnVectorsFormat;org.apache.lucene.codecs.perfield.PerFieldKnnVectorsFormat	Retain listed calculation/validation. Existing host owners replace storage, network access, credentials, and effects.
e33c62506efcb15ae795847484357704b539bcf1	src/main/java/org/opensearch/securityanalytics/correlation/index/codec/correlation990/PerFieldCorrelationVectorsFormat990.java	delegated calculation or encoding	SA-05.index;SA-05.encoding	PerFieldCorrelationVectorsFormat990	BasePerFieldCorrelationVectorsFormat;MapperService	org.apache.lucene.codecs.lucene99.Lucene99HnswVectorsFormat;org.opensearch.index.mapper.MapperService	Retain listed calculation/validation. Existing host owners replace storage, network access, credentials, and effects.
e33c62506efcb15ae795847484357704b539bcf1	src/main/java/org/opensearch/securityanalytics/correlation/index/codec/util/CorrelationVectorAsArraySerializer.java	delegated calculation or encoding	SA-05.index;SA-05.encoding	byteToFloatArray;floatToByteArray	CorrelationVectorSerializer	org.opensearch.ExceptionsHelper	Retain listed calculation/validation. Existing host owners replace storage, network access, credentials, and effects.
e33c62506efcb15ae795847484357704b539bcf1	src/main/java/org/opensearch/securityanalytics/correlation/index/codec/util/CorrelationVectorSerializer.java	delegated calculation or encoding	SA-05.index;SA-05.encoding				Retain listed calculation/validation. Existing host owners replace storage, network access, credentials, and effects.
e33c62506efcb15ae795847484357704b539bcf1	src/main/java/org/opensearch/securityanalytics/correlation/index/mapper/CorrelationVectorFieldMapper.java	calculation or host adapter	SA-05.vector-validate;SA-05.similarity	Builder;CorrelationVectorFieldMapper;CorrelationVectorFieldType;TypeParser;build;clone;contentType;doXContentBody;docValuesByDefault;existsQuery;fieldType;getCorrelationParams;getDimension;getMergeBuilder;getParameters;ignoreMalformed;parse;parseCreateField;parsesArrayValue;termQuery;toType;typeName;valueFetcher	CorrelationConstants;CorrelationParamsContext;LuceneFieldMapper	org.apache.lucene.search.FieldExistsQuery;org.apache.lucene.search.Query;org.opensearch.common.Explicit;org.opensearch.common.xcontent.support.XContentMapValues;org.opensearch.core.xcontent.XContentBuilder;org.opensearch.core.xcontent.XContentParser;org.opensearch.index.mapper.FieldMapper;org.opensearch.index.mapper.MappedFieldType;org.opensearch.index.mapper.Mapper;org.opensearch.index.mapper.MapperParsingException;org.opensearch.index.mapper.ParametrizedFieldMapper;org.opensearch.index.mapper.ParseContext;org.opensearch.index.mapper.TextSearchInfo;org.opensearch.index.mapper.ValueFetcher;org.opensearch.index.query.QueryShardContext;org.opensearch.index.query.QueryShardException;org.opensearch.search.lookup.SearchLookup	Retain listed calculation/validation. Existing host owners replace storage, network access, credentials, and effects.
e33c62506efcb15ae795847484357704b539bcf1	src/main/java/org/opensearch/securityanalytics/correlation/index/mapper/LuceneFieldMapper.java	calculation or host adapter	SA-05.vector-validate;SA-05.similarity	CreateLuceneFieldMapperInput;LuceneFieldMapper;buildDocValuesFieldType;getCopyTo;getCorrelationParams;getIgnoreMalformed;getMappedFieldType;getMultiFields;getName;isHasDocValues;isStored;parseCreateField	CorrelationParamsContext;CorrelationVectorFieldMapper;VectorField	org.apache.lucene.codecs.KnnVectorsFormat.DEFAULT_MAX_DIMENSIONS;org.apache.lucene.document.FieldType;org.apache.lucene.document.KnnFloatVectorField;org.apache.lucene.document.StoredField;org.apache.lucene.index.DocValuesType;org.apache.lucene.index.VectorSimilarityFunction;org.opensearch.common.Explicit;org.opensearch.index.mapper.ParseContext	Retain listed calculation/validation. Existing host owners replace storage, network access, credentials, and effects.
e33c62506efcb15ae795847484357704b539bcf1	src/main/java/org/opensearch/securityanalytics/correlation/index/query/CorrelationQueryBuilder.java	delegated calculation	SA-05.knn;SA-05.vector-validate	CorrelationQueryBuilder;doEquals;doHashCode;doToQuery;doWriteTo;doXContent;fieldName;fromXContent;getFilter;getK;getWriteableName;objectsToFloats;vector	CorrelationQueryFactory;CorrelationVectorFieldMapper	org.apache.logging.log4j.LogManager;org.apache.logging.log4j.Logger;org.apache.lucene.search.Query;org.opensearch.core.ParseField;org.opensearch.core.common.ParsingException;org.opensearch.core.common.Strings;org.opensearch.core.common.io.stream.StreamInput;org.opensearch.core.common.io.stream.StreamOutput;org.opensearch.core.xcontent.XContentBuilder;org.opensearch.core.xcontent.XContentParser;org.opensearch.index.mapper.MappedFieldType;org.opensearch.index.mapper.NumberFieldMapper;org.opensearch.index.query.AbstractQueryBuilder;org.opensearch.index.query.QueryBuilder;org.opensearch.index.query.QueryShardContext	Retain listed calculation/validation. Existing host owners replace storage, network access, credentials, and effects.
e33c62506efcb15ae795847484357704b539bcf1	src/main/java/org/opensearch/securityanalytics/correlation/index/query/CorrelationQueryFactory.java	delegated calculation	SA-05.knn;SA-05.vector-validate	CreateQueryRequest;create;getContext;getFieldName;getFilter;getIndexName;getK;getVector		org.apache.lucene.search.KnnFloatVectorQuery;org.apache.lucene.search.Query;org.opensearch.index.query.QueryBuilder;org.opensearch.index.query.QueryShardContext	Retain listed calculation/validation. Existing host owners replace storage, network access, credentials, and effects.
e33c62506efcb15ae795847484357704b539bcf1	src/main/java/org/opensearch/securityanalytics/findings/FindingsService.java	calculation or host adapter	SA-07.finding-read	FindingsService;getBoolQueryBuilder;getFindings;getFindingsByDetectorId;getFindingsByMonitorIds;mapFindingWithDocsToFindingDto;onFailure;onResponse	Detector;DetectorMonitorConfig;FindingDto;GetDetectorAction;GetDetectorRequest;GetDetectorResponse;GetFindingsRequest;GetFindingsResponse;SecurityAnalyticsException;TransportIndexDetectorAction	org.apache.logging.log4j.LogManager;org.apache.logging.log4j.Logger;org.apache.lucene.search.join.ScoreMode;org.opensearch.OpenSearchStatusException;org.opensearch.commons.alerting.AlertingPluginInterface;org.opensearch.commons.alerting.model.DocLevelQuery;org.opensearch.commons.alerting.model.FindingWithDocs;org.opensearch.commons.alerting.model.Table;org.opensearch.core.action.ActionListener;org.opensearch.core.rest.RestStatus;org.opensearch.index.query.BoolQueryBuilder;org.opensearch.index.query.NestedQueryBuilder;org.opensearch.index.query.PrefixQueryBuilder;org.opensearch.index.query.QueryBuilder;org.opensearch.index.query.QueryBuilders;org.opensearch.transport.client.Client;org.opensearch.transport.client.node.NodeClient	Retain listed calculation/validation. Existing host owners replace storage, network access, credentials, and effects.
e33c62506efcb15ae795847484357704b539bcf1	src/main/java/org/opensearch/securityanalytics/indexmanagment/DetectorIndexManagementService.java	host infrastructure or contract helper	host	DetectorIndexManagementService;HistoryIndexInfo;alertMapping;clusterChanged;deleteAllOldHistoryIndices;deleteOldHistoryIndex;deleteOldIndices;doClose;doStart;doStop;executorName;findingMapping;getAllAlertsIndicesPatternForAllTypes;getAllFindingsIndicesPatternForAllTypes;getHistoryIndexToDelete;getIndicesToDelete;initFromClusterSettings;offMaster;onFailure;onMaster;onResponse;populateAllIndexLists;rescheduleAlertRollover;rescheduleCorrelationHistoryRollover;rescheduleFindingRollover;rescheduleIocFindingHistoryRollover;rolloverAlertHistoryIndices;rolloverAndDeleteAlertHistoryIndices;rolloverAndDeleteCorrelationHistoryIndices;rolloverAndDeleteFindingHistoryIndices;rolloverAndDeleteIocFindingHistoryIndices;rolloverCorrelationHistoryIndices;rolloverFindingHistoryIndices;rolloverIndex;rolloverIocFindingHistoryIndices;setAlertHistoryEnabled;setAlertHistoryMaxAge;setAlertHistoryMaxDocs;setAlertHistoryRetentionPeriod;setAlertHistoryRolloverPeriod;setClusterManager;setCorrelationHistoryMaxAge;setCorrelationHistoryMaxDocs;setCorrelationHistoryRetentionPeriod;setCorrelationHistoryRolloverPeriod;setFindingHistoryEnabled;setFindingHistoryMaxAge;setFindingHistoryMaxDocs;setFindingHistoryRetentionPeriod;setFindingHistoryRolloverPeriod;setIocFindingHistoryMaxAge;setIocFindingHistoryMaxDocs;setIocFindingHistoryRetentionPeriod	CorrelationIndices;DetectorMonitorConfig;IocFindingService;LogTypeService;SecurityAnalyticsSettings	org.apache.logging.log4j.LogManager;org.apache.logging.log4j.Logger;org.opensearch.action.admin.cluster.state.ClusterStateRequest;org.opensearch.action.admin.cluster.state.ClusterStateResponse;org.opensearch.action.admin.indices.delete.DeleteIndexRequest;org.opensearch.action.admin.indices.rollover.RolloverRequest;org.opensearch.action.admin.indices.rollover.RolloverResponse;org.opensearch.action.support.IndicesOptions;org.opensearch.action.support.clustermanager.AcknowledgedResponse;org.opensearch.cluster.ClusterChangedEvent;org.opensearch.cluster.ClusterStateListener;org.opensearch.cluster.metadata.AliasMetadata;org.opensearch.cluster.metadata.IndexMetadata;org.opensearch.cluster.service.ClusterService;org.opensearch.common.inject.Inject;org.opensearch.common.lifecycle.AbstractLifecycleComponent;org.opensearch.common.settings.Settings;org.opensearch.common.unit.TimeValue;org.opensearch.core.action.ActionListener;org.opensearch.threadpool.Scheduler;org.opensearch.threadpool.ThreadPool;org.opensearch.transport.client.Client	Upstream administration, storage, permission, registration, timing, or configuration. Listed embedded calculations are separately mapped.
e33c62506efcb15ae795847484357704b539bcf1	src/main/java/org/opensearch/securityanalytics/jobscheduler/SecurityAnalyticsRunner.java	host scheduling adapter	host	SecurityAnalyticsRunner;getJobRunnerInstance;runJob	TIFJobParameter;TIFJobRunner;TIFSourceConfig;TIFSourceConfigRunner	org.apache.logging.log4j.LogManager;org.apache.logging.log4j.Logger;org.opensearch.jobscheduler.spi.JobExecutionContext;org.opensearch.jobscheduler.spi.ScheduledJobParameter;org.opensearch.jobscheduler.spi.ScheduledJobRunner	Upstream administration, storage, permission, registration, timing, or configuration. Listed embedded calculations are separately mapped.
e33c62506efcb15ae795847484357704b539bcf1	src/main/java/org/opensearch/securityanalytics/logtype/BuiltinLogTypeLoader.java	calculation or host adapter	SA-01.mapping-tree;SA-01.mapping-validation;SA-01.mapping-merge;SA-01.metadata	doClose;doStart;doStop;ensureLogTypesLoaded;getAllLogTypes;getLogTypeByName;loadBuiltinLogTypes;loadBuiltinLogTypesMetadata;logTypeExists	CustomLogType;FileUtils;LogType	org.apache.logging.log4j.LogManager;org.apache.logging.log4j.Logger;org.opensearch.common.lifecycle.AbstractLifecycleComponent;org.opensearch.common.settings.SettingsException;org.opensearch.common.xcontent.XContentHelper;org.opensearch.common.xcontent.json.JsonXContent	Retain listed calculation/validation. Existing host owners replace storage, network access, credentials, and effects.
e33c62506efcb15ae795847484357704b539bcf1	src/main/java/org/opensearch/securityanalytics/logtype/LogTypeService.java	calculation or host adapter	SA-01.mapping-tree;SA-01.mapping-validation;SA-01.mapping-merge;SA-01.metadata	LogTypeService;createFieldMappingDocs;doIndexFieldMappings;doIndexLogTypeMetadata;doesLogTypeExist;ensureConfigIndexIsInitialized;generateFieldMappingDocId;getAllBuiltinLogTypes;getAllFieldMappings;getAllLogTypes;getAllLogTypesMetadata;getConfigIndexMappingVersion;getDefaultSchemaField;getFieldMappingsByLogType;getFieldMappingsByLogTypes;getIocFieldsList;getRequiredFields;getRequiredFieldsForAllLogTypes;getRuleFieldMappings;getRuleFieldMappingsAllSchemas;getRuleFieldMappingsForBuiltinLogType;indexFieldMappings;loadBuiltinLogTypes;logTypeIndexMapping;logTypeIndexSettings;mergeFieldMappings;onFailure;onResponse;searchLogTypes;setLogTypeMappingVersion	BuiltinLogTypeLoader;CustomLogType;FieldMappingDoc;LogType;SecurityAnalyticsException;SecurityAnalyticsSettings	org.apache.logging.log4j.LogManager;org.apache.logging.log4j.Logger;org.apache.logging.log4j.message.ParameterizedMessage;org.opensearch.ExceptionsHelper;org.opensearch.OpenSearchStatusException;org.opensearch.ResourceAlreadyExistsException;org.opensearch.action.DocWriteRequest;org.opensearch.action.admin.indices.create.CreateIndexRequest;org.opensearch.action.admin.indices.create.CreateIndexResponse;org.opensearch.action.bulk.BulkRequest;org.opensearch.action.index.IndexRequest;org.opensearch.action.search.SearchRequest;org.opensearch.action.search.SearchResponse;org.opensearch.action.support.WriteRequest;org.opensearch.cluster.ClusterState;org.opensearch.cluster.metadata.IndexMetadata;org.opensearch.cluster.metadata.MappingMetadata;org.opensearch.cluster.routing.Preference;org.opensearch.cluster.service.ClusterService;org.opensearch.common.inject.Inject;org.opensearch.common.settings.Settings;org.opensearch.common.util.io.Streams;org.opensearch.common.util.set.Sets;org.opensearch.common.xcontent.XContentFactory;org.opensearch.common.xcontent.XContentHelper;org.opensearch.common.xcontent.XContentType;org.opensearch.common.xcontent.json.JsonXContent;org.opensearch.core.action.ActionListener;org.opensearch.core.rest.RestStatus;org.opensearch.core.xcontent.NamedXContentRegistry;org.opensearch.index.query.BoolQueryBuilder;org.opensearch.index.query.QueryBuilders;org.opensearch.search.SearchHit;org.opensearch.search.aggregations.bucket.terms.Terms;org.opensearch.search.aggregations.bucket.terms.TermsAggregationBuilder;org.opensearch.search.builder.SearchSourceBuilder;org.opensearch.transport.client.Client	Retain listed calculation/validation. Existing host owners replace storage, network access, credentials, and effects.
e33c62506efcb15ae795847484357704b539bcf1	src/main/java/org/opensearch/securityanalytics/logtype/MappingSchema.java	calculation or host adapter	SA-01.mapping-tree;SA-01.mapping-validation;SA-01.mapping-merge;SA-01.metadata				Retain listed calculation/validation. Existing host owners replace storage, network access, credentials, and effects.
e33c62506efcb15ae795847484357704b539bcf1	src/main/java/org/opensearch/securityanalytics/mapper/IndexTemplateManager.java	calculation or host adapter	SA-01.mapping-tree;SA-01.mapping-validation;SA-01.mapping-merge;SA-01.metadata	IndexTemplateManager;computeIndexPattern;deleteAllUnusedTemplates;doDeleteUnusedComponentTemplates;doDeleteUnusedTemplates;onFailure;onResponse;upsertComponentTemplate;upsertIndexTemplate;upsertIndexTemplateWithAliasMappings	CreateMappingResult;DetectorUtils;IndexTemplateUtils;IndexUtils;SecurityAnalyticsException;XContentUtils	org.apache.logging.log4j.LogManager;org.apache.logging.log4j.Logger;org.opensearch.action.StepListener;org.opensearch.action.admin.indices.template.delete.DeleteComponentTemplateAction;org.opensearch.action.admin.indices.template.delete.DeleteComposableIndexTemplateAction;org.opensearch.action.admin.indices.template.put.PutComponentTemplateAction;org.opensearch.action.admin.indices.template.put.PutComposableIndexTemplateAction;org.opensearch.action.support.GroupedActionListener;org.opensearch.action.support.IndicesOptions;org.opensearch.action.support.clustermanager.AcknowledgedResponse;org.opensearch.cluster.ClusterState;org.opensearch.cluster.metadata.ComponentTemplate;org.opensearch.cluster.metadata.ComposableIndexTemplate;org.opensearch.cluster.metadata.IndexNameExpressionResolver;org.opensearch.cluster.metadata.MetadataIndexTemplateService;org.opensearch.cluster.metadata.Template;org.opensearch.cluster.service.ClusterService;org.opensearch.common.compress.CompressedXContent;org.opensearch.common.regex.Regex;org.opensearch.core.action.ActionListener;org.opensearch.core.xcontent.NamedXContentRegistry;org.opensearch.transport.client.Client	Retain listed calculation/validation. Existing host owners replace storage, network access, credentials, and effects.
e33c62506efcb15ae795847484357704b539bcf1	src/main/java/org/opensearch/securityanalytics/mapper/IndexTemplateUtils.java	calculation or host adapter	SA-01.mapping-tree;SA-01.mapping-validation;SA-01.mapping-merge;SA-01.metadata	computeComponentTemplateName;computeIndexTemplateName;copyTemplate;getAllSapComponentTemplates;getAllSapComposableIndexTemplates;isSapComposableIndexTemplate;isUserCreatedComposableTemplate;normalizeIndexName	IndexTemplateManager;MapperService	org.opensearch.cluster.ClusterState;org.opensearch.cluster.metadata.ComposableIndexTemplate;org.opensearch.cluster.metadata.Template;org.opensearch.common.compress.CompressedXContent;org.opensearch.common.xcontent.XContentFactory;org.opensearch.common.xcontent.XContentHelper;org.opensearch.common.xcontent.XContentType;org.opensearch.core.common.bytes.BytesReference;org.opensearch.core.xcontent.XContentBuilder;org.opensearch.index.mapper.MapperService.SINGLE_MAPPING_NAME	Retain listed calculation/validation. Existing host owners replace storage, network access, credentials, and effects.
e33c62506efcb15ae795847484357704b539bcf1	src/main/java/org/opensearch/securityanalytics/mapper/MapperService.java	calculation or host adapter	SA-01.mapping-tree;SA-01.mapping-validation;SA-01.mapping-merge;SA-01.metadata	MapperService;applyAliasMappings;createMappingAction;doCreateMapping;doGetMappingAction;doGetMappingsView;filterNonApplicableAliases;getMappingAction;getMappingsViewAction;onFailure;onResponse;resolveConcreteIndex;setIndexNameExpressionResolver;setIndexTemplateManager;shouldUpdateEcsMappingAndMaybeUpdates;updateMappingAction	CreateMappingResult;GetIndexMappingsResponse;GetMappingsViewResponse;IndexTemplateManager;IndexUtils;LogType;LogTypeService;MapperUtils;MappingsTraverser;SecurityAnalyticsException	org.apache.commons.lang3.tuple.Pair;org.apache.logging.log4j.LogManager;org.apache.logging.log4j.Logger;org.opensearch.action.admin.indices.get.GetIndexRequest;org.opensearch.action.admin.indices.get.GetIndexResponse;org.opensearch.action.admin.indices.mapping.get.GetMappingsRequest;org.opensearch.action.admin.indices.mapping.get.GetMappingsResponse;org.opensearch.action.admin.indices.mapping.put.PutMappingRequest;org.opensearch.action.support.GroupedActionListener;org.opensearch.action.support.clustermanager.AcknowledgedResponse;org.opensearch.cluster.metadata.IndexNameExpressionResolver;org.opensearch.cluster.metadata.MappingMetadata;org.opensearch.cluster.service.ClusterService;org.opensearch.common.xcontent.XContentFactory;org.opensearch.core.action.ActionListener;org.opensearch.core.rest.RestStatus;org.opensearch.core.xcontent.XContentBuilder;org.opensearch.transport.client.Client;org.opensearch.transport.client.IndicesAdminClient	Retain listed calculation/validation. Existing host owners replace storage, network access, credentials, and effects.
e33c62506efcb15ae795847484357704b539bcf1	src/main/java/org/opensearch/securityanalytics/mapper/MapperUtils.java	calculation or host adapter	SA-01.mapping-tree;SA-01.mapping-validation;SA-01.mapping-merge;SA-01.metadata	extractAllFieldsFlat;getAliasMappingsWithFilter;getAllAliasPathPairs;getAllAliases;getAllNonAliasFieldsFromIndex;getAllPathsFromAliasMappings;getFieldMappingsFlat;isIndexMappingsEmpty;onError;onLeafVisited;validateIndexMappings	MappingsTraverser;SecurityAnalyticsException	org.apache.commons.lang3.tuple.Pair;org.opensearch.cluster.metadata.MappingMetadata	Retain listed calculation/validation. Existing host owners replace storage, network access, credentials, and effects.
e33c62506efcb15ae795847484357704b539bcf1	src/main/java/org/opensearch/securityanalytics/mapper/MappingsTraverser.java	calculation or host adapter	SA-01.mapping-tree;SA-01.mapping-validation;SA-01.mapping-merge;SA-01.metadata	MappingsTraverser;Node;addListener;appendNode;extractFlatNonAliasFields;getChildren;getMappingsMap;getNodeName;getProperties;isAlias;isLeaf;notifyError;notifyLeafVisited;onError;onLeafVisited;shouldSkipNode;traverse;traverseAndCopyAsFlat;traverseAndCopyWithFilter	MapperUtils	org.apache.commons.lang3.tuple.Pair;org.apache.logging.log4j.LogManager;org.apache.logging.log4j.Logger;org.opensearch.cluster.metadata.MappingMetadata;org.opensearch.common.xcontent.json.JsonXContent;org.opensearch.core.xcontent.DeprecationHandler;org.opensearch.core.xcontent.NamedXContentRegistry;org.opensearch.core.xcontent.XContentParser	Retain listed calculation/validation. Existing host owners replace storage, network access, credentials, and effects.
e33c62506efcb15ae795847484357704b539bcf1	src/main/java/org/opensearch/securityanalytics/model/CorrelatedFinding.java	contract/schema helper	SA-01.metadata;SA-03.rules;SA-06.stix;SA-07.partition	CorrelatedFinding;parse;readFrom;toXContent;writeTo		org.opensearch.core.common.io.stream.StreamInput;org.opensearch.core.common.io.stream.StreamOutput;org.opensearch.core.common.io.stream.Writeable;org.opensearch.core.xcontent.ToXContentObject;org.opensearch.core.xcontent.XContentBuilder;org.opensearch.core.xcontent.XContentParser;org.opensearch.core.xcontent.XContentParserUtils	Fields, typed model translation, errors, or containers support the caller; no independent algorithm or durable owner.
e33c62506efcb15ae795847484357704b539bcf1	src/main/java/org/opensearch/securityanalytics/model/CorrelationQuery.java	contract/schema helper	SA-01.metadata;SA-03.rules;SA-06.stix;SA-07.partition	CorrelationQuery;getCategory;getField;getIndex;getQuery;parse;readFrom;toXContent;writeTo		org.apache.logging.log4j.LogManager;org.apache.logging.log4j.Logger;org.opensearch.core.common.io.stream.StreamInput;org.opensearch.core.common.io.stream.StreamOutput;org.opensearch.core.common.io.stream.Writeable;org.opensearch.core.xcontent.ToXContentObject;org.opensearch.core.xcontent.XContentBuilder;org.opensearch.core.xcontent.XContentParser;org.opensearch.core.xcontent.XContentParserUtils	Fields, typed model translation, errors, or containers support the caller; no independent algorithm or durable owner.
e33c62506efcb15ae795847484357704b539bcf1	src/main/java/org/opensearch/securityanalytics/model/CorrelationRule.java	contract/schema helper	SA-01.metadata;SA-03.rules;SA-06.stix;SA-07.partition	CorrelationRule;equals;getCorrTimeWindow;getCorrelationQueries;getCorrelationTrigger;getId;getName;getVersion;hashCode;parse;readFrom;setId;setName;setVersion;toXContent;writeTo	CorrelationQuery;CorrelationRuleTrigger	org.apache.logging.log4j.LogManager;org.apache.logging.log4j.Logger;org.opensearch.commons.authuser.User;org.opensearch.core.common.io.stream.StreamInput;org.opensearch.core.common.io.stream.StreamOutput;org.opensearch.core.common.io.stream.Writeable;org.opensearch.core.xcontent.ToXContentObject;org.opensearch.core.xcontent.XContentBuilder;org.opensearch.core.xcontent.XContentParser;org.opensearch.core.xcontent.XContentParserUtils	Fields, typed model translation, errors, or containers support the caller; no independent algorithm or durable owner.
e33c62506efcb15ae795847484357704b539bcf1	src/main/java/org/opensearch/securityanalytics/model/CorrelationRuleTrigger.java	contract/schema helper	SA-01.metadata;SA-03.rules;SA-06.stix;SA-07.partition	CorrelationRuleTrigger;asTemplateArg;equals;getActions;getId;getName;getSeverity;hashCode;parse;readFrom;toXContent;writeTo	DetectorTrigger	org.apache.logging.log4j.LogManager;org.apache.logging.log4j.Logger;org.opensearch.common.UUIDs;org.opensearch.commons.alerting.model.action.Action;org.opensearch.core.ParseField;org.opensearch.core.common.io.stream.StreamInput;org.opensearch.core.common.io.stream.StreamOutput;org.opensearch.core.common.io.stream.Writeable;org.opensearch.core.xcontent.NamedXContentRegistry;org.opensearch.core.xcontent.ToXContentObject;org.opensearch.core.xcontent.XContentBuilder;org.opensearch.core.xcontent.XContentParser;org.opensearch.core.xcontent.XContentParserUtils;org.opensearch.script.Script;org.opensearch.script.ScriptType	Fields, typed model translation, errors, or containers support the caller; no independent algorithm or durable owner.
e33c62506efcb15ae795847484357704b539bcf1	src/main/java/org/opensearch/securityanalytics/model/CreateMappingResult.java	contract/schema helper	SA-01.metadata;SA-03.rules;SA-06.stix;SA-07.partition	CreateMappingResult;getAcknowledgedResponse;getConcreteIndexName;getMappings;setAcknowledgedResponse;setConcreteIndexName;setMappings		org.opensearch.action.support.clustermanager.AcknowledgedResponse	Fields, typed model translation, errors, or containers support the caller; no independent algorithm or durable owner.
e33c62506efcb15ae795847484357704b539bcf1	src/main/java/org/opensearch/securityanalytics/model/CustomLogType.java	contract/schema helper	SA-01.metadata;SA-03.rules;SA-06.stix;SA-07.partition	CustomLogType;getCategory;getDescription;getId;getName;getSource;getTags;getVersion;parse;readFrom;setId;setTags;setVersion;toXContent;writeTo	Detector;IndexCustomLogTypeResponse	org.apache.logging.log4j.LogManager;org.apache.logging.log4j.Logger;org.opensearch.core.ParseField;org.opensearch.core.common.io.stream.StreamInput;org.opensearch.core.common.io.stream.StreamOutput;org.opensearch.core.common.io.stream.Writeable;org.opensearch.core.xcontent.NamedXContentRegistry;org.opensearch.core.xcontent.ToXContentObject;org.opensearch.core.xcontent.XContentBuilder;org.opensearch.core.xcontent.XContentParser;org.opensearch.core.xcontent.XContentParserUtils	Fields, typed model translation, errors, or containers support the caller; no independent algorithm or durable owner.
e33c62506efcb15ae795847484357704b539bcf1	src/main/java/org/opensearch/securityanalytics/model/DetailedSTIX2IOCDto.java	contract/schema helper	SA-01.metadata;SA-03.rules;SA-06.stix;SA-07.partition	DetailedSTIX2IOCDto;getIoc;getNumFindings;parse;setIoc;setNumFindings;toXContent;writeTo	STIX2IOC;STIX2IOCDto	org.opensearch.core.common.io.stream.StreamInput;org.opensearch.core.common.io.stream.StreamOutput;org.opensearch.core.common.io.stream.Writeable;org.opensearch.core.xcontent.ToXContentObject;org.opensearch.core.xcontent.XContentBuilder;org.opensearch.core.xcontent.XContentParser;org.opensearch.core.xcontent.XContentParserUtils;org.opensearch.securityanalytics.commons.model.STIX2	Fields, typed model translation, errors, or containers support the caller; no independent algorithm or durable owner.
e33c62506efcb15ae795847484357704b539bcf1	src/main/java/org/opensearch/securityanalytics/model/Detector.java	contract/schema helper	SA-01.metadata;SA-03.rules;SA-06.stix;SA-07.partition	Detector;createXContentBuilder;docParse;equals;getAlertsHistoryIndex;getAlertsHistoryIndexPattern;getAlertsIndex;getDetectorType;getDocLevelMonitorId;getEnabled;getEnabledTime;getFindingsIndex;getFindingsIndexPattern;getId;getInputs;getLastUpdateTime;getMonitorIds;getName;getRuleIdMonitorIdMap;getRuleIndex;getSchedule;getThreatIntelEnabled;getTriggers;getUser;getVersion;getWorkflowIds;hashCode;isWorkflowSupported;parse;readFrom;setAlertsHistoryIndex;setAlertsHistoryIndexPattern;setAlertsIndex;setEnabled;setEnabledTime;setFindingsIndex;setFindingsIndexPattern;setId;setInputs;setLastUpdateTime;setMonitorIds;setRuleIdMonitorIdMap;setRuleIndex;setThreatIntelEnabled;setUser;setVersion;setWorkflowIds;toXContent;toXContentWithUser;writeTo	DetectorInput;DetectorTrigger	org.apache.logging.log4j.LogManager;org.apache.logging.log4j.Logger;org.opensearch.commons.alerting.model.CronSchedule;org.opensearch.commons.alerting.model.Schedule;org.opensearch.commons.authuser.User;org.opensearch.core.ParseField;org.opensearch.core.common.io.stream.StreamInput;org.opensearch.core.common.io.stream.StreamOutput;org.opensearch.core.common.io.stream.Writeable;org.opensearch.core.xcontent.NamedXContentRegistry;org.opensearch.core.xcontent.ToXContent;org.opensearch.core.xcontent.ToXContentObject;org.opensearch.core.xcontent.XContentBuilder;org.opensearch.core.xcontent.XContentParser;org.opensearch.core.xcontent.XContentParserUtils	Fields, typed model translation, errors, or containers support the caller; no independent algorithm or durable owner.
e33c62506efcb15ae795847484357704b539bcf1	src/main/java/org/opensearch/securityanalytics/model/DetectorInput.java	contract/schema helper	SA-01.metadata;SA-03.rules;SA-06.stix;SA-07.partition	DetectorInput;asTemplateArg;equals;getCustomRules;getDescription;getIndices;getPrePackagedRules;hashCode;parse;readFrom;setCustomRules;toXContent;writeTo	DetectorRule	org.opensearch.core.ParseField;org.opensearch.core.common.io.stream.StreamInput;org.opensearch.core.common.io.stream.StreamOutput;org.opensearch.core.common.io.stream.Writeable;org.opensearch.core.xcontent.NamedXContentRegistry;org.opensearch.core.xcontent.ToXContentObject;org.opensearch.core.xcontent.XContentBuilder;org.opensearch.core.xcontent.XContentParser;org.opensearch.core.xcontent.XContentParserUtils	Fields, typed model translation, errors, or containers support the caller; no independent algorithm or durable owner.
e33c62506efcb15ae795847484357704b539bcf1	src/main/java/org/opensearch/securityanalytics/model/DetectorRule.java	contract/schema helper	SA-01.metadata;SA-03.rules;SA-06.stix;SA-07.partition	DetectorRule;asTemplateArg;getId;parse;readFrom;toXContent;writeTo	Rule	org.opensearch.core.common.io.stream.StreamInput;org.opensearch.core.common.io.stream.StreamOutput;org.opensearch.core.common.io.stream.Writeable;org.opensearch.core.xcontent.ToXContentObject;org.opensearch.core.xcontent.XContentBuilder;org.opensearch.core.xcontent.XContentParser;org.opensearch.core.xcontent.XContentParserUtils	Fields, typed model translation, errors, or containers support the caller; no independent algorithm or durable owner.
e33c62506efcb15ae795847484357704b539bcf1	src/main/java/org/opensearch/securityanalytics/model/DetectorTrigger.java	calculation or host adapter	SA-07.trigger;SA-07.chained-trigger;SA-07.template	DetectorTrigger;asTemplateArg;convertToCondition;convertToConditionForChainedFindings;equals;getActions;getDetectionTypes;getId;getName;getRuleIds;getRuleSeverityLevels;getRuleTypes;getSeverity;getTags;hashCode;parse;readFrom;toXContent;writeTo	Detector	org.apache.logging.log4j.LogManager;org.apache.logging.log4j.Logger;org.opensearch.common.UUIDs;org.opensearch.commons.alerting.model.action.Action;org.opensearch.core.ParseField;org.opensearch.core.common.io.stream.StreamInput;org.opensearch.core.common.io.stream.StreamOutput;org.opensearch.core.common.io.stream.Writeable;org.opensearch.core.xcontent.NamedXContentRegistry;org.opensearch.core.xcontent.ToXContentObject;org.opensearch.core.xcontent.XContentBuilder;org.opensearch.core.xcontent.XContentParser;org.opensearch.core.xcontent.XContentParserUtils;org.opensearch.script.Script;org.opensearch.script.ScriptType	Retain listed calculation/validation. Existing host owners replace storage, network access, credentials, and effects.
e33c62506efcb15ae795847484357704b539bcf1	src/main/java/org/opensearch/securityanalytics/model/FieldMappingDoc.java	contract/schema helper	SA-01.metadata;SA-03.rules;SA-06.stix;SA-07.partition	FieldMappingDoc;get;getId;getLogTypes;getRawField;getSchemaFields;isDirty;parse;setIsDirty;toXContent;writeTo		org.opensearch.common.xcontent.LoggingDeprecationHandler;org.opensearch.common.xcontent.XContentHelper;org.opensearch.common.xcontent.XContentType;org.opensearch.core.common.io.stream.StreamInput;org.opensearch.core.common.io.stream.StreamOutput;org.opensearch.core.common.io.stream.Writeable;org.opensearch.core.xcontent.NamedXContentRegistry;org.opensearch.core.xcontent.ToXContent;org.opensearch.core.xcontent.XContentBuilder;org.opensearch.core.xcontent.XContentParser;org.opensearch.core.xcontent.XContentParserUtils;org.opensearch.search.SearchHit	Fields, typed model translation, errors, or containers support the caller; no independent algorithm or durable owner.
e33c62506efcb15ae795847484357704b539bcf1	src/main/java/org/opensearch/securityanalytics/model/FindingWithScore.java	contract/schema helper	SA-01.metadata;SA-03.rules;SA-06.stix;SA-07.partition	FindingWithScore;parse;readFrom;toXContent;writeTo		org.opensearch.core.common.io.stream.StreamInput;org.opensearch.core.common.io.stream.StreamOutput;org.opensearch.core.common.io.stream.Writeable;org.opensearch.core.xcontent.ToXContentObject;org.opensearch.core.xcontent.XContentBuilder;org.opensearch.core.xcontent.XContentParser;org.opensearch.core.xcontent.XContentParserUtils	Fields, typed model translation, errors, or containers support the caller; no independent algorithm or durable owner.
e33c62506efcb15ae795847484357704b539bcf1	src/main/java/org/opensearch/securityanalytics/model/LogType.java	contract/schema helper	SA-01.metadata;SA-03.rules;SA-06.stix;SA-07.partition	IocFields;LogType;Mapping;getDescription;getEcs;getFields;getIoc;getIocFieldsList;getIsBuiltIn;getMappings;getName;getOcsf;getOcsf11;getRawField;readFrom;toString;toXContent;writeTo		org.opensearch.core.common.io.stream.StreamInput;org.opensearch.core.common.io.stream.StreamOutput;org.opensearch.core.common.io.stream.Writeable;org.opensearch.core.xcontent.ToXContentObject;org.opensearch.core.xcontent.XContentBuilder	Fields, typed model translation, errors, or containers support the caller; no independent algorithm or durable owner.
e33c62506efcb15ae795847484357704b539bcf1	src/main/java/org/opensearch/securityanalytics/model/Rule.java	contract/schema helper	SA-01.metadata;SA-03.rules;SA-06.stix;SA-07.partition	Rule;createXContentBuilder;docParse;getAggregationItemsFromRule;getAggregationQueries;getAuthor;getCategory;getDate;getDescription;getFalsePositives;getId;getLevel;getLogSource;getQueries;getQueryFieldNames;getReferences;getRule;getStatus;getTags;getTitle;getVersion;isAggregationRule;parse;readFrom;setId;setVersion;toXContent;writeTo	AggregationItem;CompositeSigmaErrors;ConditionItem;Detector;OSQueryBackend;SigmaCondition;SigmaConditionError;SigmaRule;Value	org.apache.commons.lang3.tuple.Pair;org.apache.logging.log4j.LogManager;org.apache.logging.log4j.Logger;org.opensearch.core.ParseField;org.opensearch.core.common.io.stream.StreamInput;org.opensearch.core.common.io.stream.StreamOutput;org.opensearch.core.common.io.stream.Writeable;org.opensearch.core.xcontent.NamedXContentRegistry;org.opensearch.core.xcontent.ToXContent;org.opensearch.core.xcontent.ToXContentObject;org.opensearch.core.xcontent.XContentBuilder;org.opensearch.core.xcontent.XContentParser;org.opensearch.core.xcontent.XContentParserUtils	Fields, typed model translation, errors, or containers support the caller; no independent algorithm or durable owner.
e33c62506efcb15ae795847484357704b539bcf1	src/main/java/org/opensearch/securityanalytics/model/RuleCategory.java	contract/schema helper	SA-01.metadata;SA-03.rules;SA-06.stix;SA-07.partition	RuleCategory;getName;toXContent;writeTo		org.opensearch.OpenSearchParseException;org.opensearch.common.settings.SettingsException;org.opensearch.common.xcontent.XContentHelper;org.opensearch.common.xcontent.json.JsonXContent;org.opensearch.core.common.io.stream.StreamInput;org.opensearch.core.common.io.stream.StreamOutput;org.opensearch.core.common.io.stream.Writeable;org.opensearch.core.xcontent.ToXContentObject;org.opensearch.core.xcontent.XContentBuilder	Fields, typed model translation, errors, or containers support the caller; no independent algorithm or durable owner.
e33c62506efcb15ae795847484357704b539bcf1	src/main/java/org/opensearch/securityanalytics/model/STIX2IOC.java	calculation or host adapter	SA-06.stix	STIX2IOC;getVersion;parse;readFrom;toXContent;validate;writeTo	STIX2IOCDto;XContentUtils	org.apache.commons.lang3.StringUtils;org.apache.logging.log4j.LogManager;org.apache.logging.log4j.Logger;org.opensearch.core.common.io.stream.StreamInput;org.opensearch.core.common.io.stream.StreamOutput;org.opensearch.core.common.io.stream.Writeable;org.opensearch.core.xcontent.ToXContentObject;org.opensearch.core.xcontent.XContentBuilder;org.opensearch.core.xcontent.XContentParser;org.opensearch.core.xcontent.XContentParserUtils;org.opensearch.securityanalytics.commons.model.STIX2	Retain listed calculation/validation. Existing host owners replace storage, network access, credentials, and effects.
e33c62506efcb15ae795847484357704b539bcf1	src/main/java/org/opensearch/securityanalytics/model/STIX2IOCDto.java	contract/schema helper	SA-01.metadata;SA-03.rules;SA-06.stix;SA-07.partition	STIX2IOCDto;getCreated;getDescription;getFeedId;getFeedName;getId;getLabels;getModified;getName;getSeverity;getSpecVersion;getString;getType;getValue;getVersion;parse;readFrom;setCreated;setDescription;setId;setModified;setName;setSeverity;setType;setValue;setVersion;toXContent;writeTo	STIX2IOC	org.apache.logging.log4j.LogManager;org.apache.logging.log4j.Logger;org.opensearch.core.common.io.stream.StreamInput;org.opensearch.core.common.io.stream.StreamOutput;org.opensearch.core.common.io.stream.Writeable;org.opensearch.core.xcontent.ToXContentObject;org.opensearch.core.xcontent.XContentBuilder;org.opensearch.core.xcontent.XContentParser;org.opensearch.core.xcontent.XContentParserUtils;org.opensearch.securityanalytics.commons.model.STIX2	Fields, typed model translation, errors, or containers support the caller; no independent algorithm or durable owner.
e33c62506efcb15ae795847484357704b539bcf1	src/main/java/org/opensearch/securityanalytics/model/ThreatIntelFeedData.java	contract/schema helper	SA-01.metadata;SA-03.rules;SA-06.stix;SA-07.partition	ThreatIntelFeedData;createXContentBuilder;equals;getFeedId;getIocType;getIocValue;getTimestamp;hashCode;parse;toXContent;writeTo		org.apache.logging.log4j.LogManager;org.apache.logging.log4j.Logger;org.opensearch.core.ParseField;org.opensearch.core.common.io.stream.StreamInput;org.opensearch.core.common.io.stream.StreamOutput;org.opensearch.core.common.io.stream.Writeable;org.opensearch.core.xcontent.NamedXContentRegistry;org.opensearch.core.xcontent.ToXContent;org.opensearch.core.xcontent.ToXContentObject;org.opensearch.core.xcontent.XContentBuilder;org.opensearch.core.xcontent.XContentParser;org.opensearch.core.xcontent.XContentParserUtils	Fields, typed model translation, errors, or containers support the caller; no independent algorithm or durable owner.
e33c62506efcb15ae795847484357704b539bcf1	src/main/java/org/opensearch/securityanalytics/model/Value.java	contract/schema helper	SA-01.metadata;SA-03.rules;SA-06.stix;SA-07.partition	Value;getValue;parse;readFrom;toXContent;writeTo		org.apache.logging.log4j.LogManager;org.apache.logging.log4j.Logger;org.opensearch.core.common.io.stream.StreamInput;org.opensearch.core.common.io.stream.StreamOutput;org.opensearch.core.common.io.stream.Writeable;org.opensearch.core.xcontent.ToXContentObject;org.opensearch.core.xcontent.XContentBuilder;org.opensearch.core.xcontent.XContentParser;org.opensearch.core.xcontent.XContentParserUtils	Fields, typed model translation, errors, or containers support the caller; no independent algorithm or durable owner.
e33c62506efcb15ae795847484357704b539bcf1	src/main/java/org/opensearch/securityanalytics/model/threatintel/BaseEntity.java	contract/schema helper	SA-01.metadata;SA-03.rules;SA-06.stix;SA-07.partition	getId;toXContent;writeTo		org.opensearch.core.common.io.stream.StreamOutput;org.opensearch.core.common.io.stream.Writeable;org.opensearch.core.xcontent.ToXContentObject;org.opensearch.core.xcontent.XContentBuilder	Fields, typed model translation, errors, or containers support the caller; no independent algorithm or durable owner.
e33c62506efcb15ae795847484357704b539bcf1	src/main/java/org/opensearch/securityanalytics/model/threatintel/IocFinding.java	contract/schema helper	SA-01.metadata;SA-03.rules;SA-06.stix;SA-07.partition	IocFinding;asTemplateArg;getExecutionId;getFeedIds;getId;getIocType;getIocValue;getMonitorId;getMonitorName;getRelatedDocIds;getTimestamp;parse;readFrom;toXContent;validateIoCMatch;writeTo	BaseEntity;IocWithFeeds	org.apache.commons.lang3.StringUtils;org.opensearch.core.common.io.stream.StreamInput;org.opensearch.core.common.io.stream.StreamOutput;org.opensearch.core.xcontent.XContentBuilder;org.opensearch.core.xcontent.XContentParser;org.opensearch.core.xcontent.XContentParserUtils;org.opensearch.core.xcontent.XContentParserUtils.ensureExpectedToken	Fields, typed model translation, errors, or containers support the caller; no independent algorithm or durable owner.
e33c62506efcb15ae795847484357704b539bcf1	src/main/java/org/opensearch/securityanalytics/model/threatintel/IocWithFeeds.java	contract/schema helper	SA-01.metadata;SA-03.rules;SA-06.stix;SA-07.partition	IocWithFeeds;asTemplateArg;equals;getFeedId;getFeedName;getIndex;getIocId;hashCode;parse;readFrom;toString;toXContent;writeTo		org.opensearch.core.common.io.stream.StreamInput;org.opensearch.core.common.io.stream.StreamOutput;org.opensearch.core.common.io.stream.Writeable;org.opensearch.core.xcontent.ToXContent;org.opensearch.core.xcontent.XContentBuilder;org.opensearch.core.xcontent.XContentParser;org.opensearch.core.xcontent.XContentParserUtils.ensureExpectedToken	Fields, typed model translation, errors, or containers support the caller; no independent algorithm or durable owner.
e33c62506efcb15ae795847484357704b539bcf1	src/main/java/org/opensearch/securityanalytics/model/threatintel/ThreatIntelAlert.java	contract/schema helper	SA-01.metadata;SA-03.rules;SA-06.stix;SA-07.partition	ThreatIntelAlert;asTemplateArg;createXContentBuilder;getAcknowledgedTime;getActionExecutionResults;getEndTime;getErrorMessage;getFindingIds;getId;getIocType;getIocValue;getLastUpdatedTime;getMonitorId;getMonitorName;getPrimaryTerm;getSchemaVersion;getSeqNo;getSeverity;getStartTime;getState;getTriggerId;getTriggerName;getUser;getVersion;isAcknowledged;parse;readFrom;toXContent;toXContentWithUser;updateStatus;writeTo	BaseEntity;ThreatIntelAlertDto;XContentUtils	org.opensearch.commons.alerting.model.ActionExecutionResult;org.opensearch.commons.alerting.model.Alert;org.opensearch.commons.authuser.User;org.opensearch.core.common.io.stream.StreamInput;org.opensearch.core.common.io.stream.StreamOutput;org.opensearch.core.xcontent.XContentBuilder;org.opensearch.core.xcontent.XContentParser;org.opensearch.core.xcontent.XContentParserUtils.ensureExpectedToken;org.opensearch.index.seqno.SequenceNumbers	Fields, typed model translation, errors, or containers support the caller; no independent algorithm or durable owner.
e33c62506efcb15ae795847484357704b539bcf1	src/main/java/org/opensearch/securityanalytics/resthandler/RestAcknowledgeAlertsAction.java	host administration or wire adapter	host	getAlertIds;getName;prepareRequest;routes	AckAlertsAction;AckAlertsRequest;DetectorUtils;SecurityAnalyticsPlugin	org.opensearch.core.xcontent.XContentParser;org.opensearch.core.xcontent.XContentParserUtils.ensureExpectedToken;org.opensearch.rest.BaseRestHandler;org.opensearch.rest.RestRequest;org.opensearch.rest.action.RestToXContentListener;org.opensearch.transport.client.node.NodeClient	Upstream administration, storage, permission, registration, timing, or configuration. Listed embedded calculations are separately mapped.
e33c62506efcb15ae795847484357704b539bcf1	src/main/java/org/opensearch/securityanalytics/resthandler/RestAcknowledgeCorrelationAlertsAction.java	host administration or wire adapter	host	getAlertIds;getName;prepareRequest;routes	AckCorrelationAlertsAction;AckCorrelationAlertsRequest;SecurityAnalyticsPlugin	org.opensearch.core.xcontent.XContentParser;org.opensearch.core.xcontent.XContentParserUtils.ensureExpectedToken;org.opensearch.rest.BaseRestHandler;org.opensearch.rest.RestRequest;org.opensearch.rest.action.RestToXContentListener;org.opensearch.transport.client.node.NodeClient	Upstream administration, storage, permission, registration, timing, or configuration. Listed embedded calculations are separately mapped.
e33c62506efcb15ae795847484357704b539bcf1	src/main/java/org/opensearch/securityanalytics/resthandler/RestCreateIndexMappingsAction.java	host administration or wire adapter	host	getName;prepareRequest;routes	CreateIndexMappingsAction;CreateIndexMappingsRequest;SecurityAnalyticsPlugin	org.opensearch.core.xcontent.XContentParser;org.opensearch.core.xcontent.XContentParserUtils;org.opensearch.rest.BaseRestHandler;org.opensearch.rest.RestRequest;org.opensearch.rest.RestRequest.Method.POST;org.opensearch.rest.action.RestToXContentListener;org.opensearch.transport.client.node.NodeClient	Upstream administration, storage, permission, registration, timing, or configuration. Listed embedded calculations are separately mapped.
e33c62506efcb15ae795847484357704b539bcf1	src/main/java/org/opensearch/securityanalytics/resthandler/RestDeleteCorrelationRuleAction.java	host administration or wire adapter	host	getName;prepareRequest;routes	DeleteCorrelationRuleAction;DeleteCorrelationRuleRequest;RestHandlerUtils;SecurityAnalyticsPlugin	org.apache.logging.log4j.LogManager;org.apache.logging.log4j.Logger;org.opensearch.action.support.WriteRequest;org.opensearch.rest.BaseRestHandler;org.opensearch.rest.RestRequest;org.opensearch.rest.action.RestToXContentListener;org.opensearch.transport.client.node.NodeClient	Upstream administration, storage, permission, registration, timing, or configuration. Listed embedded calculations are separately mapped.
e33c62506efcb15ae795847484357704b539bcf1	src/main/java/org/opensearch/securityanalytics/resthandler/RestDeleteCustomLogTypeAction.java	host administration or wire adapter	host	getName;prepareRequest;routes	CustomLogType;DeleteCustomLogTypeAction;DeleteCustomLogTypeRequest;RestHandlerUtils;SecurityAnalyticsPlugin	org.apache.logging.log4j.LogManager;org.apache.logging.log4j.Logger;org.opensearch.OpenSearchStatusException;org.opensearch.action.support.WriteRequest;org.opensearch.core.rest.RestStatus;org.opensearch.rest.BaseRestHandler;org.opensearch.rest.RestRequest;org.opensearch.rest.action.RestToXContentListener;org.opensearch.transport.client.node.NodeClient	Upstream administration, storage, permission, registration, timing, or configuration. Listed embedded calculations are separately mapped.
e33c62506efcb15ae795847484357704b539bcf1	src/main/java/org/opensearch/securityanalytics/resthandler/RestDeleteDetectorAction.java	host administration or wire adapter	host	getName;prepareRequest;routes	DeleteDetectorAction;DeleteDetectorRequest;DetectorUtils;RestHandlerUtils;SecurityAnalyticsPlugin	org.apache.logging.log4j.LogManager;org.apache.logging.log4j.Logger;org.opensearch.action.support.WriteRequest;org.opensearch.rest.BaseRestHandler;org.opensearch.rest.RestRequest;org.opensearch.rest.action.RestToXContentListener;org.opensearch.transport.client.node.NodeClient	Upstream administration, storage, permission, registration, timing, or configuration. Listed embedded calculations are separately mapped.
e33c62506efcb15ae795847484357704b539bcf1	src/main/java/org/opensearch/securityanalytics/resthandler/RestDeleteRuleAction.java	host administration or wire adapter	host	getName;prepareRequest;routes	DeleteRuleAction;DeleteRuleRequest;RestHandlerUtils;SecurityAnalyticsPlugin	org.apache.logging.log4j.LogManager;org.apache.logging.log4j.Logger;org.opensearch.action.support.WriteRequest;org.opensearch.rest.BaseRestHandler;org.opensearch.rest.RestRequest;org.opensearch.rest.action.RestToXContentListener;org.opensearch.transport.client.node.NodeClient	Upstream administration, storage, permission, registration, timing, or configuration. Listed embedded calculations are separately mapped.
e33c62506efcb15ae795847484357704b539bcf1	src/main/java/org/opensearch/securityanalytics/resthandler/RestGetAlertsAction.java	host administration or wire adapter	host	getName;prepareRequest;routes	GetAlertsAction;GetAlertsRequest;SecurityAnalyticsPlugin	org.opensearch.commons.alerting.model.Table;org.opensearch.rest.BaseRestHandler;org.opensearch.rest.RestRequest;org.opensearch.rest.RestRequest.Method.GET;org.opensearch.rest.action.RestToXContentListener;org.opensearch.transport.client.node.NodeClient	Upstream administration, storage, permission, registration, timing, or configuration. Listed embedded calculations are separately mapped.
e33c62506efcb15ae795847484357704b539bcf1	src/main/java/org/opensearch/securityanalytics/resthandler/RestGetAllRuleCategoriesAction.java	host administration or wire adapter	host	getName;prepareRequest;routes	GetAllRuleCategoriesAction;GetAllRuleCategoriesRequest;SecurityAnalyticsPlugin	org.opensearch.rest.BaseRestHandler;org.opensearch.rest.RestRequest;org.opensearch.rest.RestRequest.Method.GET;org.opensearch.rest.action.RestToXContentListener;org.opensearch.transport.client.node.NodeClient	Upstream administration, storage, permission, registration, timing, or configuration. Listed embedded calculations are separately mapped.
e33c62506efcb15ae795847484357704b539bcf1	src/main/java/org/opensearch/securityanalytics/resthandler/RestGetCorrelationsAlertsAction.java	host administration or wire adapter	host	getName;prepareRequest;routes	GetCorrelationAlertsAction;GetCorrelationAlertsRequest;SecurityAnalyticsPlugin	org.opensearch.commons.alerting.model.Table;org.opensearch.rest.BaseRestHandler;org.opensearch.rest.RestRequest;org.opensearch.rest.RestRequest.Method.GET;org.opensearch.rest.action.RestToXContentListener;org.opensearch.transport.client.node.NodeClient	Upstream administration, storage, permission, registration, timing, or configuration. Listed embedded calculations are separately mapped.
e33c62506efcb15ae795847484357704b539bcf1	src/main/java/org/opensearch/securityanalytics/resthandler/RestGetDetectorAction.java	host administration or wire adapter	host	getName;prepareRequest;routes	Detector;GetDetectorAction;GetDetectorRequest;SecurityAnalyticsPlugin	org.apache.logging.log4j.LogManager;org.apache.logging.log4j.Logger;org.opensearch.rest.BaseRestHandler;org.opensearch.rest.RestRequest;org.opensearch.rest.RestRequest.Method.GET;org.opensearch.rest.action.RestActions;org.opensearch.rest.action.RestToXContentListener;org.opensearch.transport.client.node.NodeClient	Upstream administration, storage, permission, registration, timing, or configuration. Listed embedded calculations are separately mapped.
e33c62506efcb15ae795847484357704b539bcf1	src/main/java/org/opensearch/securityanalytics/resthandler/RestGetFindingsAction.java	host administration or wire adapter	host	getName;prepareRequest;routes	GetFindingsAction;GetFindingsRequest;SecurityAnalyticsPlugin	org.opensearch.commons.alerting.model.Table;org.opensearch.rest.BaseRestHandler;org.opensearch.rest.RestRequest;org.opensearch.rest.RestRequest.Method.GET;org.opensearch.rest.action.RestToXContentListener;org.opensearch.transport.client.node.NodeClient	Upstream administration, storage, permission, registration, timing, or configuration. Listed embedded calculations are separately mapped.
e33c62506efcb15ae795847484357704b539bcf1	src/main/java/org/opensearch/securityanalytics/resthandler/RestGetIndexMappingsAction.java	host administration or wire adapter	host	getName;prepareRequest;routes	GetIndexMappingsAction;GetIndexMappingsRequest;SecurityAnalyticsPlugin	org.opensearch.core.xcontent.XContentParser;org.opensearch.rest.BaseRestHandler;org.opensearch.rest.RestRequest;org.opensearch.rest.RestRequest.Method.GET;org.opensearch.rest.action.RestToXContentListener;org.opensearch.transport.client.node.NodeClient	Upstream administration, storage, permission, registration, timing, or configuration. Listed embedded calculations are separately mapped.
e33c62506efcb15ae795847484357704b539bcf1	src/main/java/org/opensearch/securityanalytics/resthandler/RestGetMappingsViewAction.java	host administration or wire adapter	host	getName;prepareRequest;routes	GetMappingsViewAction;GetMappingsViewRequest;SecurityAnalyticsPlugin	org.opensearch.core.xcontent.XContentParser;org.opensearch.rest.BaseRestHandler;org.opensearch.rest.RestRequest;org.opensearch.rest.RestRequest.Method.GET;org.opensearch.rest.action.RestToXContentListener;org.opensearch.transport.client.node.NodeClient	Upstream administration, storage, permission, registration, timing, or configuration. Listed embedded calculations are separately mapped.
e33c62506efcb15ae795847484357704b539bcf1	src/main/java/org/opensearch/securityanalytics/resthandler/RestIndexCorrelationRuleAction.java	host administration or wire adapter	host	buildResponse;getName;indexCorrelationRuleResponse;prepareRequest;routes	CorrelationRule;IndexCorrelationRuleAction;IndexCorrelationRuleRequest;IndexCorrelationRuleResponse;SecurityAnalyticsPlugin	org.apache.logging.log4j.LogManager;org.apache.logging.log4j.Logger;org.opensearch.core.rest.RestStatus;org.opensearch.core.xcontent.ToXContent;org.opensearch.core.xcontent.XContentParser;org.opensearch.rest.BaseRestHandler;org.opensearch.rest.BytesRestResponse;org.opensearch.rest.RestChannel;org.opensearch.rest.RestRequest;org.opensearch.rest.RestResponse;org.opensearch.rest.action.RestResponseListener;org.opensearch.transport.client.node.NodeClient	Upstream administration, storage, permission, registration, timing, or configuration. Listed embedded calculations are separately mapped.
e33c62506efcb15ae795847484357704b539bcf1	src/main/java/org/opensearch/securityanalytics/resthandler/RestIndexCustomLogTypeAction.java	host administration or wire adapter	host	buildResponse;getName;indexCustomLogTypeResponse;prepareRequest;routes	CustomLogType;Detector;IndexCustomLogTypeAction;IndexCustomLogTypeRequest;IndexCustomLogTypeResponse;RestHandlerUtils;SecurityAnalyticsPlugin	org.apache.logging.log4j.LogManager;org.apache.logging.log4j.Logger;org.opensearch.action.support.WriteRequest;org.opensearch.core.rest.RestStatus;org.opensearch.core.xcontent.ToXContent;org.opensearch.core.xcontent.XContentParser;org.opensearch.core.xcontent.XContentParserUtils;org.opensearch.rest.BaseRestHandler;org.opensearch.rest.BytesRestResponse;org.opensearch.rest.RestChannel;org.opensearch.rest.RestRequest;org.opensearch.rest.RestResponse;org.opensearch.rest.action.RestResponseListener;org.opensearch.transport.client.node.NodeClient	Upstream administration, storage, permission, registration, timing, or configuration. Listed embedded calculations are separately mapped.
e33c62506efcb15ae795847484357704b539bcf1	src/main/java/org/opensearch/securityanalytics/resthandler/RestIndexDetectorAction.java	host administration or wire adapter	host	buildResponse;getName;indexDetectorResponse;prepareRequest;routes;validateDetectorTriggers	Detector;DetectorTrigger;DetectorUtils;IndexDetectorAction;IndexDetectorRequest;IndexDetectorResponse;RestHandlerUtils;SecurityAnalyticsPlugin	org.apache.logging.log4j.LogManager;org.apache.logging.log4j.Logger;org.opensearch.action.support.WriteRequest;org.opensearch.core.rest.RestStatus;org.opensearch.core.xcontent.ToXContent;org.opensearch.core.xcontent.XContentParser;org.opensearch.core.xcontent.XContentParserUtils;org.opensearch.rest.BaseRestHandler;org.opensearch.rest.BytesRestResponse;org.opensearch.rest.RestChannel;org.opensearch.rest.RestRequest;org.opensearch.rest.RestResponse;org.opensearch.rest.action.RestResponseListener;org.opensearch.transport.client.node.NodeClient	Upstream administration, storage, permission, registration, timing, or configuration. Listed embedded calculations are separately mapped.
e33c62506efcb15ae795847484357704b539bcf1	src/main/java/org/opensearch/securityanalytics/resthandler/RestIndexRuleAction.java	host administration or wire adapter	host	buildResponse;getName;indexRuleResponse;prepareRequest;routes	Detector;IndexRuleAction;IndexRuleRequest;IndexRuleResponse;RestHandlerUtils;SecurityAnalyticsPlugin	org.apache.logging.log4j.LogManager;org.apache.logging.log4j.Logger;org.opensearch.action.support.WriteRequest;org.opensearch.core.rest.RestStatus;org.opensearch.core.xcontent.ToXContent;org.opensearch.rest.BaseRestHandler;org.opensearch.rest.BytesRestResponse;org.opensearch.rest.RestChannel;org.opensearch.rest.RestRequest;org.opensearch.rest.RestResponse;org.opensearch.rest.action.RestResponseListener;org.opensearch.transport.client.node.NodeClient	Upstream administration, storage, permission, registration, timing, or configuration. Listed embedded calculations are separately mapped.
e33c62506efcb15ae795847484357704b539bcf1	src/main/java/org/opensearch/securityanalytics/resthandler/RestListCorrelationAction.java	host administration or wire adapter	host	buildResponse;getName;prepareRequest;routes	ListCorrelationsAction;ListCorrelationsRequest;ListCorrelationsResponse;SecurityAnalyticsPlugin	org.apache.logging.log4j.LogManager;org.apache.logging.log4j.Logger;org.opensearch.core.rest.RestStatus.OK;org.opensearch.core.xcontent.ToXContent;org.opensearch.rest.BaseRestHandler;org.opensearch.rest.BytesRestResponse;org.opensearch.rest.RestChannel;org.opensearch.rest.RestRequest;org.opensearch.rest.RestRequest.Method.GET;org.opensearch.rest.RestResponse;org.opensearch.rest.action.RestResponseListener;org.opensearch.transport.client.node.NodeClient	Upstream administration, storage, permission, registration, timing, or configuration. Listed embedded calculations are separately mapped.
e33c62506efcb15ae795847484357704b539bcf1	src/main/java/org/opensearch/securityanalytics/resthandler/RestSearchCorrelationAction.java	host administration or wire adapter	host	buildResponse;getName;prepareRequest;routes	CorrelatedFindingAction;CorrelatedFindingRequest;CorrelatedFindingResponse;SecurityAnalyticsPlugin	org.apache.logging.log4j.LogManager;org.apache.logging.log4j.Logger;org.opensearch.core.rest.RestStatus.OK;org.opensearch.core.xcontent.ToXContent;org.opensearch.rest.BaseRestHandler;org.opensearch.rest.BytesRestResponse;org.opensearch.rest.RestChannel;org.opensearch.rest.RestRequest;org.opensearch.rest.RestRequest.Method.GET;org.opensearch.rest.RestResponse;org.opensearch.rest.action.RestResponseListener;org.opensearch.transport.client.node.NodeClient	Upstream administration, storage, permission, registration, timing, or configuration. Listed embedded calculations are separately mapped.
e33c62506efcb15ae795847484357704b539bcf1	src/main/java/org/opensearch/securityanalytics/resthandler/RestSearchCorrelationRuleAction.java	host administration or wire adapter	host	getName;prepareRequest;routes	CorrelationRule;SearchCorrelationRuleAction;SearchCorrelationRuleRequest;SecurityAnalyticsPlugin	org.apache.logging.log4j.LogManager;org.apache.logging.log4j.Logger;org.opensearch.action.search.SearchRequest;org.opensearch.cluster.routing.Preference;org.opensearch.index.query.QueryBuilder;org.opensearch.index.query.QueryBuilders;org.opensearch.rest.BaseRestHandler;org.opensearch.rest.RestRequest;org.opensearch.rest.action.RestToXContentListener;org.opensearch.search.builder.SearchSourceBuilder;org.opensearch.transport.client.node.NodeClient	Upstream administration, storage, permission, registration, timing, or configuration. Listed embedded calculations are separately mapped.
e33c62506efcb15ae795847484357704b539bcf1	src/main/java/org/opensearch/securityanalytics/resthandler/RestSearchCustomLogTypeAction.java	host administration or wire adapter	host	buildResponse;getName;prepareRequest;routes	CustomLogType;LogTypeService;SearchCustomLogTypeAction;SearchCustomLogTypeRequest;SecurityAnalyticsPlugin	org.apache.logging.log4j.LogManager;org.apache.logging.log4j.Logger;org.opensearch.action.search.SearchRequest;org.opensearch.action.search.SearchResponse;org.opensearch.common.xcontent.XContentFactory;org.opensearch.core.common.bytes.BytesReference;org.opensearch.core.rest.RestStatus.OK;org.opensearch.core.xcontent.ToXContent;org.opensearch.core.xcontent.XContentBuilder;org.opensearch.rest.BaseRestHandler;org.opensearch.rest.BytesRestResponse;org.opensearch.rest.RestChannel;org.opensearch.rest.RestRequest;org.opensearch.rest.RestResponse;org.opensearch.rest.action.RestResponseListener;org.opensearch.search.SearchHit;org.opensearch.search.builder.SearchSourceBuilder;org.opensearch.search.fetch.subphase.FetchSourceContext;org.opensearch.transport.client.node.NodeClient	Upstream administration, storage, permission, registration, timing, or configuration. Listed embedded calculations are separately mapped.
e33c62506efcb15ae795847484357704b539bcf1	src/main/java/org/opensearch/securityanalytics/resthandler/RestSearchDetectorAction.java	host administration or wire adapter	host	buildResponse;getName;prepareRequest;routes	Detector;SearchDetectorAction;SearchDetectorRequest;SecurityAnalyticsPlugin	org.apache.logging.log4j.LogManager;org.apache.logging.log4j.Logger;org.opensearch.action.search.SearchRequest;org.opensearch.action.search.SearchResponse;org.opensearch.cluster.routing.Preference;org.opensearch.common.xcontent.LoggingDeprecationHandler;org.opensearch.common.xcontent.XContentFactory;org.opensearch.common.xcontent.XContentType;org.opensearch.core.common.bytes.BytesReference;org.opensearch.core.rest.RestStatus.OK;org.opensearch.core.xcontent.ToXContent;org.opensearch.core.xcontent.XContentBuilder;org.opensearch.core.xcontent.XContentParser;org.opensearch.rest.BaseRestHandler;org.opensearch.rest.BytesRestResponse;org.opensearch.rest.RestChannel;org.opensearch.rest.RestRequest;org.opensearch.rest.RestRequest.Method.POST;org.opensearch.rest.RestResponse;org.opensearch.rest.action.RestResponseListener;org.opensearch.search.SearchHit;org.opensearch.search.builder.SearchSourceBuilder;org.opensearch.search.fetch.subphase.FetchSourceContext;org.opensearch.transport.client.node.NodeClient	Upstream administration, storage, permission, registration, timing, or configuration. Listed embedded calculations are separately mapped.
e33c62506efcb15ae795847484357704b539bcf1	src/main/java/org/opensearch/securityanalytics/resthandler/RestSearchRuleAction.java	host administration or wire adapter	host	buildResponse;getName;prepareRequest;routes;searchRuleResponse	Rule;SearchRuleAction;SearchRuleRequest;SecurityAnalyticsPlugin	org.apache.logging.log4j.LogManager;org.apache.logging.log4j.Logger;org.opensearch.action.search.SearchRequest;org.opensearch.action.search.SearchResponse;org.opensearch.cluster.routing.Preference;org.opensearch.common.xcontent.LoggingDeprecationHandler;org.opensearch.common.xcontent.XContentFactory;org.opensearch.common.xcontent.XContentType;org.opensearch.core.common.bytes.BytesReference;org.opensearch.core.rest.RestStatus;org.opensearch.core.xcontent.ToXContent.EMPTY_PARAMS;org.opensearch.core.xcontent.XContentBuilder;org.opensearch.core.xcontent.XContentParser;org.opensearch.index.query.QueryBuilder;org.opensearch.index.query.QueryBuilders;org.opensearch.rest.BaseRestHandler;org.opensearch.rest.BytesRestResponse;org.opensearch.rest.RestChannel;org.opensearch.rest.RestRequest;org.opensearch.rest.RestResponse;org.opensearch.rest.action.RestResponseListener;org.opensearch.search.SearchHit;org.opensearch.search.builder.SearchSourceBuilder;org.opensearch.transport.client.node.NodeClient	Upstream administration, storage, permission, registration, timing, or configuration. Listed embedded calculations are separately mapped.
e33c62506efcb15ae795847484357704b539bcf1	src/main/java/org/opensearch/securityanalytics/resthandler/RestTestS3ConnectionAction.java	host administration or wire adapter	host	getName;prepareRequest;routes	SecurityAnalyticsPlugin;TestS3ConnectionAction;TestS3ConnectionRequest	org.apache.logging.log4j.LogManager;org.apache.logging.log4j.Logger;org.opensearch.core.xcontent.XContentParser;org.opensearch.core.xcontent.XContentParserUtils;org.opensearch.rest.BaseRestHandler;org.opensearch.rest.RestRequest;org.opensearch.rest.action.RestToXContentListener;org.opensearch.transport.client.node.NodeClient	Upstream administration, storage, permission, registration, timing, or configuration. Listed embedded calculations are separately mapped.
e33c62506efcb15ae795847484357704b539bcf1	src/main/java/org/opensearch/securityanalytics/resthandler/RestUpdateIndexMappingsAction.java	host administration or wire adapter	host	getName;prepareRequest;routes	SecurityAnalyticsPlugin;UpdateIndexMappingsAction;UpdateIndexMappingsRequest	org.opensearch.core.xcontent.XContentParser;org.opensearch.core.xcontent.XContentParserUtils;org.opensearch.rest.BaseRestHandler;org.opensearch.rest.RestRequest;org.opensearch.rest.RestRequest.Method.PUT;org.opensearch.rest.action.RestToXContentListener;org.opensearch.transport.client.node.NodeClient	Upstream administration, storage, permission, registration, timing, or configuration. Listed embedded calculations are separately mapped.
e33c62506efcb15ae795847484357704b539bcf1	src/main/java/org/opensearch/securityanalytics/resthandler/RestValidateRulesAction.java	host administration or wire adapter	host	getName;prepareRequest;routes	SecurityAnalyticsPlugin;ValidateRulesAction;ValidateRulesRequest	org.apache.logging.log4j.LogManager;org.apache.logging.log4j.Logger;org.opensearch.core.xcontent.XContentParser;org.opensearch.core.xcontent.XContentParserUtils;org.opensearch.rest.BaseRestHandler;org.opensearch.rest.RestRequest;org.opensearch.rest.action.RestToXContentListener;org.opensearch.transport.client.node.NodeClient	Upstream administration, storage, permission, registration, timing, or configuration. Listed embedded calculations are separately mapped.
e33c62506efcb15ae795847484357704b539bcf1	src/main/java/org/opensearch/securityanalytics/rules/aggregation/AggregationItem.java	calculation or helper	SA-02.parse;SA-02.threshold	getAggField;getAggFunction;getCompOperator;getGroupByField;getThreshold;getTimeframe;setAggField;setAggFunction;setCompOperator;setGroupByField;setThreshold;setTimeframe			Retain listed calculation/validation. Existing host owners replace storage, network access, credentials, and effects.
e33c62506efcb15ae795847484357704b539bcf1	src/main/java/org/opensearch/securityanalytics/rules/aggregation/AggregationTraverseVisitor.java	calculation or helper	SA-02.parse;SA-02.threshold	AggregationTraverseVisitor;getAggregationItem;visitAggExpressionParens;visitComparisonExpressionWithOperator;visitGroupby_expr;visitNumericConst;visitNumericVariable	AggregationItem		Retain listed calculation/validation. Existing host owners replace storage, network access, credentials, and effects.
e33c62506efcb15ae795847484357704b539bcf1	src/main/java/org/opensearch/securityanalytics/rules/backend/AggregationBuilders.java	calculation or helper	SA-02.parse;SA-02.threshold	getAggregationBuilderByFunction		org.apache.commons.lang3.NotImplementedException;org.opensearch.search.aggregations.AggregationBuilder;org.opensearch.search.aggregations.bucket.terms.TermsAggregationBuilder;org.opensearch.search.aggregations.metrics.AvgAggregationBuilder;org.opensearch.search.aggregations.metrics.MaxAggregationBuilder;org.opensearch.search.aggregations.metrics.MedianAbsoluteDeviationAggregationBuilder;org.opensearch.search.aggregations.metrics.MinAggregationBuilder;org.opensearch.search.aggregations.metrics.SumAggregationBuilder;org.opensearch.search.aggregations.metrics.ValueCountAggregationBuilder	Retain listed calculation/validation. Existing host owners replace storage, network access, credentials, and effects.
e33c62506efcb15ae795847484357704b539bcf1	src/main/java/org/opensearch/securityanalytics/rules/backend/OSQueryBackend.java	calculation or helper	SA-01.boolean;SA-01.bound;SA-01.unbound;SA-02.count-documents;SA-02.threshold	AggregationQueries;OSQueryBackend;comparePrecedence;convertAggregation;convertConditionAnd;convertConditionAsInExpression;convertConditionFieldEqValBool;convertConditionFieldEqValCidr;convertConditionFieldEqValNull;convertConditionFieldEqValNum;convertConditionFieldEqValOpVal;convertConditionFieldEqValRe;convertConditionFieldEqValStr;convertConditionGroup;convertConditionNot;convertConditionOr;convertConditionValNum;convertConditionValRe;convertConditionValStr;convertExistsField;convertValueCidr;convertValueRe;convertValueStr;createXContentBuilder;docParse;getAggBuilder;getAggQuery;getBucketTriggerQuery;getCondition;getFinalField;getMappedField;parse;setAggBuilder;setAggQuery;setBucketTriggerQuery;setCondition;toString;toXContent;writeTo	AggregationBuilders;AggregationItem;AnyOneOf;ConditionAND;ConditionFieldEqualsValueExpression;ConditionItem;ConditionNOT;ConditionOR;ConditionType;ConditionValueExpression;Either;QueryBackend;SigmaBool;SigmaCIDRExpression;SigmaCompareExpression;SigmaExpansion;SigmaNumber;SigmaRegularExpression;SigmaString;SigmaValueError	org.apache.commons.lang3.NotImplementedException;org.opensearch.OpenSearchParseException;org.opensearch.common.UUIDs;org.opensearch.common.xcontent.XContentFactory;org.opensearch.commons.alerting.aggregation.bucketselectorext.BucketSelectorExtAggregationBuilder;org.opensearch.core.common.bytes.BytesReference;org.opensearch.core.common.io.stream.StreamInput;org.opensearch.core.common.io.stream.StreamOutput;org.opensearch.core.common.io.stream.Writeable;org.opensearch.core.xcontent.ToXContent;org.opensearch.core.xcontent.ToXContentObject;org.opensearch.core.xcontent.XContentBuilder;org.opensearch.core.xcontent.XContentParser;org.opensearch.core.xcontent.XContentParserUtils;org.opensearch.script.Script;org.opensearch.search.aggregations.AggregationBuilder;org.opensearch.search.aggregations.bucket.terms.TermsAggregationBuilder	Retain listed calculation/validation. Existing host owners replace storage, network access, credentials, and effects.
e33c62506efcb15ae795847484357704b539bcf1	src/main/java/org/opensearch/securityanalytics/rules/backend/QueryBackend.java	calculation or helper	SA-01.boolean;SA-01.bound;SA-01.unbound;SA-02.count-documents;SA-02.threshold	QueryBackend;convertAggregation;convertCondition;convertConditionAnd;convertConditionAsInExpression;convertConditionFieldEqVal;convertConditionFieldEqValBool;convertConditionFieldEqValCidr;convertConditionFieldEqValNot;convertConditionFieldEqValNull;convertConditionFieldEqValNum;convertConditionFieldEqValOpVal;convertConditionFieldEqValQueryExpansion;convertConditionFieldEqValRe;convertConditionFieldEqValStr;convertConditionNot;convertConditionOr;convertConditionVal;convertConditionValNum;convertConditionValRe;convertConditionValStr;convertExistsField;convertRule;decideConvertConditionAsInExpression;getQueryFields;resetQueryFields	AggregationItem;AnyOneOf;ConditionAND;ConditionFieldEqualsValueExpression;ConditionItem;ConditionNOT;ConditionOR;ConditionType;ConditionValueExpression;Either;OSQueryBackend;SigmaBool;SigmaCIDRExpression;SigmaCompareExpression;SigmaCondition;SigmaConditionError;SigmaError;SigmaExpansion;SigmaNull;SigmaNumber;SigmaRegularExpression;SigmaRule;SigmaString;SigmaType;SigmaValueError	org.apache.commons.lang3.tuple.Pair	Retain listed calculation/validation. Existing host owners replace storage, network access, credentials, and effects.
e33c62506efcb15ae795847484357704b539bcf1	src/main/java/org/opensearch/securityanalytics/rules/condition/ConditionAND.java	calculation or helper	SA-01.condition;SA-01.selector-one;SA-01.selector-all	ConditionAND	AnyOneOf;ConditionFieldEqualsValueExpression;ConditionItem;ConditionValueExpression;Either		Retain listed calculation/validation. Existing host owners replace storage, network access, credentials, and effects.
e33c62506efcb15ae795847484357704b539bcf1	src/main/java/org/opensearch/securityanalytics/rules/condition/ConditionFieldEqualsValueExpression.java	calculation or helper	SA-01.condition;SA-01.selector-one;SA-01.selector-all	ConditionFieldEqualsValueExpression;getField;getValue;postProcess	ConditionItem;Either;SigmaDetectionItem;SigmaDetections;SigmaType		Retain listed calculation/validation. Existing host owners replace storage, network access, credentials, and effects.
e33c62506efcb15ae795847484357704b539bcf1	src/main/java/org/opensearch/securityanalytics/rules/condition/ConditionIdentifier.java	calculation or helper	SA-01.condition;SA-01.selector-one;SA-01.selector-all	ConditionIdentifier;postProcess	AnyOneOf;ConditionFieldEqualsValueExpression;ConditionItem;ConditionValueExpression;Either;SigmaConditionError;SigmaDetection;SigmaDetections		Retain listed calculation/validation. Existing host owners replace storage, network access, credentials, and effects.
e33c62506efcb15ae795847484357704b539bcf1	src/main/java/org/opensearch/securityanalytics/rules/condition/ConditionItem.java	calculation or helper	SA-01.condition;SA-01.selector-one;SA-01.selector-all	ConditionItem;getArgs;postProcess;setArgs;setParent	AnyOneOf;ConditionFieldEqualsValueExpression;ConditionValueExpression;Either;SigmaConditionError;SigmaDetectionItem;SigmaDetections		Retain listed calculation/validation. Existing host owners replace storage, network access, credentials, and effects.
e33c62506efcb15ae795847484357704b539bcf1	src/main/java/org/opensearch/securityanalytics/rules/condition/ConditionNOT.java	calculation or helper	SA-01.condition;SA-01.selector-one;SA-01.selector-all	ConditionNOT	AnyOneOf;ConditionFieldEqualsValueExpression;ConditionItem;ConditionValueExpression;Either		Retain listed calculation/validation. Existing host owners replace storage, network access, credentials, and effects.
e33c62506efcb15ae795847484357704b539bcf1	src/main/java/org/opensearch/securityanalytics/rules/condition/ConditionOR.java	calculation or helper	SA-01.condition;SA-01.selector-one;SA-01.selector-all	ConditionOR	AnyOneOf;ConditionFieldEqualsValueExpression;ConditionItem;ConditionValueExpression;Either		Retain listed calculation/validation. Existing host owners replace storage, network access, credentials, and effects.
e33c62506efcb15ae795847484357704b539bcf1	src/main/java/org/opensearch/securityanalytics/rules/condition/ConditionSelector.java	calculation or helper	SA-01.condition;SA-01.selector-one;SA-01.selector-all	ConditionSelector;postProcess	AnyOneOf;ConditionAND;ConditionFieldEqualsValueExpression;ConditionIdentifier;ConditionItem;ConditionOR;ConditionValueExpression;Either;SigmaConditionError;SigmaDetectionItem;SigmaDetections		Retain listed calculation/validation. Existing host owners replace storage, network access, credentials, and effects.
e33c62506efcb15ae795847484357704b539bcf1	src/main/java/org/opensearch/securityanalytics/rules/condition/ConditionTraverseVisitor.java	calculation or helper	SA-01.condition;SA-01.selector-one;SA-01.selector-all	ConditionTraverseVisitor;visitAndExpression;visitIdentOrSelectExpression;visitNotExpression;visitOrExpression;visitParenExpression;visitStart	AnyOneOf;ConditionAND;ConditionItem;ConditionNOT;ConditionOR;Either;SigmaCondition;SigmaConditionError		Retain listed calculation/validation. Existing host owners replace storage, network access, credentials, and effects.
e33c62506efcb15ae795847484357704b539bcf1	src/main/java/org/opensearch/securityanalytics/rules/condition/ConditionType.java	calculation or helper	SA-01.condition;SA-01.selector-one;SA-01.selector-all	ConditionType;getClazz;getConditionAND;getConditionNOT;getConditionOR;getEqualsValueExpression;getValueExpression;isConditionAND;isConditionNOT;isConditionOR;isEqualsValueExpression;isValueExpression	AnyOneOf;ConditionAND;ConditionFieldEqualsValueExpression;ConditionNOT;ConditionOR;ConditionValueExpression;Either		Retain listed calculation/validation. Existing host owners replace storage, network access, credentials, and effects.
e33c62506efcb15ae795847484357704b539bcf1	src/main/java/org/opensearch/securityanalytics/rules/condition/ConditionValueExpression.java	calculation or helper	SA-01.condition;SA-01.selector-one;SA-01.selector-all	ConditionValueExpression;getValue;postProcess	ConditionItem;Either;SigmaDetectionItem;SigmaDetections;SigmaType		Retain listed calculation/validation. Existing host owners replace storage, network access, credentials, and effects.
e33c62506efcb15ae795847484357704b539bcf1	src/main/java/org/opensearch/securityanalytics/rules/exceptions/CompositeSigmaErrors.java	contract helper	SA-01.parse;SA-01.values	CompositeSigmaErrors;addError;getErrors	SigmaError	org.opensearch.OpenSearchException	Fields, typed model translation, errors, or containers support the caller; no independent algorithm or durable owner.
e33c62506efcb15ae795847484357704b539bcf1	src/main/java/org/opensearch/securityanalytics/rules/exceptions/SigmaConditionError.java	contract helper	SA-01.parse;SA-01.values	SigmaConditionError	SigmaError		Fields, typed model translation, errors, or containers support the caller; no independent algorithm or durable owner.
e33c62506efcb15ae795847484357704b539bcf1	src/main/java/org/opensearch/securityanalytics/rules/exceptions/SigmaDateError.java	contract helper	SA-01.parse;SA-01.values	SigmaDateError	SigmaError		Fields, typed model translation, errors, or containers support the caller; no independent algorithm or durable owner.
e33c62506efcb15ae795847484357704b539bcf1	src/main/java/org/opensearch/securityanalytics/rules/exceptions/SigmaDetectionError.java	contract helper	SA-01.parse;SA-01.values	SigmaDetectionError	SigmaError		Fields, typed model translation, errors, or containers support the caller; no independent algorithm or durable owner.
e33c62506efcb15ae795847484357704b539bcf1	src/main/java/org/opensearch/securityanalytics/rules/exceptions/SigmaError.java	contract helper	SA-01.parse;SA-01.values	SigmaError;toString			Fields, typed model translation, errors, or containers support the caller; no independent algorithm or durable owner.
e33c62506efcb15ae795847484357704b539bcf1	src/main/java/org/opensearch/securityanalytics/rules/exceptions/SigmaIdentifierError.java	contract helper	SA-01.parse;SA-01.values	SigmaIdentifierError	SigmaError		Fields, typed model translation, errors, or containers support the caller; no independent algorithm or durable owner.
e33c62506efcb15ae795847484357704b539bcf1	src/main/java/org/opensearch/securityanalytics/rules/exceptions/SigmaLevelError.java	contract helper	SA-01.parse;SA-01.values	SigmaLevelError	SigmaError		Fields, typed model translation, errors, or containers support the caller; no independent algorithm or durable owner.
e33c62506efcb15ae795847484357704b539bcf1	src/main/java/org/opensearch/securityanalytics/rules/exceptions/SigmaLogsourceError.java	contract helper	SA-01.parse;SA-01.values	SigmaLogsourceError	SigmaError		Fields, typed model translation, errors, or containers support the caller; no independent algorithm or durable owner.
e33c62506efcb15ae795847484357704b539bcf1	src/main/java/org/opensearch/securityanalytics/rules/exceptions/SigmaModifierError.java	contract helper	SA-01.parse;SA-01.values	SigmaModifierError	SigmaError		Fields, typed model translation, errors, or containers support the caller; no independent algorithm or durable owner.
e33c62506efcb15ae795847484357704b539bcf1	src/main/java/org/opensearch/securityanalytics/rules/exceptions/SigmaRegularExpressionError.java	contract helper	SA-01.parse;SA-01.values	SigmaRegularExpressionError	SigmaError		Fields, typed model translation, errors, or containers support the caller; no independent algorithm or durable owner.
e33c62506efcb15ae795847484357704b539bcf1	src/main/java/org/opensearch/securityanalytics/rules/exceptions/SigmaStatusError.java	contract helper	SA-01.parse;SA-01.values	SigmaStatusError	SigmaError		Fields, typed model translation, errors, or containers support the caller; no independent algorithm or durable owner.
e33c62506efcb15ae795847484357704b539bcf1	src/main/java/org/opensearch/securityanalytics/rules/exceptions/SigmaTitleError.java	contract helper	SA-01.parse;SA-01.values	SigmaTitleError	SigmaError		Fields, typed model translation, errors, or containers support the caller; no independent algorithm or durable owner.
e33c62506efcb15ae795847484357704b539bcf1	src/main/java/org/opensearch/securityanalytics/rules/exceptions/SigmaTypeError.java	contract helper	SA-01.parse;SA-01.values	SigmaTypeError	SigmaModifierError		Fields, typed model translation, errors, or containers support the caller; no independent algorithm or durable owner.
e33c62506efcb15ae795847484357704b539bcf1	src/main/java/org/opensearch/securityanalytics/rules/exceptions/SigmaValueError.java	contract helper	SA-01.parse;SA-01.values	SigmaValueError	SigmaError		Fields, typed model translation, errors, or containers support the caller; no independent algorithm or durable owner.
e33c62506efcb15ae795847484357704b539bcf1	src/main/java/org/opensearch/securityanalytics/rules/modifiers/SigmaAllModifier.java	calculation or helper	SA-01.all	SigmaAllModifier;getTypeHints;modify	ConditionAND;Either;SigmaDetectionItem;SigmaListModifier;SigmaModifier;SigmaType	org.apache.commons.lang3.tuple.Pair	Retain listed calculation/validation. Existing host owners replace storage, network access, credentials, and effects.
e33c62506efcb15ae795847484357704b539bcf1	src/main/java/org/opensearch/securityanalytics/rules/modifiers/SigmaBase64Modifier.java	calculation or helper	SA-01.base64	SigmaBase64Modifier;getTypeHints;modify	Either;SigmaDetectionItem;SigmaModifier;SigmaString;SigmaType;SigmaValueError;SigmaValueModifier	org.apache.commons.lang3.tuple.Pair	Retain listed calculation/validation. Existing host owners replace storage, network access, credentials, and effects.
e33c62506efcb15ae795847484357704b539bcf1	src/main/java/org/opensearch/securityanalytics/rules/modifiers/SigmaBase64OffsetModifier.java	calculation or helper	SA-01.base64offset	SigmaBase64OffsetModifier;getTypeHints;modify	Either;SigmaDetectionItem;SigmaExpansion;SigmaModifier;SigmaString;SigmaType;SigmaValueError;SigmaValueModifier	org.apache.commons.lang3.ArrayUtils;org.apache.commons.lang3.tuple.Pair	Retain listed calculation/validation. Existing host owners replace storage, network access, credentials, and effects.
e33c62506efcb15ae795847484357704b539bcf1	src/main/java/org/opensearch/securityanalytics/rules/modifiers/SigmaCIDRModifier.java	calculation or helper	SA-01.cidr	SigmaCIDRModifier;getTypeHints;modify	Either;SigmaCIDRExpression;SigmaDetectionItem;SigmaModifier;SigmaString;SigmaType;SigmaTypeError;SigmaValueError;SigmaValueModifier	org.apache.commons.lang3.tuple.Pair	Retain listed calculation/validation. Existing host owners replace storage, network access, credentials, and effects.
e33c62506efcb15ae795847484357704b539bcf1	src/main/java/org/opensearch/securityanalytics/rules/modifiers/SigmaCompareModifier.java	calculation or helper	SA-01.values	SigmaCompareModifier;getTypeHints;modify;setOp	Either;SigmaCompareExpression;SigmaDetectionItem;SigmaModifier;SigmaNumber;SigmaType;SigmaValueModifier	org.apache.commons.lang3.tuple.Pair	Retain listed calculation/validation. Existing host owners replace storage, network access, credentials, and effects.
e33c62506efcb15ae795847484357704b539bcf1	src/main/java/org/opensearch/securityanalytics/rules/modifiers/SigmaContainsModifier.java	calculation or helper	SA-01.contains	SigmaContainsModifier;getTypeHints;modify	AnyOneOf;Either;SigmaDetectionItem;SigmaModifier;SigmaRegularExpression;SigmaRegularExpressionError;SigmaString;SigmaType;SigmaValueModifier	org.apache.commons.lang3.tuple.Pair	Retain listed calculation/validation. Existing host owners replace storage, network access, credentials, and effects.
e33c62506efcb15ae795847484357704b539bcf1	src/main/java/org/opensearch/securityanalytics/rules/modifiers/SigmaEndswithModifier.java	calculation or helper	SA-01.endswith	SigmaEndswithModifier;getTypeHints;modify	AnyOneOf;Either;SigmaDetectionItem;SigmaModifier;SigmaRegularExpression;SigmaRegularExpressionError;SigmaString;SigmaType;SigmaValueModifier	org.apache.commons.lang3.tuple.Pair	Retain listed calculation/validation. Existing host owners replace storage, network access, credentials, and effects.
e33c62506efcb15ae795847484357704b539bcf1	src/main/java/org/opensearch/securityanalytics/rules/modifiers/SigmaGreaterThanEqualModifier.java	calculation or helper	SA-01.gte	SigmaGreaterThanEqualModifier	SigmaCompareExpression;SigmaCompareModifier;SigmaDetectionItem;SigmaModifier		Retain listed calculation/validation. Existing host owners replace storage, network access, credentials, and effects.
e33c62506efcb15ae795847484357704b539bcf1	src/main/java/org/opensearch/securityanalytics/rules/modifiers/SigmaGreaterThanModifier.java	calculation or helper	SA-01.gt	SigmaGreaterThanModifier	SigmaCompareExpression;SigmaCompareModifier;SigmaDetectionItem;SigmaModifier		Retain listed calculation/validation. Existing host owners replace storage, network access, credentials, and effects.
e33c62506efcb15ae795847484357704b539bcf1	src/main/java/org/opensearch/securityanalytics/rules/modifiers/SigmaLessThanEqualModifier.java	calculation or helper	SA-01.lte	SigmaLessThanEqualModifier	SigmaCompareExpression;SigmaCompareModifier;SigmaDetectionItem;SigmaModifier		Retain listed calculation/validation. Existing host owners replace storage, network access, credentials, and effects.
e33c62506efcb15ae795847484357704b539bcf1	src/main/java/org/opensearch/securityanalytics/rules/modifiers/SigmaLessThanModifier.java	calculation or helper	SA-01.lt	SigmaLessThanModifier	SigmaCompareExpression;SigmaCompareModifier;SigmaDetectionItem;SigmaModifier		Retain listed calculation/validation. Existing host owners replace storage, network access, credentials, and effects.
e33c62506efcb15ae795847484357704b539bcf1	src/main/java/org/opensearch/securityanalytics/rules/modifiers/SigmaListModifier.java	calculation or helper	SA-01.values	SigmaListModifier;modify	Either;SigmaDetectionItem;SigmaModifier;SigmaType		Retain listed calculation/validation. Existing host owners replace storage, network access, credentials, and effects.
e33c62506efcb15ae795847484357704b539bcf1	src/main/java/org/opensearch/securityanalytics/rules/modifiers/SigmaModifier.java	calculation or helper	SA-01.values	SigmaModifier;apply;getAppliedModifiers;getDetectionItem;getTypeHints;modify;typeCheck	Either;SigmaDetectionItem;SigmaExpansion;SigmaRegularExpressionError;SigmaType;SigmaTypeError;SigmaValueError	org.apache.commons.lang3.tuple.Pair	Retain listed calculation/validation. Existing host owners replace storage, network access, credentials, and effects.
e33c62506efcb15ae795847484357704b539bcf1	src/main/java/org/opensearch/securityanalytics/rules/modifiers/SigmaModifierFacade.java	calculation or helper	SA-01.values	SigmaModifierFacade;getModifier;reverseModifierMapping;sigmaModifier	SigmaAllModifier;SigmaBase64Modifier;SigmaBase64OffsetModifier;SigmaCIDRModifier;SigmaContainsModifier;SigmaDetectionItem;SigmaEndswithModifier;SigmaGreaterThanEqualModifier;SigmaGreaterThanModifier;SigmaLessThanEqualModifier;SigmaLessThanModifier;SigmaModifier;SigmaModifierError;SigmaRegularExpressionModifier;SigmaStartswithModifier;SigmaWideModifier;SigmaWindowsDashModifier		Retain listed calculation/validation. Existing host owners replace storage, network access, credentials, and effects.
e33c62506efcb15ae795847484357704b539bcf1	src/main/java/org/opensearch/securityanalytics/rules/modifiers/SigmaRegularExpressionModifier.java	calculation or helper	SA-01.regex	SigmaRegularExpressionModifier;getTypeHints;modify	Either;SigmaDetectionItem;SigmaModifier;SigmaRegularExpression;SigmaRegularExpressionError;SigmaString;SigmaType;SigmaValueError;SigmaValueModifier	org.apache.commons.lang3.tuple.Pair	Retain listed calculation/validation. Existing host owners replace storage, network access, credentials, and effects.
e33c62506efcb15ae795847484357704b539bcf1	src/main/java/org/opensearch/securityanalytics/rules/modifiers/SigmaStartswithModifier.java	calculation or helper	SA-01.startswith	SigmaStartswithModifier;getTypeHints;modify	AnyOneOf;Either;SigmaDetectionItem;SigmaModifier;SigmaRegularExpression;SigmaRegularExpressionError;SigmaString;SigmaType;SigmaValueModifier	org.apache.commons.lang3.tuple.Pair	Retain listed calculation/validation. Existing host owners replace storage, network access, credentials, and effects.
e33c62506efcb15ae795847484357704b539bcf1	src/main/java/org/opensearch/securityanalytics/rules/modifiers/SigmaValueModifier.java	calculation or helper	SA-01.values	SigmaValueModifier;modify	Either;SigmaDetectionItem;SigmaModifier;SigmaRegularExpressionError;SigmaType;SigmaTypeError;SigmaValueError		Retain listed calculation/validation. Existing host owners replace storage, network access, credentials, and effects.
e33c62506efcb15ae795847484357704b539bcf1	src/main/java/org/opensearch/securityanalytics/rules/modifiers/SigmaWideModifier.java	calculation or helper	SA-01.wide	SigmaWideModifier;getTypeHints;modify	AnyOneOf;Either;Placeholder;SigmaDetectionItem;SigmaModifier;SigmaString;SigmaType;SigmaValueModifier	org.apache.commons.lang3.tuple.Pair	Retain listed calculation/validation. Existing host owners replace storage, network access, credentials, and effects.
e33c62506efcb15ae795847484357704b539bcf1	src/main/java/org/opensearch/securityanalytics/rules/modifiers/SigmaWindowsDashModifier.java	calculation or helper	SA-01.windash	SigmaWindowsDashModifier;getTypeHints;modify	AnyOneOf;Either;Placeholder;SigmaDetectionItem;SigmaExpansion;SigmaModifier;SigmaString;SigmaType;SigmaValueModifier	org.apache.commons.lang3.tuple.Pair	Retain listed calculation/validation. Existing host owners replace storage, network access, credentials, and effects.
e33c62506efcb15ae795847484357704b539bcf1	src/main/java/org/opensearch/securityanalytics/rules/objects/SigmaCondition.java	calculation or helper	SA-01.parse;SA-01.detections;SA-01.metadata	SigmaCondition;convertArgs;parsed	AggregationItem;AggregationTraverseVisitor;AnyOneOf;ConditionFieldEqualsValueExpression;ConditionIdentifier;ConditionItem;ConditionSelector;ConditionTraverseVisitor;ConditionValueExpression;Either;SigmaConditionError;SigmaDetections	org.antlr.v4.runtime.CharStreams;org.antlr.v4.runtime.CommonTokenStream;org.apache.commons.lang3.tuple.Pair	Retain listed calculation/validation. Existing host owners replace storage, network access, credentials, and effects.
e33c62506efcb15ae795847484357704b539bcf1	src/main/java/org/opensearch/securityanalytics/rules/objects/SigmaDetection.java	calculation or helper	SA-01.parse;SA-01.detections;SA-01.metadata	SigmaDetection;fromDefinition;getDetectionItems;getItemLinking;postProcess	AnyOneOf;ConditionAND;ConditionFieldEqualsValueExpression;ConditionItem;ConditionOR;ConditionValueExpression;Either;SigmaConditionError;SigmaDetectionError;SigmaDetectionItem;SigmaDetections;SigmaModifierError;SigmaRegularExpressionError;SigmaValueError		Retain listed calculation/validation. Existing host owners replace storage, network access, credentials, and effects.
e33c62506efcb15ae795847484357704b539bcf1	src/main/java/org/opensearch/securityanalytics/rules/objects/SigmaDetectionItem.java	calculation or helper	SA-01.parse;SA-01.detections;SA-01.metadata	SigmaDetectionItem;applyModifiers;fromMapping;fromValue;getField;getModifiers;getValue;getValueLinking;isKeyword;postProcess;setValueLinking	AnyOneOf;ConditionAND;ConditionFieldEqualsValueExpression;ConditionItem;ConditionOR;ConditionValueExpression;Either;SigmaConditionError;SigmaDetection;SigmaDetections;SigmaListModifier;SigmaModifier;SigmaModifierError;SigmaModifierFacade;SigmaNull;SigmaRegularExpressionError;SigmaString;SigmaType;SigmaTypeFacade;SigmaValueError;SigmaValueModifier		Retain listed calculation/validation. Existing host owners replace storage, network access, credentials, and effects.
e33c62506efcb15ae795847484357704b539bcf1	src/main/java/org/opensearch/securityanalytics/rules/objects/SigmaDetections.java	calculation or helper	SA-01.parse;SA-01.detections;SA-01.metadata	SigmaDetections;fromDict;getCondition;getDetections;getParsedCondition;getTimeframe	SigmaCondition;SigmaConditionError;SigmaDetection;SigmaDetectionError;SigmaModifierError;SigmaRegularExpressionError;SigmaValueError		Retain listed calculation/validation. Existing host owners replace storage, network access, credentials, and effects.
e33c62506efcb15ae795847484357704b539bcf1	src/main/java/org/opensearch/securityanalytics/rules/objects/SigmaLevel.java	calculation or helper	SA-01.parse;SA-01.detections;SA-01.metadata	toString			Retain listed calculation/validation. Existing host owners replace storage, network access, credentials, and effects.
e33c62506efcb15ae795847484357704b539bcf1	src/main/java/org/opensearch/securityanalytics/rules/objects/SigmaLogSource.java	calculation or helper	SA-01.parse;SA-01.detections;SA-01.metadata	SigmaLogSource;fromDict;getCategory;getProduct;getService	SigmaLogsourceError		Retain listed calculation/validation. Existing host owners replace storage, network access, credentials, and effects.
e33c62506efcb15ae795847484357704b539bcf1	src/main/java/org/opensearch/securityanalytics/rules/objects/SigmaRule.java	calculation or helper	SA-01.parse;SA-01.detections;SA-01.metadata	SigmaRule;fromDict;fromYaml;getAuthor;getDate;getDescription;getDetection;getErrors;getFalsePositives;getFields;getId;getLevel;getLogSource;getReferences;getStatus;getTags;getTitle	CompositeSigmaErrors;Rule;SigmaDateError;SigmaDetectionError;SigmaDetections;SigmaError;SigmaIdentifierError;SigmaLevel;SigmaLevelError;SigmaLogSource;SigmaLogsourceError;SigmaRuleTag;SigmaStatus;SigmaStatusError;SigmaTitleError;Value	org.yaml.snakeyaml.DumperOptions;org.yaml.snakeyaml.LoaderOptions;org.yaml.snakeyaml.Yaml;org.yaml.snakeyaml.constructor.SafeConstructor;org.yaml.snakeyaml.representer.Representer	Retain listed calculation/validation. Existing host owners replace storage, network access, credentials, and effects.
e33c62506efcb15ae795847484357704b539bcf1	src/main/java/org/opensearch/securityanalytics/rules/objects/SigmaRuleTag.java	calculation or helper	SA-01.parse;SA-01.detections;SA-01.metadata	SigmaRuleTag;fromStr;getName;getNamespace			Retain listed calculation/validation. Existing host owners replace storage, network access, credentials, and effects.
e33c62506efcb15ae795847484357704b539bcf1	src/main/java/org/opensearch/securityanalytics/rules/objects/SigmaStatus.java	calculation or helper	SA-01.parse;SA-01.detections;SA-01.metadata	toString			Retain listed calculation/validation. Existing host owners replace storage, network access, credentials, and effects.
e33c62506efcb15ae795847484357704b539bcf1	src/main/java/org/opensearch/securityanalytics/rules/types/Placeholder.java	calculation or helper	SA-01.values;SA-01.bound;SA-01.unbound	Placeholder;getName			Retain listed calculation/validation. Existing host owners replace storage, network access, credentials, and effects.
e33c62506efcb15ae795847484357704b539bcf1	src/main/java/org/opensearch/securityanalytics/rules/types/SigmaBool.java	calculation or helper	SA-01.values;SA-01.bound;SA-01.unbound	SigmaBool;isaBoolean;toString	SigmaType		Retain listed calculation/validation. Existing host owners replace storage, network access, credentials, and effects.
e33c62506efcb15ae795847484357704b539bcf1	src/main/java/org/opensearch/securityanalytics/rules/types/SigmaCIDRExpression.java	calculation or helper	SA-01.values;SA-01.bound;SA-01.unbound	SigmaCIDRExpression;convert;getCidr;isIPv4AddressValid	SigmaType;SigmaTypeError		Retain listed calculation/validation. Existing host owners replace storage, network access, credentials, and effects.
e33c62506efcb15ae795847484357704b539bcf1	src/main/java/org/opensearch/securityanalytics/rules/types/SigmaCompareExpression.java	calculation or helper	SA-01.values;SA-01.bound;SA-01.unbound	SigmaCompareExpression;getNumber;getOp	SigmaNumber;SigmaType		Retain listed calculation/validation. Existing host owners replace storage, network access, credentials, and effects.
e33c62506efcb15ae795847484357704b539bcf1	src/main/java/org/opensearch/securityanalytics/rules/types/SigmaExpansion.java	calculation or helper	SA-01.values;SA-01.bound;SA-01.unbound	SigmaExpansion;getValues;setValues	SigmaType		Retain listed calculation/validation. Existing host owners replace storage, network access, credentials, and effects.
e33c62506efcb15ae795847484357704b539bcf1	src/main/java/org/opensearch/securityanalytics/rules/types/SigmaNull.java	calculation or helper	SA-01.values;SA-01.bound;SA-01.unbound	equals	SigmaType		Retain listed calculation/validation. Existing host owners replace storage, network access, credentials, and effects.
e33c62506efcb15ae795847484357704b539bcf1	src/main/java/org/opensearch/securityanalytics/rules/types/SigmaNumber.java	calculation or helper	SA-01.values;SA-01.bound;SA-01.unbound	SigmaNumber;equals;getNumOpt;toString	Either;SigmaType		Retain listed calculation/validation. Existing host owners replace storage, network access, credentials, and effects.
e33c62506efcb15ae795847484357704b539bcf1	src/main/java/org/opensearch/securityanalytics/rules/types/SigmaRegularExpression.java	calculation or helper	SA-01.values;SA-01.bound;SA-01.unbound	SigmaRegularExpression;compile;escape;getRegexp;setRegexp;toString	SigmaRegularExpressionError;SigmaType		Retain listed calculation/validation. Existing host owners replace storage, network access, credentials, and effects.
e33c62506efcb15ae795847484357704b539bcf1	src/main/java/org/opensearch/securityanalytics/rules/types/SigmaString.java	calculation or helper	SA-01.strings	SigmaString;append;containsPlaceholder;containsSpecial;containsWildcard;convert;endsWith;equals;getBytes;getOriginal;getsOpt;length;mergeStrings;prepend;replacePlaceholders;replaceWithPlaceholder;setsOpt;startsWith;toString	AnyOneOf;Either;Placeholder;SigmaType;SigmaValueError		Retain listed calculation/validation. Existing host owners replace storage, network access, credentials, and effects.
e33c62506efcb15ae795847484357704b539bcf1	src/main/java/org/opensearch/securityanalytics/rules/types/SigmaType.java	calculation or helper	SA-01.values;SA-01.bound;SA-01.unbound				Retain listed calculation/validation. Existing host owners replace storage, network access, credentials, and effects.
e33c62506efcb15ae795847484357704b539bcf1	src/main/java/org/opensearch/securityanalytics/rules/types/SigmaTypeFacade.java	calculation or helper	SA-01.values;SA-01.bound;SA-01.unbound	SigmaTypeFacade;sigmaType	SigmaBool;SigmaNull;SigmaNumber;SigmaString;SigmaType		Retain listed calculation/validation. Existing host owners replace storage, network access, credentials, and effects.
e33c62506efcb15ae795847484357704b539bcf1	src/main/java/org/opensearch/securityanalytics/rules/utils/AnyOneOf.java	contract helper	SA-01.parse;SA-01.values	getMiddle;isMiddle;leftVal;middleVal;rightVal	Either;Left;Middle;Right		Fields, typed model translation, errors, or containers support the caller; no independent algorithm or durable owner.
e33c62506efcb15ae795847484357704b539bcf1	src/main/java/org/opensearch/securityanalytics/rules/utils/Either.java	contract helper	SA-01.parse;SA-01.values	get;getLeft;isLeft;isRight;left;right	Left;Right		Fields, typed model translation, errors, or containers support the caller; no independent algorithm or durable owner.
e33c62506efcb15ae795847484357704b539bcf1	src/main/java/org/opensearch/securityanalytics/rules/utils/Left.java	contract helper	SA-01.parse;SA-01.values	Left;get;getLeft;getMiddle;isLeft;isMiddle;isRight	AnyOneOf;Middle		Fields, typed model translation, errors, or containers support the caller; no independent algorithm or durable owner.
e33c62506efcb15ae795847484357704b539bcf1	src/main/java/org/opensearch/securityanalytics/rules/utils/Middle.java	contract helper	SA-01.parse;SA-01.values	Middle;get;getLeft;getMiddle;isLeft;isMiddle;isRight	AnyOneOf		Fields, typed model translation, errors, or containers support the caller; no independent algorithm or durable owner.
e33c62506efcb15ae795847484357704b539bcf1	src/main/java/org/opensearch/securityanalytics/rules/utils/Right.java	contract helper	SA-01.parse;SA-01.values	Right;get;getLeft;getMiddle;isLeft;isMiddle;isRight	AnyOneOf		Fields, typed model translation, errors, or containers support the caller; no independent algorithm or durable owner.
e33c62506efcb15ae795847484357704b539bcf1	src/main/java/org/opensearch/securityanalytics/services/JsonPathAwareInputCodec.java	calculation or host adapter	SA-06.custom-json	JsonPathAwareInputCodec;parse	JsonPathIocSchema;JsonPathIocSchemaThreatIntelHandler;SATIFSourceConfig;STIX2IOC	org.apache.logging.log4j.LogManager;org.apache.logging.log4j.Logger;org.opensearch.securityanalytics.commons.connector.codec.InputCodec	Retain listed calculation/validation. Existing host owners replace storage, network access, credentials, and effects.
e33c62506efcb15ae795847484357704b539bcf1	src/main/java/org/opensearch/securityanalytics/services/STIX2IOCConnectorFactory.java	calculation or host adapter	SA-06.stix	STIX2IOCConnectorFactory;createAmazonS3Connector;createS3Connector;doCreate;getInputCodec	JsonPathAwareInputCodec;SATIFSourceConfig	com.amazonaws.services.s3.AmazonS3;org.apache.logging.log4j.LogManager;org.apache.logging.log4j.Logger;org.opensearch.securityanalytics.commons.connector.Connector;org.opensearch.securityanalytics.commons.connector.S3Connector;org.opensearch.securityanalytics.commons.connector.codec.InputCodec;org.opensearch.securityanalytics.commons.connector.factory.InputCodecFactory;org.opensearch.securityanalytics.commons.connector.factory.S3ClientFactory;org.opensearch.securityanalytics.commons.connector.model.S3ConnectorConfig;org.opensearch.securityanalytics.commons.factory.UnaryParameterCachingFactory;org.opensearch.securityanalytics.commons.model.FeedConfiguration;org.opensearch.securityanalytics.commons.model.FeedLocation;org.opensearch.securityanalytics.commons.model.STIX2;software.amazon.awssdk.services.s3.S3Client	Retain listed calculation/validation. Existing host owners replace storage, network access, credentials, and effects.
e33c62506efcb15ae795847484357704b539bcf1	src/main/java/org/opensearch/securityanalytics/services/STIX2IOCConsumer.java	calculation or host adapter	SA-06.feed-replace;SA-06.feed-delta	STIX2IOCConsumer;accept;buildDeltaActions;buildIOCToActions;buildReplaceActions;flushIOCs	SATIFSourceConfig;STIX2IOC;STIX2IOCFeedStore	org.apache.logging.log4j.LogManager;org.apache.logging.log4j.Logger;org.opensearch.OpenSearchStatusException;org.opensearch.core.rest.RestStatus;org.opensearch.securityanalytics.commons.model.IOC;org.opensearch.securityanalytics.commons.model.STIX2;org.opensearch.securityanalytics.commons.model.UpdateAction;org.opensearch.securityanalytics.commons.model.UpdateType	Retain listed calculation/validation. Existing host owners replace storage, network access, credentials, and effects.
e33c62506efcb15ae795847484357704b539bcf1	src/main/java/org/opensearch/securityanalytics/services/STIX2IOCFeedStore.java	calculation or host adapter	SA-06.feed-replace;SA-06.feed-delta	STIX2IOCFeedStore;bulkIndexIocs;getAllIocIndexPatternById;getNewActiveIndex;getSaTifSourceConfig;indexIocs;initFeedIndex;initSourceConfigIndexes;iocIndexMapping;storeIOCs	DefaultIocStoreConfig;SATIFSourceConfig;STIX2IOC;STIX2IOCFetchService;SecurityAnalyticsSettings;StashedThreadContext	org.apache.commons.lang3.StringUtils;org.apache.logging.log4j.LogManager;org.apache.logging.log4j.Logger;org.opensearch.OpenSearchException;org.opensearch.ResourceAlreadyExistsException;org.opensearch.action.DocWriteRequest;org.opensearch.action.StepListener;org.opensearch.action.admin.indices.create.CreateIndexRequest;org.opensearch.action.admin.indices.create.CreateIndexResponse;org.opensearch.action.bulk.BulkRequest;org.opensearch.action.bulk.BulkResponse;org.opensearch.action.index.IndexRequest;org.opensearch.action.support.GroupedActionListener;org.opensearch.action.support.WriteRequest;org.opensearch.cluster.metadata.IndexMetadata;org.opensearch.cluster.service.ClusterService;org.opensearch.common.settings.Settings;org.opensearch.common.util.io.Streams;org.opensearch.common.xcontent.XContentFactory;org.opensearch.core.action.ActionListener;org.opensearch.core.xcontent.ToXContent;org.opensearch.securityanalytics.commons.model.IOC;org.opensearch.securityanalytics.commons.model.UpdateAction;org.opensearch.securityanalytics.commons.store.FeedStore;org.opensearch.transport.RemoteTransportException;org.opensearch.transport.client.Client	Retain listed calculation/validation. Existing host owners replace storage, network access, credentials, and effects.
e33c62506efcb15ae795847484357704b539bcf1	src/main/java/org/opensearch/securityanalytics/services/STIX2IOCFetchService.java	calculation or host adapter	SA-06.stix;SA-06.csv-current	STIX2IOCFetchResponse;STIX2IOCFetchService;constructAmazonS3Connector;constructS3ClientConnector;constructS3Connector;constructS3ConnectorConfig;downloadAndIndexIOCs;downloadFromUrlAndIndexIOCs;getEndpoint;getErrorText;getIocs;onlyIndexIocs;parseAndSaveThreatIntelFeedDataCSV;testAmazonS3Connection;testS3ClientConnection;testS3Connection;toXContent;validateS3ConnectorConfig;writeTo	S3Source;SATIFSourceConfig;STIX2IOC;STIX2IOCConnectorFactory;STIX2IOCConsumer;STIX2IOCDto;STIX2IOCFeedStore;SecurityAnalyticsException;SecurityAnalyticsSettings;TIFJobParameterService;TestS3ConnectionResponse;ThreatIntelFeedDataService;ThreatIntelFeedParser;UrlDownloadSource	com.amazonaws.AmazonServiceException;com.amazonaws.SdkClientException;com.fasterxml.jackson.databind.RuntimeJsonMappingException;org.apache.commons.csv.CSVParser;org.apache.commons.csv.CSVRecord;org.apache.logging.log4j.LogManager;org.apache.logging.log4j.Logger;org.opensearch.OpenSearchException;org.opensearch.action.bulk.BulkRequest;org.opensearch.cluster.service.ClusterService;org.opensearch.core.action.ActionListener;org.opensearch.core.action.ActionResponse;org.opensearch.core.common.io.stream.StreamInput;org.opensearch.core.common.io.stream.StreamOutput;org.opensearch.core.rest.RestStatus;org.opensearch.core.xcontent.ToXContentObject;org.opensearch.core.xcontent.XContentBuilder;org.opensearch.securityanalytics.commons.connector.Connector;org.opensearch.securityanalytics.commons.connector.S3Connector;org.opensearch.securityanalytics.commons.connector.exceptions.ConnectorParsingException;org.opensearch.securityanalytics.commons.connector.factory.InputCodecFactory;org.opensearch.securityanalytics.commons.connector.factory.S3ClientFactory;org.opensearch.securityanalytics.commons.connector.factory.StsAssumeRoleCredentialsProviderFactory;org.opensearch.securityanalytics.commons.connector.factory.StsClientFactory;org.opensearch.securityanalytics.commons.connector.model.InputCodecSchema;org.opensearch.securityanalytics.commons.connector.model.S3ConnectorConfig;org.opensearch.securityanalytics.commons.model.FeedConfiguration;org.opensearch.securityanalytics.commons.model.IOCSchema;org.opensearch.securityanalytics.commons.model.IOCType;org.opensearch.securityanalytics.commons.model.STIX2;org.opensearch.securityanalytics.commons.model.UpdateType;org.opensearch.transport.client.Client;software.amazon.awssdk.core.exception.SdkException;software.amazon.awssdk.services.s3.model.HeadObjectResponse;software.amazon.awssdk.services.s3.model.NoSuchKeyException;software.amazon.awssdk.services.s3.model.S3Exception;software.amazon.awssdk.services.sts.model.StsException	Retain listed calculation/validation. Existing host owners replace storage, network access, credentials, and effects.
e33c62506efcb15ae795847484357704b539bcf1	src/main/java/org/opensearch/securityanalytics/settings/SecurityAnalyticsSettings.java	host infrastructure or contract helper	host	settings		org.opensearch.common.settings.Setting;org.opensearch.common.unit.TimeValue	Upstream administration, storage, permission, registration, timing, or configuration. Listed embedded calculations are separately mapped.
e33c62506efcb15ae795847484357704b539bcf1	src/main/java/org/opensearch/securityanalytics/threatIntel/action/GetIocFindingsAction.java	host administration or wire adapter	host	GetIocFindingsAction	GetIocFindingsResponse	org.opensearch.action.ActionType	Upstream administration, storage, permission, registration, timing, or configuration. Listed embedded calculations are separately mapped.
e33c62506efcb15ae795847484357704b539bcf1	src/main/java/org/opensearch/securityanalytics/threatIntel/action/GetIocFindingsRequest.java	host administration or wire adapter	host	GetIocFindingsRequest;getEndTime;getFindingIds;getIocIds;getStartTime;getTable;validate;writeTo		org.opensearch.action.ActionRequest;org.opensearch.action.ActionRequestValidationException;org.opensearch.action.ValidateActions;org.opensearch.commons.alerting.model.Table;org.opensearch.core.common.io.stream.StreamInput;org.opensearch.core.common.io.stream.StreamOutput	Upstream administration, storage, permission, registration, timing, or configuration. Listed embedded calculations are separately mapped.
e33c62506efcb15ae795847484357704b539bcf1	src/main/java/org/opensearch/securityanalytics/threatIntel/action/GetIocFindingsResponse.java	host administration or wire adapter	host	GetIocFindingsResponse;getIocFindings;getTotalFindings;toXContent;writeTo	IocFinding	org.opensearch.core.action.ActionResponse;org.opensearch.core.common.io.stream.StreamInput;org.opensearch.core.common.io.stream.StreamOutput;org.opensearch.core.xcontent.ToXContentObject;org.opensearch.core.xcontent.XContentBuilder	Upstream administration, storage, permission, registration, timing, or configuration. Listed embedded calculations are separately mapped.
e33c62506efcb15ae795847484357704b539bcf1	src/main/java/org/opensearch/securityanalytics/threatIntel/action/ListIOCsAction.java	host administration or wire adapter	host	ListIOCsAction	ListIOCsActionResponse	org.opensearch.action.ActionType	Upstream administration, storage, permission, registration, timing, or configuration. Listed embedded calculations are separately mapped.
e33c62506efcb15ae795847484357704b539bcf1	src/main/java/org/opensearch/securityanalytics/threatIntel/action/ListIOCsActionRequest.java	host administration or wire adapter	host	ListIOCsActionRequest;getFeedIds;getTable;getTypes;validate;writeTo		org.opensearch.action.ActionRequest;org.opensearch.action.ActionRequestValidationException;org.opensearch.action.ValidateActions;org.opensearch.commons.alerting.model.Table;org.opensearch.core.common.io.stream.StreamInput;org.opensearch.core.common.io.stream.StreamOutput	Upstream administration, storage, permission, registration, timing, or configuration. Listed embedded calculations are separately mapped.
e33c62506efcb15ae795847484357704b539bcf1	src/main/java/org/opensearch/securityanalytics/threatIntel/action/ListIOCsActionResponse.java	host administration or wire adapter	host	ListIOCsActionResponse;toXContent;writeTo	DetailedSTIX2IOCDto;STIX2IOCDto	org.opensearch.core.action.ActionResponse;org.opensearch.core.common.io.stream.StreamInput;org.opensearch.core.common.io.stream.StreamOutput;org.opensearch.core.xcontent.ToXContentObject;org.opensearch.core.xcontent.XContentBuilder	Upstream administration, storage, permission, registration, timing, or configuration. Listed embedded calculations are separately mapped.
e33c62506efcb15ae795847484357704b539bcf1	src/main/java/org/opensearch/securityanalytics/threatIntel/action/PutTIFJobAction.java	host administration or wire adapter	host	PutTIFJobAction		org.opensearch.action.ActionType;org.opensearch.action.support.clustermanager.AcknowledgedResponse	Upstream administration, storage, permission, registration, timing, or configuration. Listed embedded calculations are separately mapped.
e33c62506efcb15ae795847484357704b539bcf1	src/main/java/org/opensearch/securityanalytics/threatIntel/action/PutTIFJobRequest.java	host administration or wire adapter	host	PutTIFJobRequest;getName;getUpdateInterval;setName;validate;writeTo	ParameterValidator	org.opensearch.action.ActionRequest;org.opensearch.action.ActionRequestValidationException;org.opensearch.common.unit.TimeValue;org.opensearch.core.common.io.stream.StreamInput;org.opensearch.core.common.io.stream.StreamOutput	Upstream administration, storage, permission, registration, timing, or configuration. Listed embedded calculations are separately mapped.
e33c62506efcb15ae795847484357704b539bcf1	src/main/java/org/opensearch/securityanalytics/threatIntel/action/SADeleteTIFSourceConfigAction.java	host administration or wire adapter	host	SADeleteTIFSourceConfigAction	IndexTIFSourceConfigAction;SADeleteTIFSourceConfigResponse	org.opensearch.action.ActionType	Upstream administration, storage, permission, registration, timing, or configuration. Listed embedded calculations are separately mapped.
e33c62506efcb15ae795847484357704b539bcf1	src/main/java/org/opensearch/securityanalytics/threatIntel/action/SADeleteTIFSourceConfigRequest.java	host administration or wire adapter	host	SADeleteTIFSourceConfigRequest;getId;validate;writeTo	Constants	org.opensearch.action.ActionRequest;org.opensearch.action.ActionRequestValidationException;org.opensearch.action.ValidateActions.addValidationError;org.opensearch.core.common.io.stream.StreamInput;org.opensearch.core.common.io.stream.StreamOutput	Upstream administration, storage, permission, registration, timing, or configuration. Listed embedded calculations are separately mapped.
e33c62506efcb15ae795847484357704b539bcf1	src/main/java/org/opensearch/securityanalytics/threatIntel/action/SADeleteTIFSourceConfigResponse.java	host administration or wire adapter	host	SADeleteTIFSourceConfigResponse;getId;getStatus;toXContent;writeTo	RestHandlerUtils;SATIFSourceConfigDto	org.opensearch.core.action.ActionResponse;org.opensearch.core.common.io.stream.StreamInput;org.opensearch.core.common.io.stream.StreamOutput;org.opensearch.core.rest.RestStatus;org.opensearch.core.xcontent.ToXContentObject;org.opensearch.core.xcontent.XContentBuilder	Upstream administration, storage, permission, registration, timing, or configuration. Listed embedded calculations are separately mapped.
e33c62506efcb15ae795847484357704b539bcf1	src/main/java/org/opensearch/securityanalytics/threatIntel/action/SAGetTIFSourceConfigAction.java	host administration or wire adapter	host	SAGetTIFSourceConfigAction	IndexTIFSourceConfigAction;SAGetTIFSourceConfigResponse	org.opensearch.action.ActionType	Upstream administration, storage, permission, registration, timing, or configuration. Listed embedded calculations are separately mapped.
e33c62506efcb15ae795847484357704b539bcf1	src/main/java/org/opensearch/securityanalytics/threatIntel/action/SAGetTIFSourceConfigRequest.java	host administration or wire adapter	host	SAGetTIFSourceConfigRequest;getId;getVersion;validate;writeTo	Constants	org.opensearch.action.ActionRequest;org.opensearch.action.ActionRequestValidationException;org.opensearch.action.ValidateActions.addValidationError;org.opensearch.core.common.io.stream.StreamInput;org.opensearch.core.common.io.stream.StreamOutput	Upstream administration, storage, permission, registration, timing, or configuration. Listed embedded calculations are separately mapped.
e33c62506efcb15ae795847484357704b539bcf1	src/main/java/org/opensearch/securityanalytics/threatIntel/action/SAGetTIFSourceConfigResponse.java	host administration or wire adapter	host	SAGetTIFSourceConfigResponse;getId;getSaTifSourceConfigDto;getStatus;getVersion;toXContent;writeTo	RestHandlerUtils;SATIFSourceConfigDto;SourceConfigType	org.opensearch.core.action.ActionResponse;org.opensearch.core.common.io.stream.StreamInput;org.opensearch.core.common.io.stream.StreamOutput;org.opensearch.core.rest.RestStatus;org.opensearch.core.xcontent.ToXContentObject;org.opensearch.core.xcontent.XContentBuilder	Upstream administration, storage, permission, registration, timing, or configuration. Listed embedded calculations are separately mapped.
e33c62506efcb15ae795847484357704b539bcf1	src/main/java/org/opensearch/securityanalytics/threatIntel/action/SAIndexTIFSourceConfigAction.java	host administration or wire adapter	host	SAIndexTIFSourceConfigAction	IndexTIFSourceConfigAction;SAIndexTIFSourceConfigResponse	org.opensearch.action.ActionType	Upstream administration, storage, permission, registration, timing, or configuration. Listed embedded calculations are separately mapped.
e33c62506efcb15ae795847484357704b539bcf1	src/main/java/org/opensearch/securityanalytics/threatIntel/action/SAIndexTIFSourceConfigRequest.java	host administration or wire adapter	host	SAIndexTIFSourceConfigRequest;getMethod;getTIFConfigDto;getTIFConfigId;setTIFConfigDto;setTIFConfigId;validate;writeTo	IndexTIFSourceConfigRequest;SATIFSourceConfigDto;SourceConfigDtoValidator	org.opensearch.action.ActionRequest;org.opensearch.action.ActionRequestValidationException;org.opensearch.core.common.io.stream.StreamInput;org.opensearch.core.common.io.stream.StreamOutput;org.opensearch.rest.RestRequest	Upstream administration, storage, permission, registration, timing, or configuration. Listed embedded calculations are separately mapped.
e33c62506efcb15ae795847484357704b539bcf1	src/main/java/org/opensearch/securityanalytics/threatIntel/action/SAIndexTIFSourceConfigResponse.java	host administration or wire adapter	host	SAIndexTIFSourceConfigResponse;getStatus;getTIFConfigDto;getTIFConfigId;getVersion;toXContent;writeTo	IndexTIFSourceConfigResponse;RestHandlerUtils;SATIFSourceConfigDto;SourceConfigType;TIFSourceConfigDto	org.opensearch.core.action.ActionResponse;org.opensearch.core.common.io.stream.StreamInput;org.opensearch.core.common.io.stream.StreamOutput;org.opensearch.core.rest.RestStatus;org.opensearch.core.xcontent.ToXContentObject;org.opensearch.core.xcontent.XContentBuilder	Upstream administration, storage, permission, registration, timing, or configuration. Listed embedded calculations are separately mapped.
e33c62506efcb15ae795847484357704b539bcf1	src/main/java/org/opensearch/securityanalytics/threatIntel/action/SARefreshTIFSourceConfigAction.java	host administration or wire adapter	host	SARefreshTIFSourceConfigAction	IndexTIFSourceConfigAction	org.opensearch.action.ActionType;org.opensearch.action.support.clustermanager.AcknowledgedResponse	Upstream administration, storage, permission, registration, timing, or configuration. Listed embedded calculations are separately mapped.
e33c62506efcb15ae795847484357704b539bcf1	src/main/java/org/opensearch/securityanalytics/threatIntel/action/SARefreshTIFSourceConfigRequest.java	host administration or wire adapter	host	SARefreshTIFSourceConfigRequest;getId;validate;writeTo	Constants	org.opensearch.action.ActionRequest;org.opensearch.action.ActionRequestValidationException;org.opensearch.action.ValidateActions.addValidationError;org.opensearch.core.common.io.stream.StreamInput;org.opensearch.core.common.io.stream.StreamOutput	Upstream administration, storage, permission, registration, timing, or configuration. Listed embedded calculations are separately mapped.
e33c62506efcb15ae795847484357704b539bcf1	src/main/java/org/opensearch/securityanalytics/threatIntel/action/SASearchTIFSourceConfigsAction.java	host administration or wire adapter	host	SASearchTIFSourceConfigsAction	IndexTIFSourceConfigAction	org.opensearch.action.ActionType;org.opensearch.action.search.SearchResponse	Upstream administration, storage, permission, registration, timing, or configuration. Listed embedded calculations are separately mapped.
e33c62506efcb15ae795847484357704b539bcf1	src/main/java/org/opensearch/securityanalytics/threatIntel/action/SASearchTIFSourceConfigsRequest.java	host administration or wire adapter	host	SASearchTIFSourceConfigsRequest;getSearchSourceBuilder;validate;writeTo		org.opensearch.action.ActionRequest;org.opensearch.action.ActionRequestValidationException;org.opensearch.core.common.io.stream.StreamInput;org.opensearch.core.common.io.stream.StreamOutput;org.opensearch.search.builder.SearchSourceBuilder	Upstream administration, storage, permission, registration, timing, or configuration. Listed embedded calculations are separately mapped.
e33c62506efcb15ae795847484357704b539bcf1	src/main/java/org/opensearch/securityanalytics/threatIntel/action/ThreatIntelIndicesResponse.java	host administration or wire adapter	host	ThreatIntelIndicesResponse;getIndices;isAcknowledged;writeTo		org.opensearch.core.action.ActionResponse;org.opensearch.core.common.io.stream.StreamInput;org.opensearch.core.common.io.stream.StreamOutput	Upstream administration, storage, permission, registration, timing, or configuration. Listed embedded calculations are separately mapped.
e33c62506efcb15ae795847484357704b539bcf1	src/main/java/org/opensearch/securityanalytics/threatIntel/action/monitor/DeleteThreatIntelMonitorAction.java	host administration or wire adapter	host	DeleteThreatIntelMonitorAction	ThreatIntelMonitorActions	org.opensearch.action.ActionType;org.opensearch.commons.alerting.action.DeleteMonitorResponse	Upstream administration, storage, permission, registration, timing, or configuration. Listed embedded calculations are separately mapped.
e33c62506efcb15ae795847484357704b539bcf1	src/main/java/org/opensearch/securityanalytics/threatIntel/action/monitor/GetThreatIntelAlertsAction.java	host administration or wire adapter	host	GetThreatIntelAlertsAction	GetThreatIntelAlertsResponse;ThreatIntelMonitorActions	org.opensearch.action.ActionType	Upstream administration, storage, permission, registration, timing, or configuration. Listed embedded calculations are separately mapped.
e33c62506efcb15ae795847484357704b539bcf1	src/main/java/org/opensearch/securityanalytics/threatIntel/action/monitor/IndexThreatIntelMonitorAction.java	host administration or wire adapter	host	IndexThreatIntelMonitorAction	IndexThreatIntelMonitorResponse;ThreatIntelMonitorActions	org.opensearch.action.ActionType	Upstream administration, storage, permission, registration, timing, or configuration. Listed embedded calculations are separately mapped.
e33c62506efcb15ae795847484357704b539bcf1	src/main/java/org/opensearch/securityanalytics/threatIntel/action/monitor/SearchThreatIntelMonitorAction.java	host administration or wire adapter	host	SearchThreatIntelMonitorAction	ThreatIntelMonitorActions	org.opensearch.action.ActionType;org.opensearch.action.search.SearchResponse	Upstream administration, storage, permission, registration, timing, or configuration. Listed embedded calculations are separately mapped.
e33c62506efcb15ae795847484357704b539bcf1	src/main/java/org/opensearch/securityanalytics/threatIntel/action/monitor/UpdateThreatIntelAlertStatusAction.java	host administration or wire adapter	host	UpdateThreatIntelAlertStatusAction	ThreatIntelMonitorActions;UpdateThreatIntelAlertsStatusResponse	org.opensearch.action.ActionType	Upstream administration, storage, permission, registration, timing, or configuration. Listed embedded calculations are separately mapped.
e33c62506efcb15ae795847484357704b539bcf1	src/main/java/org/opensearch/securityanalytics/threatIntel/action/monitor/request/DeleteThreatIntelMonitorRequest.java	host administration or wire adapter	host	DeleteThreatIntelMonitorRequest;getMonitorId;validate;writeTo		org.opensearch.action.ActionRequest;org.opensearch.action.ActionRequestValidationException;org.opensearch.core.common.io.stream.StreamInput;org.opensearch.core.common.io.stream.StreamOutput	Upstream administration, storage, permission, registration, timing, or configuration. Listed embedded calculations are separately mapped.
e33c62506efcb15ae795847484357704b539bcf1	src/main/java/org/opensearch/securityanalytics/threatIntel/action/monitor/request/GetThreatIntelAlertsRequest.java	host administration or wire adapter	host	GetThreatIntelAlertsRequest;getAlertState;getEndTime;getSeverityLevel;getStartTime;getTable;getmonitorId;validate;writeTo		org.opensearch.action.ActionRequest;org.opensearch.action.ActionRequestValidationException;org.opensearch.commons.alerting.model.Table;org.opensearch.core.common.io.stream.StreamInput;org.opensearch.core.common.io.stream.StreamOutput	Upstream administration, storage, permission, registration, timing, or configuration. Listed embedded calculations are separately mapped.
e33c62506efcb15ae795847484357704b539bcf1	src/main/java/org/opensearch/securityanalytics/threatIntel/action/monitor/request/IndexThreatIntelMonitorRequest.java	host administration or wire adapter	host	IndexThreatIntelMonitorRequest;getId;getMethod;getMonitor;validate;writeTo	IndexTIFSourceConfigRequestInterface;ThreatIntelMonitorDto	org.opensearch.action.ActionRequest;org.opensearch.action.ActionRequestValidationException;org.opensearch.core.common.io.stream.StreamInput;org.opensearch.core.common.io.stream.StreamOutput;org.opensearch.rest.RestRequest	Upstream administration, storage, permission, registration, timing, or configuration. Listed embedded calculations are separately mapped.
e33c62506efcb15ae795847484357704b539bcf1	src/main/java/org/opensearch/securityanalytics/threatIntel/action/monitor/request/SearchThreatIntelMonitorRequest.java	host administration or wire adapter	host	SearchThreatIntelMonitorRequest;searchRequest;validate;writeTo		org.opensearch.action.ActionRequest;org.opensearch.action.ActionRequestValidationException;org.opensearch.action.search.SearchRequest;org.opensearch.core.common.io.stream.StreamInput;org.opensearch.core.common.io.stream.StreamOutput	Upstream administration, storage, permission, registration, timing, or configuration. Listed embedded calculations are separately mapped.
e33c62506efcb15ae795847484357704b539bcf1	src/main/java/org/opensearch/securityanalytics/threatIntel/action/monitor/request/UpdateThreatIntelAlertStatusRequest.java	host administration or wire adapter	host	UpdateThreatIntelAlertStatusRequest;getAlertIds;getMonitorId;getState;validate;writeTo		org.opensearch.action.ActionRequest;org.opensearch.action.ActionRequestValidationException;org.opensearch.commons.alerting.model.Alert;org.opensearch.core.common.io.stream.StreamInput;org.opensearch.core.common.io.stream.StreamOutput	Upstream administration, storage, permission, registration, timing, or configuration. Listed embedded calculations are separately mapped.
e33c62506efcb15ae795847484357704b539bcf1	src/main/java/org/opensearch/securityanalytics/threatIntel/action/monitor/response/GetThreatIntelAlertsResponse.java	host administration or wire adapter	host	GetThreatIntelAlertsResponse;getAlerts;getTotalAlerts;toXContent;writeTo	ThreatIntelAlertDto	org.opensearch.core.action.ActionResponse;org.opensearch.core.common.io.stream.StreamInput;org.opensearch.core.common.io.stream.StreamOutput;org.opensearch.core.xcontent.ToXContentObject;org.opensearch.core.xcontent.XContentBuilder	Upstream administration, storage, permission, registration, timing, or configuration. Listed embedded calculations are separately mapped.
e33c62506efcb15ae795847484357704b539bcf1	src/main/java/org/opensearch/securityanalytics/threatIntel/action/monitor/response/IndexThreatIntelMonitorResponse.java	host administration or wire adapter	host	IndexThreatIntelMonitorResponse;getId;getIocScanMonitor;getPrimaryTerm;getSeqNo;getVersion;toXContent;writeTo	IndexIocScanMonitorResponseInterface;ThreatIntelMonitorDto	org.opensearch.core.action.ActionResponse;org.opensearch.core.common.io.stream.StreamInput;org.opensearch.core.common.io.stream.StreamOutput;org.opensearch.core.xcontent.ToXContent;org.opensearch.core.xcontent.ToXContentObject;org.opensearch.core.xcontent.XContentBuilder	Upstream administration, storage, permission, registration, timing, or configuration. Listed embedded calculations are separately mapped.
e33c62506efcb15ae795847484357704b539bcf1	src/main/java/org/opensearch/securityanalytics/threatIntel/action/monitor/response/UpdateThreatIntelAlertsStatusResponse.java	host administration or wire adapter	host	UpdateThreatIntelAlertsStatusResponse;toXContent;writeTo	ThreatIntelAlertDto	org.opensearch.core.action.ActionResponse;org.opensearch.core.common.io.stream.StreamInput;org.opensearch.core.common.io.stream.StreamOutput;org.opensearch.core.xcontent.ToXContentObject;org.opensearch.core.xcontent.XContentBuilder	Upstream administration, storage, permission, registration, timing, or configuration. Listed embedded calculations are separately mapped.
e33c62506efcb15ae795847484357704b539bcf1	src/main/java/org/opensearch/securityanalytics/threatIntel/common/Constants.java	host infrastructure or contract helper	host			org.opensearch.Version	Upstream administration, storage, permission, registration, timing, or configuration. Listed embedded calculations are separately mapped.
e33c62506efcb15ae795847484357704b539bcf1	src/main/java/org/opensearch/securityanalytics/threatIntel/common/ParameterValidator.java	calculation or host adapter	SA-06.feed-metadata	validateTIFJobName		org.apache.commons.lang3.StringUtils;org.opensearch.core.common.Strings	Retain listed calculation/validation. Existing host owners replace storage, network access, credentials, and effects.
e33c62506efcb15ae795847484357704b539bcf1	src/main/java/org/opensearch/securityanalytics/threatIntel/common/RefreshType.java	host infrastructure or contract helper	host				Upstream administration, storage, permission, registration, timing, or configuration. Listed embedded calculations are separately mapped.
e33c62506efcb15ae795847484357704b539bcf1	src/main/java/org/opensearch/securityanalytics/threatIntel/common/SourceConfigDtoValidator.java	calculation or host adapter	SA-06.feed-metadata	validateSourceConfigDto	CustomSchemaIocUploadSource;IocUploadSource;JsonPathIocSchema;S3Source;SATIFSourceConfigDto;Source;UrlDownloadSource	org.apache.logging.log4j.util.Strings.isBlank	Retain listed calculation/validation. Existing host owners replace storage, network access, credentials, and effects.
e33c62506efcb15ae795847484357704b539bcf1	src/main/java/org/opensearch/securityanalytics/threatIntel/common/SourceConfigType.java	host infrastructure or contract helper	host				Upstream administration, storage, permission, registration, timing, or configuration. Listed embedded calculations are separately mapped.
e33c62506efcb15ae795847484357704b539bcf1	src/main/java/org/opensearch/securityanalytics/threatIntel/common/TIFJobState.java	host infrastructure or contract helper	host				Upstream administration, storage, permission, registration, timing, or configuration. Listed embedded calculations are separately mapped.
e33c62506efcb15ae795847484357704b539bcf1	src/main/java/org/opensearch/securityanalytics/threatIntel/common/TIFLockService.java	host infrastructure or contract helper	host	TIFLockService;acquireLock;getRenewLockRunnable;initialize;onFailure;onResponse;releaseLock;renewLock	SecurityAnalyticsPlugin;SecurityAnalyticsSettings	org.apache.logging.log4j.LogManager;org.apache.logging.log4j.Logger;org.opensearch.OpenSearchException;org.opensearch.cluster.service.ClusterService;org.opensearch.core.action.ActionListener;org.opensearch.jobscheduler.spi.LockModel;org.opensearch.jobscheduler.spi.utils.LockService;org.opensearch.transport.client.Client	Upstream administration, storage, permission, registration, timing, or configuration. Listed embedded calculations are separately mapped.
e33c62506efcb15ae795847484357704b539bcf1	src/main/java/org/opensearch/securityanalytics/threatIntel/feedMetadata/BuiltInTIFMetadataLoader.java	calculation or host adapter	SA-06.feed-metadata	doClose;doStart;doStop;ensureTifMetadataLoaded;getTifMetadataByName;getTifMetadataList;loadBuiltInTifMetadata;tifMetadataExists	FileUtils;TIFMetadata	org.apache.logging.log4j.LogManager;org.apache.logging.log4j.Logger;org.opensearch.common.lifecycle.AbstractLifecycleComponent;org.opensearch.common.settings.SettingsException;org.opensearch.common.xcontent.XContentHelper;org.opensearch.common.xcontent.json.JsonXContent	Retain listed calculation/validation. Existing host owners replace storage, network access, credentials, and effects.
e33c62506efcb15ae795847484357704b539bcf1	src/main/java/org/opensearch/securityanalytics/threatIntel/iocscan/dao/BaseEntityCrudService.java	host durable-state adapter	SA-06.finding;SA-06.prior-alerts	BaseEntityCrudService;bulkIndexEntities;createIndexIfNotExists;getEntityAliasName;getEntityIndexMapping;getEntityIndexPattern;getEntityName;getIndexSettings;search	BaseEntity;DetectorUtils;SecurityAnalyticsSettings	org.apache.logging.log4j.LogManager;org.apache.logging.log4j.Logger;org.apache.logging.log4j.message.ParameterizedMessage;org.opensearch.ResourceAlreadyExistsException;org.opensearch.action.DocWriteRequest;org.opensearch.action.admin.indices.create.CreateIndexRequest;org.opensearch.action.bulk.BulkRequest;org.opensearch.action.bulk.BulkResponse;org.opensearch.action.index.IndexRequest;org.opensearch.action.search.SearchRequest;org.opensearch.action.search.SearchResponse;org.opensearch.action.support.GroupedActionListener;org.opensearch.action.support.WriteRequest;org.opensearch.cluster.metadata.IndexMetadata;org.opensearch.cluster.service.ClusterService;org.opensearch.common.settings.Settings;org.opensearch.common.xcontent.XContentFactory;org.opensearch.core.action.ActionListener;org.opensearch.core.xcontent.NamedXContentRegistry;org.opensearch.core.xcontent.ToXContent;org.opensearch.index.IndexNotFoundException;org.opensearch.rest.action.admin.indices.AliasesNotFoundException;org.opensearch.search.builder.SearchSourceBuilder;org.opensearch.transport.RemoteTransportException;org.opensearch.transport.client.Client	Upstream administration, storage, permission, registration, timing, or configuration. Listed embedded calculations are separately mapped.
e33c62506efcb15ae795847484357704b539bcf1	src/main/java/org/opensearch/securityanalytics/threatIntel/iocscan/dao/IocFindingService.java	host durable-state adapter	SA-06.finding;SA-06.prior-alerts	IocFindingService;getEntityAliasName;getEntityIndexMapping;getEntityIndexPattern;getEntityName;getIndexMapping	BaseEntityCrudService;IocFinding;SecurityAnalyticsException	org.apache.logging.log4j.LogManager;org.apache.logging.log4j.Logger;org.opensearch.cluster.service.ClusterService;org.opensearch.core.rest.RestStatus;org.opensearch.core.xcontent.NamedXContentRegistry;org.opensearch.transport.client.Client	Upstream administration, storage, permission, registration, timing, or configuration. Listed embedded calculations are separately mapped.
e33c62506efcb15ae795847484357704b539bcf1	src/main/java/org/opensearch/securityanalytics/threatIntel/iocscan/dao/ThreatIntelAlertService.java	host durable-state adapter	SA-06.finding;SA-06.prior-alerts	ThreatIntelAlertService;getEntityAliasName;getEntityIndexMapping;getEntityIndexPattern;getEntityName;getIndexMapping	BaseEntityCrudService;IocFindingService;SecurityAnalyticsException;ThreatIntelAlert	org.apache.logging.log4j.LogManager;org.apache.logging.log4j.Logger;org.opensearch.cluster.service.ClusterService;org.opensearch.core.rest.RestStatus;org.opensearch.core.xcontent.NamedXContentRegistry;org.opensearch.transport.client.Client	Upstream administration, storage, permission, registration, timing, or configuration. Listed embedded calculations are separately mapped.
e33c62506efcb15ae795847484357704b539bcf1	src/main/java/org/opensearch/securityanalytics/threatIntel/iocscan/dto/IocScanContext.java	contract/schema helper	SA-01.metadata;SA-03.rules;SA-06.stix;SA-07.partition	IocScanContext;getConcreteIndexToMonitorInputIndicesMap;getData;getIndices;getIocTypeToIndices;getMonitor;getMonitorMetadata;getThreatIntelInput;isDryRun	ThreatIntelInput	org.opensearch.commons.alerting.model.Monitor;org.opensearch.commons.alerting.model.MonitorMetadata	Fields, typed model translation, errors, or containers support the caller; no independent algorithm or durable owner.
e33c62506efcb15ae795847484357704b539bcf1	src/main/java/org/opensearch/securityanalytics/threatIntel/iocscan/dto/PerIocTypeScanInputDto.java	contract/schema helper	SA-01.metadata;SA-03.rules;SA-06.stix;SA-07.partition	PerIocTypeScanInputDto;getIndexToFieldsMap;getIocType;parse;toXContent;writeTo		org.opensearch.core.common.io.stream.StreamInput;org.opensearch.core.common.io.stream.StreamOutput;org.opensearch.core.common.io.stream.Writeable;org.opensearch.core.xcontent.ToXContentObject;org.opensearch.core.xcontent.XContentBuilder;org.opensearch.core.xcontent.XContentParser;org.opensearch.core.xcontent.XContentParserUtils	Fields, typed model translation, errors, or containers support the caller; no independent algorithm or durable owner.
e33c62506efcb15ae795847484357704b539bcf1	src/main/java/org/opensearch/securityanalytics/threatIntel/iocscan/service/IoCScanService.java	calculation or host adapter	SA-06.extract;SA-06.finding	IocLookupDtos;createIocFindings;extractIocsPerType;getDocIdToIocsMap;getIocValueToDocIdMap;getIocsPerIocTypeMap;scanIoCs	IoCScanServiceInterface;IocFinding;IocScanContext;IocWithFeeds;PerIocTypeScanInput;STIX2IOC;ThreatIntelAlert	org.apache.logging.log4j.LogManager;org.apache.logging.log4j.Logger;org.apache.logging.log4j.message.ParameterizedMessage;org.opensearch.commons.alerting.model.Monitor	Retain listed calculation/validation. Existing host owners replace storage, network access, credentials, and effects.
e33c62506efcb15ae795847484357704b539bcf1	src/main/java/org/opensearch/securityanalytics/threatIntel/iocscan/service/IoCScanServiceInterface.java	contract/registration helper	SA-06.documents;SA-07.document-delegate		IocScanContext		Fields, typed model translation, errors, or containers support the caller; no independent algorithm or durable owner.
e33c62506efcb15ae795847484357704b539bcf1	src/main/java/org/opensearch/securityanalytics/threatIntel/iocscan/service/SaIoCScanService.java	calculation or host adapter	SA-06.join;SA-06.batches;SA-06.trigger-filter;SA-06.prior-alerts;SA-06.new-alert	SaIoCScanService;buildException;executeTrigger;fetchExistingAlertsForTrigger;getGroupSizeForIocs;getGroupedListenerForAllTriggersResponse;getGroupedListenerForIocScanFromAllIocTypes;getGroupedListenerForIocScanPerIocType;getId;getIndexName;getSearchRequestForIocType;getValuesAsStringList;initAlertsIndex;performScanForMaliciousIocsPerIocType;saveAlertsAndExecuteActions	IoCScanService;IocFinding;IocFindingService;IocScanContext;NotificationService;STIX2IOC;SecurityAnalyticsException;SecurityAnalyticsSettings;ThreatIntelAlert;ThreatIntelAlertContext;ThreatIntelAlertService;ThreatIntelMonitorUtils;ThreatIntelTrigger;TransportThreatIntelMonitorFanOutAction	org.apache.logging.log4j.LogManager;org.apache.logging.log4j.Logger;org.apache.logging.log4j.message.ParameterizedMessage;org.opensearch.action.search.SearchRequest;org.opensearch.action.search.ShardSearchFailure;org.opensearch.action.support.GroupedActionListener;org.opensearch.cluster.service.ClusterService;org.opensearch.common.document.DocumentField;org.opensearch.common.xcontent.LoggingDeprecationHandler;org.opensearch.common.xcontent.XContentType;org.opensearch.commons.alerting.model.Monitor;org.opensearch.commons.alerting.model.Trigger;org.opensearch.commons.alerting.model.action.Action;org.opensearch.commons.alerting.model.remote.monitors.RemoteMonitorTrigger;org.opensearch.core.action.ActionListener;org.opensearch.core.rest.RestStatus;org.opensearch.core.xcontent.NamedXContentRegistry;org.opensearch.core.xcontent.XContentParser;org.opensearch.index.query.BoolQueryBuilder;org.opensearch.index.query.QueryBuilders;org.opensearch.index.query.TermsQueryBuilder;org.opensearch.search.SearchHit;org.opensearch.search.builder.SearchSourceBuilder;org.opensearch.securityanalytics.commons.model.STIX2;org.opensearch.transport.client.Client	Retain listed calculation/validation. Existing host owners replace storage, network access, credentials, and effects.
e33c62506efcb15ae795847484357704b539bcf1	src/main/java/org/opensearch/securityanalytics/threatIntel/iocscan/service/ThreatIntelAlertContext.java	contract/registration helper	SA-06.documents;SA-07.document-delegate	ThreatIntelAlertContext;asTemplateArg	IocFinding;ThreatIntelAlert;ThreatIntelTrigger	org.opensearch.commons.alerting.model.Alert;org.opensearch.commons.alerting.model.Monitor;org.opensearch.commons.alerting.model.Trigger	Fields, typed model translation, errors, or containers support the caller; no independent algorithm or durable owner.
e33c62506efcb15ae795847484357704b539bcf1	src/main/java/org/opensearch/securityanalytics/threatIntel/iocscan/service/ThreatIntelMonitorRunner.java	contract/registration helper	SA-06.documents;SA-07.document-delegate	getFanOutAction;getMonitorRunner		org.opensearch.action.ActionType;org.opensearch.alerting.spi.RemoteMonitorRunner;org.opensearch.commons.alerting.action.DocLevelMonitorFanOutResponse	Fields, typed model translation, errors, or containers support the caller; no independent algorithm or durable owner.
e33c62506efcb15ae795847484357704b539bcf1	src/main/java/org/opensearch/securityanalytics/threatIntel/jobscheduler/TIFJobRunner.java	host scheduling adapter	host	TIFJobRunner;getJobRunnerInstance;initialize;onFailure;onResponse;runJob;setThreadPool;updateJobParameter;updateJobRunner	DetectorThreatIntelService;TIFJobParameter;TIFJobParameterService;TIFJobState;TIFJobUpdateService;TIFLockService;ThreatIntelIndicesResponse	org.apache.logging.log4j.LogManager;org.apache.logging.log4j.Logger;org.opensearch.cluster.service.ClusterService;org.opensearch.core.action.ActionListener;org.opensearch.jobscheduler.spi.JobExecutionContext;org.opensearch.jobscheduler.spi.ScheduledJobParameter;org.opensearch.jobscheduler.spi.ScheduledJobRunner;org.opensearch.threadpool.ThreadPool	Upstream administration, storage, permission, registration, timing, or configuration. Listed embedded calculations are separately mapped.
e33c62506efcb15ae795847484357704b539bcf1	src/main/java/org/opensearch/securityanalytics/threatIntel/jobscheduler/TIFSourceConfigRunner.java	host scheduling adapter	host	TIFSourceConfigRunner;getJobRunnerInstance;initialize;retrieveLockAndUpdateConfig;runJob;updateSourceConfigAndIOCs	SATIFSourceConfig;SATIFSourceConfigManagementService;SATIFSourceConfigService;Source;TIFLockService	org.apache.logging.log4j.LogManager;org.apache.logging.log4j.Logger;org.opensearch.cluster.service.ClusterService;org.opensearch.core.action.ActionListener;org.opensearch.extensions.AcknowledgedResponse;org.opensearch.jobscheduler.spi.JobExecutionContext;org.opensearch.jobscheduler.spi.ScheduledJobParameter;org.opensearch.jobscheduler.spi.ScheduledJobRunner;org.opensearch.jobscheduler.spi.utils.LockService;org.opensearch.threadpool.ThreadPool	Upstream administration, storage, permission, registration, timing, or configuration. Listed embedded calculations are separately mapped.
e33c62506efcb15ae795847484357704b539bcf1	src/main/java/org/opensearch/securityanalytics/threatIntel/model/CustomSchemaIocUploadSource.java	contract/schema helper	SA-01.metadata;SA-03.rules;SA-06.stix;SA-07.partition	CustomSchemaIocUploadSource;getFileName;getIocs;parse;setIocs;toXContent;writeTo	Source	org.opensearch.core.common.io.stream.StreamInput;org.opensearch.core.common.io.stream.StreamOutput;org.opensearch.core.common.io.stream.Writeable;org.opensearch.core.xcontent.ToXContent;org.opensearch.core.xcontent.XContentBuilder;org.opensearch.core.xcontent.XContentParser	Fields, typed model translation, errors, or containers support the caller; no independent algorithm or durable owner.
e33c62506efcb15ae795847484357704b539bcf1	src/main/java/org/opensearch/securityanalytics/threatIntel/model/DefaultIocStoreConfig.java	contract/schema helper	SA-01.metadata;SA-03.rules;SA-06.stix;SA-07.partition	DefaultIocStoreConfig;IocToIndexDetails;getActiveIndex;getIndexPattern;getIocToIndexDetails;getIocType;name;parse;toXContent;writeTo	IocStoreConfig	org.apache.logging.log4j.LogManager;org.apache.logging.log4j.Logger;org.opensearch.core.common.io.stream.StreamInput;org.opensearch.core.common.io.stream.StreamOutput;org.opensearch.core.common.io.stream.Writeable;org.opensearch.core.xcontent.ToXContent;org.opensearch.core.xcontent.XContentBuilder;org.opensearch.core.xcontent.XContentParser;org.opensearch.core.xcontent.XContentParserUtils	Fields, typed model translation, errors, or containers support the caller; no independent algorithm or durable owner.
e33c62506efcb15ae795847484357704b539bcf1	src/main/java/org/opensearch/securityanalytics/threatIntel/model/IocSchema.java	contract/schema helper	SA-01.metadata;SA-03.rules;SA-06.stix;SA-07.partition		JsonPathIocSchema	org.apache.logging.log4j.LogManager;org.apache.logging.log4j.Logger;org.opensearch.core.common.io.stream.StreamInput;org.opensearch.core.common.io.stream.Writeable;org.opensearch.core.xcontent.ToXContentObject;org.opensearch.core.xcontent.XContentParser;org.opensearch.core.xcontent.XContentParserUtils.ensureExpectedToken	Fields, typed model translation, errors, or containers support the caller; no independent algorithm or durable owner.
e33c62506efcb15ae795847484357704b539bcf1	src/main/java/org/opensearch/securityanalytics/threatIntel/model/IocStoreConfig.java	contract/schema helper	SA-01.metadata;SA-03.rules;SA-06.stix;SA-07.partition	toString;writeTo	DefaultIocStoreConfig	org.apache.logging.log4j.LogManager;org.apache.logging.log4j.Logger;org.opensearch.core.common.io.stream.StreamInput;org.opensearch.core.common.io.stream.StreamOutput;org.opensearch.core.xcontent.XContentParser;org.opensearch.core.xcontent.XContentParserUtils.ensureExpectedToken	Fields, typed model translation, errors, or containers support the caller; no independent algorithm or durable owner.
e33c62506efcb15ae795847484357704b539bcf1	src/main/java/org/opensearch/securityanalytics/threatIntel/model/IocUploadSource.java	contract/schema helper	SA-01.metadata;SA-03.rules;SA-06.stix;SA-07.partition	IocUploadSource;getFileName;getIocs;parse;setIocs;toXContent;writeTo	STIX2IOCDto;Source	org.opensearch.core.common.io.stream.StreamInput;org.opensearch.core.common.io.stream.StreamOutput;org.opensearch.core.common.io.stream.Writeable;org.opensearch.core.xcontent.ToXContent;org.opensearch.core.xcontent.XContentBuilder;org.opensearch.core.xcontent.XContentParser;org.opensearch.core.xcontent.XContentParserUtils	Fields, typed model translation, errors, or containers support the caller; no independent algorithm or durable owner.
e33c62506efcb15ae795847484357704b539bcf1	src/main/java/org/opensearch/securityanalytics/threatIntel/model/JsonPathIocSchema.java	contract/schema helper	SA-01.metadata;SA-03.rules;SA-06.stix;SA-07.partition	JsonPathIocSchema;getCreated;getDescription;getFormat;getId;getLabels;getModified;getName;getSeverity;getSpecVersion;getType;getValue;jsonPathSchemaFieldToXcontent;parse;readOptionalSchemaField;toXContent;writeOptionalSchemaField;writeTo	IocSchema;JsonPathSchemaField	org.apache.logging.log4j.LogManager;org.apache.logging.log4j.Logger;org.opensearch.core.common.io.stream.StreamInput;org.opensearch.core.common.io.stream.StreamOutput;org.opensearch.core.xcontent.XContentBuilder;org.opensearch.core.xcontent.XContentParser;org.opensearch.core.xcontent.XContentParserUtils	Fields, typed model translation, errors, or containers support the caller; no independent algorithm or durable owner.
e33c62506efcb15ae795847484357704b539bcf1	src/main/java/org/opensearch/securityanalytics/threatIntel/model/JsonPathSchemaField.java	contract/schema helper	SA-01.metadata;SA-03.rules;SA-06.stix;SA-07.partition	JsonPathSchemaField;getJsonPath;parse;toXContent;writeTo		org.opensearch.core.common.io.stream.StreamInput;org.opensearch.core.common.io.stream.StreamOutput;org.opensearch.core.common.io.stream.Writeable;org.opensearch.core.xcontent.ToXContentObject;org.opensearch.core.xcontent.XContentBuilder;org.opensearch.core.xcontent.XContentParser;org.opensearch.core.xcontent.XContentParserUtils	Fields, typed model translation, errors, or containers support the caller; no independent algorithm or durable owner.
e33c62506efcb15ae795847484357704b539bcf1	src/main/java/org/opensearch/securityanalytics/threatIntel/model/S3Source.java	contract/schema helper	SA-01.metadata;SA-03.rules;SA-06.stix;SA-07.partition	S3Source;getBucketName;getObjectKey;getRegion;getRoleArn;parse;setBucketName;setObjectKey;setRegion;setRoleArn;toXContent;writeTo	Source	org.opensearch.core.common.io.stream.StreamInput;org.opensearch.core.common.io.stream.StreamOutput;org.opensearch.core.common.io.stream.Writeable;org.opensearch.core.xcontent.ToXContent;org.opensearch.core.xcontent.XContentBuilder;org.opensearch.core.xcontent.XContentParser;org.opensearch.core.xcontent.XContentParserUtils	Fields, typed model translation, errors, or containers support the caller; no independent algorithm or durable owner.
e33c62506efcb15ae795847484357704b539bcf1	src/main/java/org/opensearch/securityanalytics/threatIntel/model/SATIFSourceConfig.java	contract/schema helper	SA-01.metadata;SA-03.rules;SA-06.stix;SA-07.partition	SATIFSourceConfig;disable;docParse;enable;getCreatedAt;getCreatedByUser;getDescription;getEnabledTime;getFormat;getId;getIocSchema;getIocStoreConfig;getIocTypes;getLastRefreshedTime;getLastRefreshedUser;getLastUpdateTime;getName;getRefreshType;getSchedule;getSource;getState;getType;getVersion;isEnabled;isEnabledForScan;newIocStoreConfig;parse;readFrom;setCreatedAt;setCreatedByUser;setDescription;setEnabledTime;setFormat;setId;setIocStoreConfig;setIocTypes;setLastRefreshedTime;setLastRefreshedUser;setLastUpdateTime;setName;setRefreshType;setSchedule;setSource;setState;setType;setVersion;toRefreshType;toSourceConfigType;toState;toXContent;writeTo	DefaultIocStoreConfig;IocSchema;IocStoreConfig;IocUploadSource;RefreshType;S3Source;Source;SourceConfigType;TIFJobState;TIFSourceConfig	org.apache.logging.log4j.LogManager;org.apache.logging.log4j.Logger;org.opensearch.common.UUIDs;org.opensearch.commons.authuser.User;org.opensearch.core.common.io.stream.StreamInput;org.opensearch.core.common.io.stream.StreamOutput;org.opensearch.core.common.io.stream.Writeable;org.opensearch.core.xcontent.XContentBuilder;org.opensearch.core.xcontent.XContentParser;org.opensearch.core.xcontent.XContentParserUtils;org.opensearch.jobscheduler.spi.ScheduledJobParameter;org.opensearch.jobscheduler.spi.schedule.IntervalSchedule;org.opensearch.jobscheduler.spi.schedule.Schedule;org.opensearch.jobscheduler.spi.schedule.ScheduleParser	Fields, typed model translation, errors, or containers support the caller; no independent algorithm or durable owner.
e33c62506efcb15ae795847484357704b539bcf1	src/main/java/org/opensearch/securityanalytics/threatIntel/model/SATIFSourceConfigDto.java	contract/schema helper	SA-01.metadata;SA-03.rules;SA-06.stix;SA-07.partition	SATIFSourceConfigDto;disable;docParse;enable;getCreatedAt;getCreatedByUser;getDescription;getEnabledTime;getFormat;getId;getIocSchema;getIocTypes;getLastRefreshedTime;getLastRefreshedUser;getLastUpdateTime;getName;getRefreshType;getSchedule;getSource;getState;getType;getVersion;innerXcontent;isEnabled;isEnabledForScan;parse;readFrom;setCreatedAt;setCreatedByUser;setDescription;setEnabledTime;setFormat;setId;setIocTypes;setLastRefreshedTime;setLastRefreshedUser;setLastUpdateTime;setName;setRefreshType;setSchedule;setSource;setState;setType;setVersion;toRefreshType;toSourceConfigType;toState;toXContent;writeTo	IocSchema;IocUploadSource;RefreshType;S3Source;SATIFSourceConfig;SecurityAnalyticsException;Source;SourceConfigType;TIFJobState;TIFSourceConfigDto	org.apache.logging.log4j.LogManager;org.apache.logging.log4j.Logger;org.opensearch.OpenSearchStatusException;org.opensearch.common.UUIDs;org.opensearch.commons.authuser.User;org.opensearch.core.common.io.stream.StreamInput;org.opensearch.core.common.io.stream.StreamOutput;org.opensearch.core.common.io.stream.Writeable;org.opensearch.core.rest.RestStatus;org.opensearch.core.xcontent.ToXContentObject;org.opensearch.core.xcontent.XContentBuilder;org.opensearch.core.xcontent.XContentParser;org.opensearch.core.xcontent.XContentParserUtils;org.opensearch.jobscheduler.spi.schedule.IntervalSchedule;org.opensearch.jobscheduler.spi.schedule.Schedule;org.opensearch.jobscheduler.spi.schedule.ScheduleParser	Fields, typed model translation, errors, or containers support the caller; no independent algorithm or durable owner.
e33c62506efcb15ae795847484357704b539bcf1	src/main/java/org/opensearch/securityanalytics/threatIntel/model/Source.java	contract/schema helper	SA-01.metadata;SA-03.rules;SA-06.stix;SA-07.partition	parse;toString;writeTo	CustomSchemaIocUploadSource;IocUploadSource;S3Source;SecurityAnalyticsException;UrlDownloadSource	org.apache.logging.log4j.LogManager;org.apache.logging.log4j.Logger;org.opensearch.core.common.io.stream.StreamInput;org.opensearch.core.common.io.stream.StreamOutput;org.opensearch.core.rest.RestStatus;org.opensearch.core.xcontent.XContentParser;org.opensearch.core.xcontent.XContentParserUtils;org.opensearch.core.xcontent.XContentParserUtils.ensureExpectedToken	Fields, typed model translation, errors, or containers support the caller; no independent algorithm or durable owner.
e33c62506efcb15ae795847484357704b539bcf1	src/main/java/org/opensearch/securityanalytics/threatIntel/model/TIFJobParameter.java	contract/schema helper	SA-01.metadata;SA-03.rules;SA-06.stix;SA-07.partition	TIFJobParameter;UpdateStats;build;disable;enable;getEnabledTime;getIndices;getLastFailedAt;getLastProcessingTimeInMillis;getLastSkippedAt;getLastSucceededAt;getLastUpdateTime;getLockDurationSeconds;getName;getSchedule;getState;getUpdateStats;isEnabled;newIndexName;parse;parseFromParser;setEnabled;setEnabledTime;setIndices;setLastFailedAt;setLastProcessingTimeInMillis;setLastSkippedAt;setLastSucceededAt;setLastUpdateTime;setName;setSchedule;setState;toState;toXContent;writeTo	PutTIFJobRequest;TIFJobState;TIFLockService;TIFMetadata	org.opensearch.common.time.DateUtils.toInstant;org.opensearch.core.ParseField;org.opensearch.core.common.io.stream.StreamInput;org.opensearch.core.common.io.stream.StreamOutput;org.opensearch.core.common.io.stream.Writeable;org.opensearch.core.xcontent.ConstructingObjectParser;org.opensearch.core.xcontent.ToXContent;org.opensearch.core.xcontent.XContentBuilder;org.opensearch.core.xcontent.XContentParser;org.opensearch.core.xcontent.XContentParserUtils;org.opensearch.jobscheduler.spi.ScheduledJobParameter;org.opensearch.jobscheduler.spi.schedule.IntervalSchedule;org.opensearch.jobscheduler.spi.schedule.ScheduleParser	Fields, typed model translation, errors, or containers support the caller; no independent algorithm or durable owner.
e33c62506efcb15ae795847484357704b539bcf1	src/main/java/org/opensearch/securityanalytics/threatIntel/model/TIFMetadata.java	contract/schema helper	SA-01.metadata;SA-03.rules;SA-06.stix;SA-07.partition	TIFMetadata;getDescription;getFeedId;getFeedType;getIocCol;getIocType;getName;getUrl;hasHeader;toXContent;writeTo		org.opensearch.core.ParseField;org.opensearch.core.common.io.stream.StreamInput;org.opensearch.core.common.io.stream.StreamOutput;org.opensearch.core.common.io.stream.Writeable;org.opensearch.core.xcontent.*	Fields, typed model translation, errors, or containers support the caller; no independent algorithm or durable owner.
e33c62506efcb15ae795847484357704b539bcf1	src/main/java/org/opensearch/securityanalytics/threatIntel/model/UrlDownloadSource.java	contract/schema helper	SA-01.metadata;SA-03.rules;SA-06.stix;SA-07.partition	UrlDownloadSource;getCsvIocValueColumnNo;getFeedFormat;getUrl;hasCsvHeader;parse;toXContent;writeTo	Source	org.apache.logging.log4j.LogManager;org.apache.logging.log4j.Logger;org.opensearch.core.common.io.stream.StreamInput;org.opensearch.core.common.io.stream.StreamOutput;org.opensearch.core.common.io.stream.Writeable;org.opensearch.core.xcontent.ToXContent;org.opensearch.core.xcontent.XContentBuilder;org.opensearch.core.xcontent.XContentParser	Fields, typed model translation, errors, or containers support the caller; no independent algorithm or durable owner.
e33c62506efcb15ae795847484357704b539bcf1	src/main/java/org/opensearch/securityanalytics/threatIntel/model/monitor/PerIocTypeScanInput.java	contract/schema helper	SA-01.metadata;SA-03.rules;SA-06.stix;SA-07.partition	PerIocTypeScanInput;getIndexToFieldsMap;getIocType;parse;toXContent;writeTo		org.opensearch.core.common.io.stream.StreamInput;org.opensearch.core.common.io.stream.StreamOutput;org.opensearch.core.common.io.stream.Writeable;org.opensearch.core.xcontent.ToXContentObject;org.opensearch.core.xcontent.XContentBuilder;org.opensearch.core.xcontent.XContentParser;org.opensearch.core.xcontent.XContentParserUtils	Fields, typed model translation, errors, or containers support the caller; no independent algorithm or durable owner.
e33c62506efcb15ae795847484357704b539bcf1	src/main/java/org/opensearch/securityanalytics/threatIntel/model/monitor/ThreatIntelInput.java	contract/schema helper	SA-01.metadata;SA-03.rules;SA-06.stix;SA-07.partition	ThreatIntelInput;getPerIocTypeScanInputList;getThreatIntelInputAsBytesReference;parse;readFrom;toXContent;writeTo	PerIocTypeScanInput	org.opensearch.common.io.stream.BytesStreamOutput;org.opensearch.core.common.bytes.BytesReference;org.opensearch.core.common.io.stream.StreamInput;org.opensearch.core.common.io.stream.StreamOutput;org.opensearch.core.common.io.stream.Writeable;org.opensearch.core.xcontent.ToXContentObject;org.opensearch.core.xcontent.XContentBuilder;org.opensearch.core.xcontent.XContentParser;org.opensearch.core.xcontent.XContentParserUtils	Fields, typed model translation, errors, or containers support the caller; no independent algorithm or durable owner.
e33c62506efcb15ae795847484357704b539bcf1	src/main/java/org/opensearch/securityanalytics/threatIntel/model/monitor/ThreatIntelTrigger.java	contract/schema helper	SA-01.metadata;SA-03.rules;SA-06.stix;SA-07.partition	ThreatIntelTrigger;getDataSources;getIocTypes;parse;readFrom;toXContent;writeTo		org.opensearch.core.common.io.stream.StreamInput;org.opensearch.core.common.io.stream.StreamOutput;org.opensearch.core.common.io.stream.Writeable;org.opensearch.core.xcontent.ToXContentObject;org.opensearch.core.xcontent.XContentBuilder;org.opensearch.core.xcontent.XContentParser;org.opensearch.core.xcontent.XContentParserUtils	Fields, typed model translation, errors, or containers support the caller; no independent algorithm or durable owner.
e33c62506efcb15ae795847484357704b539bcf1	src/main/java/org/opensearch/securityanalytics/threatIntel/model/monitor/TransportThreatIntelMonitorFanOutAction.java	calculation or host adapter	SA-06.documents;SA-07.document-delegate	SearchHitsOrException;TransportThreatIntelMonitorFanOutAction;doExecute;fetchDataFromShards;fetchLatestDocsFromShard;getException;getHits;onGetIocTypeToIndices;searchShard	IndexUtils;IocScanContext;SATIFSourceConfigService;SaIoCScanService;ThreatIntelInput;ThreatIntelMonitorRunner;ThreatIntelMonitorUtils	org.apache.logging.log4j.LogManager;org.apache.logging.log4j.Logger;org.apache.logging.log4j.message.ParameterizedMessage;org.opensearch.action.search.SearchRequest;org.opensearch.action.support.ActionFilters;org.opensearch.action.support.GroupedActionListener;org.opensearch.action.support.HandledTransportAction;org.opensearch.cluster.metadata.IndexNameExpressionResolver;org.opensearch.cluster.service.ClusterService;org.opensearch.common.inject.Inject;org.opensearch.common.settings.Settings;org.opensearch.commons.alerting.action.DocLevelMonitorFanOutRequest;org.opensearch.commons.alerting.action.DocLevelMonitorFanOutResponse;org.opensearch.commons.alerting.model.DocumentLevelTriggerRunResult;org.opensearch.commons.alerting.model.InputRunResults;org.opensearch.commons.alerting.model.Monitor;org.opensearch.commons.alerting.model.MonitorRunResult;org.opensearch.commons.alerting.model.remote.monitors.RemoteDocLevelMonitorInput;org.opensearch.commons.alerting.util.AlertingException;org.opensearch.core.action.ActionListener;org.opensearch.core.index.shard.ShardId;org.opensearch.core.rest.RestStatus;org.opensearch.core.xcontent.NamedXContentRegistry;org.opensearch.index.query.BoolQueryBuilder;org.opensearch.index.query.QueryBuilders;org.opensearch.index.seqno.SequenceNumbers;org.opensearch.search.SearchHit;org.opensearch.search.SearchHits;org.opensearch.search.builder.SearchSourceBuilder;org.opensearch.search.sort.SortOrder;org.opensearch.tasks.Task;org.opensearch.transport.TransportService;org.opensearch.transport.client.Client	Retain listed calculation/validation. Existing host owners replace storage, network access, credentials, and effects.
e33c62506efcb15ae795847484357704b539bcf1	src/main/java/org/opensearch/securityanalytics/threatIntel/resthandler/RestDeleteTIFSourceConfigAction.java	host administration or wire adapter	host	getName;prepareRequest;routes	Constants;SADeleteTIFSourceConfigAction;SADeleteTIFSourceConfigRequest;SATIFSourceConfigDto;SecurityAnalyticsPlugin	org.apache.logging.log4j.LogManager;org.apache.logging.log4j.Logger;org.opensearch.rest.BaseRestHandler;org.opensearch.rest.RestRequest;org.opensearch.rest.action.RestToXContentListener;org.opensearch.transport.client.node.NodeClient	Upstream administration, storage, permission, registration, timing, or configuration. Listed embedded calculations are separately mapped.
e33c62506efcb15ae795847484357704b539bcf1	src/main/java/org/opensearch/securityanalytics/threatIntel/resthandler/RestGetIocFindingsAction.java	host administration or wire adapter	host	getName;prepareRequest;routes	GetIocFindingsAction;GetIocFindingsRequest;SecurityAnalyticsPlugin	org.opensearch.commons.alerting.model.Table;org.opensearch.rest.BaseRestHandler;org.opensearch.rest.RestRequest;org.opensearch.rest.RestRequest.Method.GET;org.opensearch.rest.action.RestToXContentListener;org.opensearch.transport.client.node.NodeClient	Upstream administration, storage, permission, registration, timing, or configuration. Listed embedded calculations are separately mapped.
e33c62506efcb15ae795847484357704b539bcf1	src/main/java/org/opensearch/securityanalytics/threatIntel/resthandler/RestGetTIFSourceConfigAction.java	host administration or wire adapter	host	getName;prepareRequest;routes	Constants;SAGetTIFSourceConfigAction;SAGetTIFSourceConfigRequest;SATIFSourceConfigDto;SecurityAnalyticsPlugin	org.apache.logging.log4j.LogManager;org.apache.logging.log4j.Logger;org.opensearch.rest.BaseRestHandler;org.opensearch.rest.RestRequest;org.opensearch.rest.RestRequest.Method.GET;org.opensearch.rest.action.RestActions;org.opensearch.rest.action.RestToXContentListener;org.opensearch.transport.client.node.NodeClient	Upstream administration, storage, permission, registration, timing, or configuration. Listed embedded calculations are separately mapped.
e33c62506efcb15ae795847484357704b539bcf1	src/main/java/org/opensearch/securityanalytics/threatIntel/resthandler/RestIndexTIFSourceConfigAction.java	host administration or wire adapter	host	buildResponse;getName;indexTIFConfigResponse;prepareRequest;routes	Constants;SAIndexTIFSourceConfigAction;SAIndexTIFSourceConfigRequest;SAIndexTIFSourceConfigResponse;SATIFSourceConfigDto;SecurityAnalyticsPlugin;SourceConfigType	org.apache.logging.log4j.LogManager;org.apache.logging.log4j.Logger;org.opensearch.core.rest.RestStatus;org.opensearch.core.xcontent.ToXContent;org.opensearch.core.xcontent.XContentParser;org.opensearch.core.xcontent.XContentParserUtils;org.opensearch.rest.BaseRestHandler;org.opensearch.rest.BytesRestResponse;org.opensearch.rest.RestChannel;org.opensearch.rest.RestRequest;org.opensearch.rest.RestResponse;org.opensearch.rest.action.RestResponseListener;org.opensearch.transport.client.node.NodeClient	Upstream administration, storage, permission, registration, timing, or configuration. Listed embedded calculations are separately mapped.
e33c62506efcb15ae795847484357704b539bcf1	src/main/java/org/opensearch/securityanalytics/threatIntel/resthandler/RestListIOCsAction.java	host administration or wire adapter	host	buildResponse;getName;prepareRequest;routes	ListIOCsAction;ListIOCsActionRequest;ListIOCsActionResponse;SecurityAnalyticsPlugin	org.apache.logging.log4j.LogManager;org.apache.logging.log4j.Logger;org.opensearch.commons.alerting.model.Table;org.opensearch.core.common.Strings;org.opensearch.core.rest.RestStatus;org.opensearch.core.xcontent.ToXContent;org.opensearch.rest.BaseRestHandler;org.opensearch.rest.BytesRestResponse;org.opensearch.rest.RestRequest;org.opensearch.rest.RestResponse;org.opensearch.rest.action.RestResponseListener;org.opensearch.transport.client.node.NodeClient	Upstream administration, storage, permission, registration, timing, or configuration. Listed embedded calculations are separately mapped.
e33c62506efcb15ae795847484357704b539bcf1	src/main/java/org/opensearch/securityanalytics/threatIntel/resthandler/RestRefreshTIFSourceConfigAction.java	host administration or wire adapter	host	getName;prepareRequest;routes	Constants;SARefreshTIFSourceConfigAction;SARefreshTIFSourceConfigRequest;SATIFSourceConfigDto;SecurityAnalyticsPlugin	org.apache.logging.log4j.LogManager;org.apache.logging.log4j.Logger;org.opensearch.rest.BaseRestHandler;org.opensearch.rest.RestRequest;org.opensearch.rest.action.RestToXContentListener;org.opensearch.transport.client.node.NodeClient	Upstream administration, storage, permission, registration, timing, or configuration. Listed embedded calculations are separately mapped.
e33c62506efcb15ae795847484357704b539bcf1	src/main/java/org/opensearch/securityanalytics/threatIntel/resthandler/RestSearchTIFSourceConfigsAction.java	host administration or wire adapter	host	buildResponse;getName;prepareRequest;routes	SASearchTIFSourceConfigsAction;SASearchTIFSourceConfigsRequest;SecurityAnalyticsPlugin	org.apache.logging.log4j.LogManager;org.apache.logging.log4j.Logger;org.opensearch.action.search.SearchResponse;org.opensearch.core.rest.RestStatus.OK;org.opensearch.core.xcontent.ToXContent;org.opensearch.rest.BaseRestHandler;org.opensearch.rest.BytesRestResponse;org.opensearch.rest.RestChannel;org.opensearch.rest.RestRequest;org.opensearch.rest.RestRequest.Method.POST;org.opensearch.rest.RestResponse;org.opensearch.rest.action.RestResponseListener;org.opensearch.search.builder.SearchSourceBuilder;org.opensearch.search.fetch.subphase.FetchSourceContext;org.opensearch.transport.client.node.NodeClient	Upstream administration, storage, permission, registration, timing, or configuration. Listed embedded calculations are separately mapped.
e33c62506efcb15ae795847484357704b539bcf1	src/main/java/org/opensearch/securityanalytics/threatIntel/resthandler/monitor/RestDeleteThreatIntelMonitorAction.java	host administration or wire adapter	host	getName;prepareRequest;routes	DeleteThreatIntelMonitorAction;DeleteThreatIntelMonitorRequest;IndexThreatIntelMonitorRequest;SecurityAnalyticsPlugin	org.apache.logging.log4j.LogManager;org.apache.logging.log4j.Logger;org.opensearch.rest.BaseRestHandler;org.opensearch.rest.RestRequest;org.opensearch.rest.action.RestToXContentListener;org.opensearch.transport.client.node.NodeClient	Upstream administration, storage, permission, registration, timing, or configuration. Listed embedded calculations are separately mapped.
e33c62506efcb15ae795847484357704b539bcf1	src/main/java/org/opensearch/securityanalytics/threatIntel/resthandler/monitor/RestGetThreatIntelAlertsAction.java	host administration or wire adapter	host	getName;prepareRequest;routes	GetThreatIntelAlertsAction;GetThreatIntelAlertsRequest;SecurityAnalyticsPlugin	org.opensearch.commons.alerting.model.Table;org.opensearch.rest.BaseRestHandler;org.opensearch.rest.RestRequest;org.opensearch.rest.RestRequest.Method.GET;org.opensearch.rest.action.RestToXContentListener;org.opensearch.transport.client.node.NodeClient	Upstream administration, storage, permission, registration, timing, or configuration. Listed embedded calculations are separately mapped.
e33c62506efcb15ae795847484357704b539bcf1	src/main/java/org/opensearch/securityanalytics/threatIntel/resthandler/monitor/RestIndexThreatIntelMonitorAction.java	host administration or wire adapter	host	buildResponse;getListener;getName;prepareRequest;routes	IndexThreatIntelMonitorAction;IndexThreatIntelMonitorRequest;IndexThreatIntelMonitorResponse;SecurityAnalyticsException;SecurityAnalyticsPlugin;ThreatIntelMonitorDto	org.apache.logging.log4j.LogManager;org.apache.logging.log4j.Logger;org.opensearch.core.rest.RestStatus;org.opensearch.core.xcontent.ToXContent;org.opensearch.core.xcontent.XContentParser;org.opensearch.core.xcontent.XContentParserUtils;org.opensearch.rest.BaseRestHandler;org.opensearch.rest.BytesRestResponse;org.opensearch.rest.RestChannel;org.opensearch.rest.RestRequest;org.opensearch.rest.RestResponse;org.opensearch.rest.action.RestResponseListener;org.opensearch.transport.client.node.NodeClient	Upstream administration, storage, permission, registration, timing, or configuration. Listed embedded calculations are separately mapped.
e33c62506efcb15ae795847484357704b539bcf1	src/main/java/org/opensearch/securityanalytics/threatIntel/resthandler/monitor/RestSearchThreatIntelMonitorAction.java	host administration or wire adapter	host	buildResponse;getName;prepareRequest;routes	SearchThreatIntelMonitorAction;SearchThreatIntelMonitorRequest;SecurityAnalyticsPlugin;ThreatIntelMonitorRunner;TransportIndexDetectorAction	org.apache.logging.log4j.LogManager;org.apache.logging.log4j.Logger;org.opensearch.action.search.SearchRequest;org.opensearch.action.search.SearchResponse;org.opensearch.cluster.routing.Preference;org.opensearch.core.rest.RestStatus.OK;org.opensearch.core.xcontent.ToXContent;org.opensearch.index.query.BoolQueryBuilder;org.opensearch.index.query.QueryBuilders;org.opensearch.rest.BaseRestHandler;org.opensearch.rest.BytesRestResponse;org.opensearch.rest.RestChannel;org.opensearch.rest.RestRequest;org.opensearch.rest.RestResponse;org.opensearch.rest.action.RestResponseListener;org.opensearch.search.builder.SearchSourceBuilder;org.opensearch.search.fetch.subphase.FetchSourceContext;org.opensearch.transport.client.node.NodeClient	Upstream administration, storage, permission, registration, timing, or configuration. Listed embedded calculations are separately mapped.
e33c62506efcb15ae795847484357704b539bcf1	src/main/java/org/opensearch/securityanalytics/threatIntel/resthandler/monitor/RestUpdateThreatIntelAlertsStatusAction.java	host administration or wire adapter	host	getName;prepareRequest;routes	SecurityAnalyticsPlugin;UpdateThreatIntelAlertStatusAction;UpdateThreatIntelAlertStatusRequest	org.apache.commons.lang3.StringUtils;org.opensearch.commons.alerting.model.Alert;org.opensearch.core.common.Strings;org.opensearch.rest.BaseRestHandler;org.opensearch.rest.RestRequest;org.opensearch.rest.action.RestToXContentListener;org.opensearch.transport.client.node.NodeClient	Upstream administration, storage, permission, registration, timing, or configuration. Listed embedded calculations are separately mapped.
e33c62506efcb15ae795847484357704b539bcf1	src/main/java/org/opensearch/securityanalytics/threatIntel/sacommons/IndexTIFSourceConfigAction.java	contract/schema helper	SA-01.metadata;SA-03.rules;SA-06.stix;SA-07.partition				Fields, typed model translation, errors, or containers support the caller; no independent algorithm or durable owner.
e33c62506efcb15ae795847484357704b539bcf1	src/main/java/org/opensearch/securityanalytics/threatIntel/sacommons/IndexTIFSourceConfigRequest.java	contract/schema helper	SA-01.metadata;SA-03.rules;SA-06.stix;SA-07.partition		TIFSourceConfigDto		Fields, typed model translation, errors, or containers support the caller; no independent algorithm or durable owner.
e33c62506efcb15ae795847484357704b539bcf1	src/main/java/org/opensearch/securityanalytics/threatIntel/sacommons/IndexTIFSourceConfigResponse.java	contract/schema helper	SA-01.metadata;SA-03.rules;SA-06.stix;SA-07.partition		TIFSourceConfigDto		Fields, typed model translation, errors, or containers support the caller; no independent algorithm or durable owner.
e33c62506efcb15ae795847484357704b539bcf1	src/main/java/org/opensearch/securityanalytics/threatIntel/sacommons/TIFSourceConfig.java	contract/schema helper	SA-01.metadata;SA-03.rules;SA-06.stix;SA-07.partition	getId;getIocTypes;setId;setIocTypes	IocStoreConfig;SourceConfigType;TIFJobState	org.opensearch.commons.authuser.User;org.opensearch.jobscheduler.spi.schedule.IntervalSchedule;org.opensearch.jobscheduler.spi.schedule.Schedule	Fields, typed model translation, errors, or containers support the caller; no independent algorithm or durable owner.
e33c62506efcb15ae795847484357704b539bcf1	src/main/java/org/opensearch/securityanalytics/threatIntel/sacommons/TIFSourceConfigDto.java	contract/schema helper	SA-01.metadata;SA-03.rules;SA-06.stix;SA-07.partition	getId;getIocTypes;setId;setIocTypes	SourceConfigType;TIFJobState	org.opensearch.commons.authuser.User;org.opensearch.jobscheduler.spi.schedule.IntervalSchedule;org.opensearch.jobscheduler.spi.schedule.Schedule	Fields, typed model translation, errors, or containers support the caller; no independent algorithm or durable owner.
e33c62506efcb15ae795847484357704b539bcf1	src/main/java/org/opensearch/securityanalytics/threatIntel/sacommons/TIFSourceConfigManagementService.java	contract/schema helper	SA-01.metadata;SA-03.rules;SA-06.stix;SA-07.partition		IndexTIFSourceConfigRequest;IndexTIFSourceConfigResponse	org.opensearch.core.action.ActionListener	Fields, typed model translation, errors, or containers support the caller; no independent algorithm or durable owner.
e33c62506efcb15ae795847484357704b539bcf1	src/main/java/org/opensearch/securityanalytics/threatIntel/sacommons/monitor/IndexIocScanMonitorResponseInterface.java	contract/schema helper	SA-01.metadata;SA-03.rules;SA-06.stix;SA-07.partition		ThreatIntelMonitorDto		Fields, typed model translation, errors, or containers support the caller; no independent algorithm or durable owner.
e33c62506efcb15ae795847484357704b539bcf1	src/main/java/org/opensearch/securityanalytics/threatIntel/sacommons/monitor/IndexTIFSourceConfigRequestInterface.java	contract/schema helper	SA-01.metadata;SA-03.rules;SA-06.stix;SA-07.partition				Fields, typed model translation, errors, or containers support the caller; no independent algorithm or durable owner.
e33c62506efcb15ae795847484357704b539bcf1	src/main/java/org/opensearch/securityanalytics/threatIntel/sacommons/monitor/ThreatIntelAlertDto.java	contract/schema helper	SA-01.metadata;SA-03.rules;SA-06.stix;SA-07.partition	ThreatIntelAlertDto;asTemplateArg;createXContentBuilder;getAcknowledgedTime;getEndTime;getErrorMessage;getFindingIds;getId;getIocType;getIocValue;getLastUpdatedTime;getPrimaryTerm;getSchemaVersion;getSeqNo;getSeverity;getStartTime;getState;getTriggerId;getTriggerName;getUser;getVersion;isAcknowledged;parse;readFrom;toXContent;toXContentWithUser;writeTo	BaseEntity;ThreatIntelAlert;XContentUtils	org.opensearch.commons.alerting.model.Alert;org.opensearch.commons.authuser.User;org.opensearch.core.common.io.stream.StreamInput;org.opensearch.core.common.io.stream.StreamOutput;org.opensearch.core.xcontent.XContentBuilder;org.opensearch.core.xcontent.XContentParser;org.opensearch.core.xcontent.XContentParserUtils.ensureExpectedToken;org.opensearch.index.seqno.SequenceNumbers	Fields, typed model translation, errors, or containers support the caller; no independent algorithm or durable owner.
e33c62506efcb15ae795847484357704b539bcf1	src/main/java/org/opensearch/securityanalytics/threatIntel/sacommons/monitor/ThreatIntelMonitorActions.java	contract/schema helper	SA-01.metadata;SA-03.rules;SA-06.stix;SA-07.partition				Fields, typed model translation, errors, or containers support the caller; no independent algorithm or durable owner.
e33c62506efcb15ae795847484357704b539bcf1	src/main/java/org/opensearch/securityanalytics/threatIntel/sacommons/monitor/ThreatIntelMonitorDto.java	contract/schema helper	SA-01.metadata;SA-03.rules;SA-06.stix;SA-07.partition	ThreatIntelMonitorDto;getId;getIndices;getName;getPerIocTypeScanInputList;getSchedule;getTriggers;getUser;isEnabled;parse;readFrom;toXContent;writeTo	PerIocTypeScanInputDto;ThreatIntelInput;ThreatIntelMonitorDtoInterface;ThreatIntelMonitorUtils;ThreatIntelTriggerDto	org.apache.commons.lang3.StringUtils;org.opensearch.commons.alerting.model.CronSchedule;org.opensearch.commons.alerting.model.Monitor;org.opensearch.commons.alerting.model.Schedule;org.opensearch.commons.alerting.model.ScheduledJob;org.opensearch.commons.alerting.model.remote.monitors.RemoteDocLevelMonitorInput;org.opensearch.commons.alerting.model.remote.monitors.RemoteMonitorInput;org.opensearch.commons.authuser.User;org.opensearch.core.common.io.stream.StreamInput;org.opensearch.core.common.io.stream.StreamOutput;org.opensearch.core.common.io.stream.Writeable;org.opensearch.core.xcontent.ToXContentObject;org.opensearch.core.xcontent.XContentBuilder;org.opensearch.core.xcontent.XContentParser;org.opensearch.core.xcontent.XContentParserUtils	Fields, typed model translation, errors, or containers support the caller; no independent algorithm or durable owner.
e33c62506efcb15ae795847484357704b539bcf1	src/main/java/org/opensearch/securityanalytics/threatIntel/sacommons/monitor/ThreatIntelMonitorDtoInterface.java	contract/schema helper	SA-01.metadata;SA-03.rules;SA-06.stix;SA-07.partition				Fields, typed model translation, errors, or containers support the caller; no independent algorithm or durable owner.
e33c62506efcb15ae795847484357704b539bcf1	src/main/java/org/opensearch/securityanalytics/threatIntel/sacommons/monitor/ThreatIntelTriggerDto.java	contract/schema helper	SA-01.metadata;SA-03.rules;SA-06.stix;SA-07.partition	ThreatIntelTriggerDto;getActions;getDataSources;getId;getIocTypes;getName;getSeverity;parse;readFrom;toXContent;writeTo		org.apache.commons.lang3.StringUtils;org.opensearch.commons.alerting.model.action.Action;org.opensearch.core.common.io.stream.StreamInput;org.opensearch.core.common.io.stream.StreamOutput;org.opensearch.core.common.io.stream.Writeable;org.opensearch.core.xcontent.ToXContentObject;org.opensearch.core.xcontent.XContentBuilder;org.opensearch.core.xcontent.XContentParser;org.opensearch.core.xcontent.XContentParserUtils	Fields, typed model translation, errors, or containers support the caller; no independent algorithm or durable owner.
e33c62506efcb15ae795847484357704b539bcf1	src/main/java/org/opensearch/securityanalytics/threatIntel/service/DefaultTifSourceConfigLoaderService.java	calculation or host adapter	SA-06.feed-metadata	DefaultTifSourceConfigLoaderService;ResponseOrException;createDefaultTifConfigsIfNotExists;createTifConfigsThatDontExist;getException;getResponse;onFailure;onResponse	BuiltInTIFMetadataLoader;DetectorUtils;RefreshType;SATIFSourceConfigDto;SATIFSourceConfigManagementService;SourceConfigType;TIFJobState;TIFMetadata;UrlDownloadSource	org.apache.logging.log4j.LogManager;org.apache.logging.log4j.Logger;org.opensearch.action.search.SearchResponse;org.opensearch.action.support.GroupedActionListener;org.opensearch.core.action.ActionListener;org.opensearch.index.IndexNotFoundException;org.opensearch.index.query.BoolQueryBuilder;org.opensearch.index.query.MatchQueryBuilder;org.opensearch.index.query.QueryBuilders;org.opensearch.jobscheduler.spi.schedule.IntervalSchedule;org.opensearch.rest.RestRequest;org.opensearch.search.SearchHit;org.opensearch.search.builder.SearchSourceBuilder;org.opensearch.securityanalytics.commons.model.IOCType;org.opensearch.transport.RemoteTransportException;org.opensearch.transport.client.Client	Retain listed calculation/validation. Existing host owners replace storage, network access, credentials, and effects.
e33c62506efcb15ae795847484357704b539bcf1	src/main/java/org/opensearch/securityanalytics/threatIntel/service/DetectorThreatIntelService.java	calculation or host adapter	SA-06.legacy-queries;SA-07.threat-intel	DetectorThreatIntelService;buildQueryStringQueryWithIocList;constructId;createDocLevelQueriesFromThreatIntelList;createDocLevelQueryFromThreatIntel;updateDetectorsWithLatestThreatIntelRules	Detector;DetectorUtils;IndexDetectorAction;IndexDetectorRequest;LogType;SearchDetectorAction;SearchDetectorRequest;ThreatIntelFeedData;ThreatIntelFeedDataService	org.apache.logging.log4j.LogManager;org.apache.logging.log4j.Logger;org.apache.logging.log4j.message.ParameterizedMessage;org.apache.lucene.search.join.ScoreMode;org.opensearch.action.search.SearchRequest;org.opensearch.action.support.WriteRequest;org.opensearch.commons.alerting.model.DocLevelQuery;org.opensearch.core.action.ActionListener;org.opensearch.core.xcontent.NamedXContentRegistry;org.opensearch.index.query.QueryBuilder;org.opensearch.index.query.QueryBuilders;org.opensearch.rest.RestRequest;org.opensearch.search.builder.SearchSourceBuilder;org.opensearch.transport.client.Client	Retain listed calculation/validation. Existing host owners replace storage, network access, credentials, and effects.
e33c62506efcb15ae795847484357704b539bcf1	src/main/java/org/opensearch/securityanalytics/threatIntel/service/JsonPathIocSchemaThreatIntelHandler.java	calculation or host adapter	SA-06.custom-json;SA-06.json-values;SA-06.json-strings;SA-06.json-times	InputStreamIocHandler;StringIocHandler;getDocumentContext;handleIocValueFieldParsing;isStringAndNonEmpty;nullOrBlank;objectIsNullOrNotStringOrNotArray;objectIsNullOrNotStringOrNotVal;parseCustomSchema;parseCustomSchemaInternal;parseInstantListFromJsonPathNotation;parseStringListFromJsonPathNotation	CustomSchemaIocUploadSource;JsonPathIocSchema;JsonPathSchemaField;SATIFSourceConfig;STIX2IOC	com.jayway.jsonpath.Configuration;com.jayway.jsonpath.DocumentContext;com.jayway.jsonpath.JsonPath;com.jayway.jsonpath.Option;org.apache.logging.log4j.LogManager;org.apache.logging.log4j.Logger;org.apache.logging.log4j.util.Strings.isBlank	Retain listed calculation/validation. Existing host owners replace storage, network access, credentials, and effects.
e33c62506efcb15ae795847484357704b539bcf1	src/main/java/org/opensearch/securityanalytics/threatIntel/service/SATIFSourceConfigManagementService.java	host infrastructure or contract helper	host	SATIFSourceConfigManagementService;convertToIocs;convertToSATIFConfig;createIocAndTIFSourceConfig;createOrUpdateTifSourceConfig;deleteAllIocsAndSourceConfig;deleteOldIocIndices;deleteTIFSourceConfig;downloadAndSaveIOCs;downloadAndSaveIocsToRefresh;getIocIndicesToDeleteByAge;getIocIndicesToDeleteBySize;getTIFSourceConfig;internalUpdateTIFSourceConfig;markSourceConfigAsAction;numOfIndicesToDelete;refreshTIFSourceConfig;saveLocalUploadedIocs;searchTIFSourceConfigs;updateIocAndTIFSourceConfig;updateSaTifSourceConfig;validateCustomSchemaIocUploadInput	CustomSchemaIocUploadSource;DefaultIocStoreConfig;IocStoreConfig;IocUploadSource;JsonPathIocSchema;JsonPathIocSchemaThreatIntelHandler;SATIFSourceConfig;SATIFSourceConfigDto;SATIFSourceConfigService;STIX2IOC;STIX2IOCDto;STIX2IOCFetchService;SecurityAnalyticsException;SecurityAnalyticsSettings;Source;SourceConfigType;TIFJobState;TIFLockService;UrlDownloadSource	org.apache.logging.log4j.LogManager;org.apache.logging.log4j.Logger;org.apache.logging.log4j.util.Strings.isBlank;org.opensearch.OpenSearchException;org.opensearch.OpenSearchStatusException;org.opensearch.action.delete.DeleteResponse;org.opensearch.action.search.SearchResponse;org.opensearch.cluster.ClusterState;org.opensearch.cluster.metadata.IndexAbstraction;org.opensearch.cluster.metadata.IndexMetadata;org.opensearch.cluster.service.ClusterService;org.opensearch.common.inject.Inject;org.opensearch.common.xcontent.LoggingDeprecationHandler;org.opensearch.common.xcontent.XContentFactory;org.opensearch.common.xcontent.XContentType;org.opensearch.commons.authuser.User;org.opensearch.core.action.ActionListener;org.opensearch.core.common.bytes.BytesReference;org.opensearch.core.rest.RestStatus;org.opensearch.core.xcontent.NamedXContentRegistry;org.opensearch.core.xcontent.ToXContent;org.opensearch.core.xcontent.XContentBuilder;org.opensearch.core.xcontent.XContentParser;org.opensearch.index.IndexNotFoundException;org.opensearch.jobscheduler.spi.LockModel;org.opensearch.rest.RestRequest;org.opensearch.search.SearchHit;org.opensearch.search.builder.SearchSourceBuilder	Upstream administration, storage, permission, registration, timing, or configuration. Listed embedded calculations are separately mapped.
e33c62506efcb15ae795847484357704b539bcf1	src/main/java/org/opensearch/securityanalytics/threatIntel/service/SATIFSourceConfigService.java	calculation or host adapter	SA-06.type-inputs	SATIFSourceConfigService;checkAndEnsureThreatIntelMonitorsDeleted;checkAndUpdateJobIndexMapping;createJobIndexIfNotExists;createSATIFSourceConfig;deleteAllIocIndices;deleteIocIndex;deleteTIFSourceConfig;getClusterState;getConcreteIndices;getEnabledForScanFieldName;getIndexMapping;getIocTypeToIndices;getSearchRequest;getStateFieldName;getTIFSourceConfig;indexTIFSourceConfig;searchTIFSourceConfigs;updateTIFSourceConfig	DefaultIocStoreConfig;IndexUtils;SATIFSourceConfig;SearchThreatIntelMonitorAction;SearchThreatIntelMonitorRequest;SecurityAnalyticsException;SecurityAnalyticsPlugin;SecurityAnalyticsSettings;TIFJobState;TIFLockService;TransportIndexDetectorAction	org.apache.logging.log4j.LogManager;org.apache.logging.log4j.Logger;org.opensearch.OpenSearchStatusException;org.opensearch.ResourceAlreadyExistsException;org.opensearch.action.StepListener;org.opensearch.action.admin.cluster.state.ClusterStateRequest;org.opensearch.action.admin.cluster.state.ClusterStateResponse;org.opensearch.action.admin.indices.create.CreateIndexRequest;org.opensearch.action.admin.indices.delete.DeleteIndexRequest;org.opensearch.action.delete.DeleteRequest;org.opensearch.action.delete.DeleteResponse;org.opensearch.action.get.GetRequest;org.opensearch.action.index.IndexRequest;org.opensearch.action.index.IndexResponse;org.opensearch.action.search.SearchRequest;org.opensearch.action.search.SearchResponse;org.opensearch.action.support.IndicesOptions;org.opensearch.action.support.WriteRequest;org.opensearch.action.support.clustermanager.AcknowledgedResponse;org.opensearch.cluster.metadata.IndexMetadata;org.opensearch.cluster.routing.Preference;org.opensearch.cluster.service.ClusterService;org.opensearch.common.settings.ClusterSettings;org.opensearch.common.xcontent.LoggingDeprecationHandler;org.opensearch.common.xcontent.XContentFactory;org.opensearch.common.xcontent.XContentHelper;org.opensearch.common.xcontent.XContentType;org.opensearch.core.action.ActionListener;org.opensearch.core.common.bytes.BytesReference;org.opensearch.core.rest.RestStatus;org.opensearch.core.xcontent.NamedXContentRegistry;org.opensearch.core.xcontent.ToXContent;org.opensearch.core.xcontent.XContentBuilder;org.opensearch.core.xcontent.XContentParser;org.opensearch.index.query.BoolQueryBuilder;org.opensearch.index.query.QueryBuilders;org.opensearch.jobscheduler.spi.LockModel;org.opensearch.search.SearchHit;org.opensearch.search.builder.SearchSourceBuilder;org.opensearch.search.fetch.subphase.FetchSourceContext;org.opensearch.threadpool.ThreadPool;org.opensearch.transport.client.Client	Retain listed calculation/validation. Existing host owners replace storage, network access, credentials, and effects.
e33c62506efcb15ae795847484357704b539bcf1	src/main/java/org/opensearch/securityanalytics/threatIntel/service/TIFJobParameterService.java	host infrastructure or contract helper	host	TIFJobParameterService;createJobIndexIfNotExists;getIndexMapping;getJobParameter;onFailure;onResponse;saveTIFJobParameter;updateJobSchedulerParameter	SecurityAnalyticsException;SecurityAnalyticsPlugin;StashedThreadContext;TIFJobParameter;ThreatIntelIndicesResponse	org.apache.logging.log4j.LogManager;org.apache.logging.log4j.Logger;org.opensearch.OpenSearchStatusException;org.opensearch.ResourceAlreadyExistsException;org.opensearch.ResourceNotFoundException;org.opensearch.action.DocWriteRequest;org.opensearch.action.StepListener;org.opensearch.action.admin.indices.create.CreateIndexRequest;org.opensearch.action.admin.indices.create.CreateIndexResponse;org.opensearch.action.get.GetRequest;org.opensearch.action.index.IndexResponse;org.opensearch.action.support.WriteRequest;org.opensearch.cluster.service.ClusterService;org.opensearch.common.settings.ClusterSettings;org.opensearch.common.xcontent.LoggingDeprecationHandler;org.opensearch.common.xcontent.XContentFactory;org.opensearch.common.xcontent.XContentHelper;org.opensearch.core.action.ActionListener;org.opensearch.core.rest.RestStatus;org.opensearch.core.xcontent.NamedXContentRegistry;org.opensearch.core.xcontent.ToXContent;org.opensearch.core.xcontent.XContentParser;org.opensearch.transport.client.Client	Upstream administration, storage, permission, registration, timing, or configuration. Listed embedded calculations are separately mapped.
e33c62506efcb15ae795847484357704b539bcf1	src/main/java/org/opensearch/securityanalytics/threatIntel/service/TIFJobUpdateService.java	host infrastructure or contract helper	host	TIFJobUpdateService;createThreatIntelFeedData;deleteAllTifdIndices;deleteIndices;onFailure;onResponse;setupIndex;updateJobSchedulerParameterAsSucceeded;waitUntilAllShardsStarted	BuiltInTIFMetadataLoader;SecurityAnalyticsException;TIFJobParameter;TIFJobParameterService;TIFJobState;TIFMetadata;ThreatIntelFeedDataService;ThreatIntelFeedParser;ThreatIntelIndicesResponse	org.apache.commons.csv.CSVParser;org.apache.commons.csv.CSVRecord;org.apache.commons.lang3.StringUtils;org.apache.logging.log4j.LogManager;org.apache.logging.log4j.Logger;org.apache.logging.log4j.message.ParameterizedMessage;org.opensearch.OpenSearchException;org.opensearch.OpenSearchStatusException;org.opensearch.action.admin.indices.create.CreateIndexResponse;org.opensearch.action.support.GroupedActionListener;org.opensearch.cluster.service.ClusterService;org.opensearch.common.settings.ClusterSettings;org.opensearch.core.action.ActionListener;org.opensearch.core.rest.RestStatus	Upstream administration, storage, permission, registration, timing, or configuration. Listed embedded calculations are separately mapped.
e33c62506efcb15ae795847484357704b539bcf1	src/main/java/org/opensearch/securityanalytics/threatIntel/service/ThreatIntelFeedDataService.java	calculation or host adapter	SA-06.csv-legacy	ThreatIntelFeedDataService;createIndexIfNotExists;createThreatIntelFeedData;deleteThreatIntelDataIndex;fetchThreatIntelFeedDataFromIndex;getIndexMapping;getLatestIndexByCreationDate;getThreatIntelFeedData;isValidIp;parseAndSaveThreatIntelFeedDataCSV;saveTifds	IndexUtils;PutTIFJobAction;PutTIFJobRequest;SecurityAnalyticsException;SecurityAnalyticsSettings;StashedThreadContext;TIFJobParameter;TIFJobParameterService;TIFMetadata;ThreatIntelFeedData;ThreatIntelFeedDataUtils;ThreatIntelIndicesResponse	org.apache.commons.csv.CSVRecord;org.apache.commons.lang3.StringUtils;org.apache.logging.log4j.LogManager;org.apache.logging.log4j.Logger;org.opensearch.OpenSearchException;org.opensearch.OpenSearchStatusException;org.opensearch.action.DocWriteRequest;org.opensearch.action.admin.indices.create.CreateIndexRequest;org.opensearch.action.admin.indices.create.CreateIndexResponse;org.opensearch.action.bulk.BulkRequest;org.opensearch.action.bulk.BulkResponse;org.opensearch.action.index.IndexRequest;org.opensearch.action.search.SearchRequest;org.opensearch.action.support.GroupedActionListener;org.opensearch.action.support.IndicesOptions;org.opensearch.action.support.WriteRequest;org.opensearch.cluster.metadata.IndexMetadata;org.opensearch.cluster.metadata.IndexNameExpressionResolver;org.opensearch.cluster.service.ClusterService;org.opensearch.common.settings.ClusterSettings;org.opensearch.common.unit.TimeValue;org.opensearch.common.xcontent.XContentFactory;org.opensearch.core.action.ActionListener;org.opensearch.core.rest.RestStatus;org.opensearch.core.xcontent.NamedXContentRegistry;org.opensearch.core.xcontent.ToXContent;org.opensearch.core.xcontent.XContentBuilder;org.opensearch.transport.client.Client	Retain listed calculation/validation. Existing host owners replace storage, network access, credentials, and effects.
e33c62506efcb15ae795847484357704b539bcf1	src/main/java/org/opensearch/securityanalytics/threatIntel/transport/TransportDeleteTIFSourceConfigAction.java	host administration or wire adapter	host	TransportDeleteTIFSourceConfigAction;doExecute	SADeleteTIFSourceConfigAction;SADeleteTIFSourceConfigRequest;SADeleteTIFSourceConfigResponse;SATIFSourceConfigManagementService;SecureTransportAction;SecurityAnalyticsException;SecurityAnalyticsSettings	org.apache.logging.log4j.LogManager;org.apache.logging.log4j.Logger;org.opensearch.OpenSearchStatusException;org.opensearch.action.support.ActionFilters;org.opensearch.action.support.HandledTransportAction;org.opensearch.common.inject.Inject;org.opensearch.common.settings.Settings;org.opensearch.commons.authuser.User;org.opensearch.core.action.ActionListener;org.opensearch.core.rest.RestStatus;org.opensearch.tasks.Task;org.opensearch.threadpool.ThreadPool;org.opensearch.transport.TransportService	Upstream administration, storage, permission, registration, timing, or configuration. Listed embedded calculations are separately mapped.
e33c62506efcb15ae795847484357704b539bcf1	src/main/java/org/opensearch/securityanalytics/threatIntel/transport/TransportGetIocFindingsAction.java	host administration or wire adapter	host	TransportGetIocFindingsAction;doExecute;onFailure;onResponse;setFilterByEnabled	GetIocFindingsAction;GetIocFindingsRequest;GetIocFindingsResponse;IocFinding;IocFindingService;SecureTransportAction;SecurityAnalyticsSettings	org.apache.lucene.search.join.ScoreMode;org.opensearch.OpenSearchStatusException;org.opensearch.action.search.SearchResponse;org.opensearch.action.support.ActionFilters;org.opensearch.action.support.HandledTransportAction;org.opensearch.cluster.service.ClusterService;org.opensearch.common.inject.Inject;org.opensearch.common.settings.Settings;org.opensearch.common.xcontent.LoggingDeprecationHandler;org.opensearch.common.xcontent.XContentType;org.opensearch.commons.alerting.model.Table;org.opensearch.commons.authuser.User;org.opensearch.core.action.ActionListener;org.opensearch.core.common.Strings;org.opensearch.core.rest.RestStatus;org.opensearch.core.xcontent.NamedXContentRegistry;org.opensearch.core.xcontent.XContentParser;org.opensearch.core.xcontent.XContentParserUtils;org.opensearch.index.IndexNotFoundException;org.opensearch.index.query.BoolQueryBuilder;org.opensearch.index.query.QueryBuilder;org.opensearch.index.query.QueryBuilders;org.opensearch.search.SearchHit;org.opensearch.search.builder.SearchSourceBuilder;org.opensearch.search.fetch.subphase.FetchSourceContext;org.opensearch.search.sort.FieldSortBuilder;org.opensearch.search.sort.SortBuilders;org.opensearch.search.sort.SortOrder;org.opensearch.tasks.Task;org.opensearch.threadpool.ThreadPool;org.opensearch.transport.TransportService;org.opensearch.transport.client.Client	Upstream administration, storage, permission, registration, timing, or configuration. Listed embedded calculations are separately mapped.
e33c62506efcb15ae795847484357704b539bcf1	src/main/java/org/opensearch/securityanalytics/threatIntel/transport/TransportGetTIFSourceConfigAction.java	host administration or wire adapter	host	TransportGetTIFSourceConfigAction;doExecute;setFilterByEnabled	SAGetTIFSourceConfigAction;SAGetTIFSourceConfigRequest;SAGetTIFSourceConfigResponse;SATIFSourceConfigManagementService;SecureTransportAction;SecurityAnalyticsSettings	org.apache.logging.log4j.LogManager;org.apache.logging.log4j.Logger;org.opensearch.OpenSearchStatusException;org.opensearch.action.support.ActionFilters;org.opensearch.action.support.HandledTransportAction;org.opensearch.cluster.service.ClusterService;org.opensearch.common.inject.Inject;org.opensearch.common.settings.Settings;org.opensearch.commons.authuser.User;org.opensearch.core.action.ActionListener;org.opensearch.core.rest.RestStatus;org.opensearch.tasks.Task;org.opensearch.threadpool.ThreadPool;org.opensearch.transport.TransportService	Upstream administration, storage, permission, registration, timing, or configuration. Listed embedded calculations are separately mapped.
e33c62506efcb15ae795847484357704b539bcf1	src/main/java/org/opensearch/securityanalytics/threatIntel/transport/TransportIndexTIFSourceConfigAction.java	host administration or wire adapter	host	TransportIndexTIFSourceConfigAction;doExecute;retrieveLockAndCreateTIFConfig	SAIndexTIFSourceConfigAction;SAIndexTIFSourceConfigRequest;SAIndexTIFSourceConfigResponse;SATIFSourceConfigDto;SATIFSourceConfigManagementService;SecureTransportAction;SecurityAnalyticsException;SecurityAnalyticsSettings;TIFLockService	org.apache.logging.log4j.LogManager;org.apache.logging.log4j.Logger;org.opensearch.OpenSearchStatusException;org.opensearch.action.support.ActionFilters;org.opensearch.action.support.HandledTransportAction;org.opensearch.common.inject.Inject;org.opensearch.common.settings.Settings;org.opensearch.commons.authuser.User;org.opensearch.core.action.ActionListener;org.opensearch.core.rest.RestStatus;org.opensearch.rest.RestRequest;org.opensearch.tasks.Task;org.opensearch.threadpool.ThreadPool;org.opensearch.transport.TransportService	Upstream administration, storage, permission, registration, timing, or configuration. Listed embedded calculations are separately mapped.
e33c62506efcb15ae795847484357704b539bcf1	src/main/java/org/opensearch/securityanalytics/threatIntel/transport/TransportListIOCsAction.java	host administration or wire adapter	host	TransportListIOCsAction;doExecute;finishHim;getFeedsSearchSourceBuilder;getFindingsCount;listIocs;onFailure;onFailures;onOperation;onResponse;searchIocs	AggregationBuilders;DefaultIocStoreConfig;DefaultTifSourceConfigLoaderService;DetailedSTIX2IOCDto;IocFindingService;ListIOCsAction;ListIOCsActionRequest;ListIOCsActionResponse;SATIFSourceConfig;SATIFSourceConfigService;STIX2IOC;STIX2IOCDto;SecureTransportAction;SecurityAnalyticsException;SecurityAnalyticsSettings;TIFJobState;TransportSearchTIFSourceConfigsAction	org.apache.logging.log4j.LogManager;org.apache.logging.log4j.Logger;org.apache.logging.log4j.message.ParameterizedMessage;org.opensearch.OpenSearchStatusException;org.opensearch.action.ActionRunnable;org.opensearch.action.StepListener;org.opensearch.action.search.SearchRequest;org.opensearch.action.search.SearchResponse;org.opensearch.action.support.ActionFilters;org.opensearch.action.support.HandledTransportAction;org.opensearch.cluster.routing.Preference;org.opensearch.cluster.service.ClusterService;org.opensearch.common.inject.Inject;org.opensearch.common.settings.Settings;org.opensearch.common.xcontent.LoggingDeprecationHandler;org.opensearch.common.xcontent.XContentType;org.opensearch.commons.authuser.User;org.opensearch.core.action.ActionListener;org.opensearch.core.rest.RestStatus;org.opensearch.core.xcontent.NamedXContentRegistry;org.opensearch.core.xcontent.XContentParser;org.opensearch.index.IndexNotFoundException;org.opensearch.index.query.BoolQueryBuilder;org.opensearch.index.query.QueryBuilder;org.opensearch.index.query.QueryBuilders;org.opensearch.search.SearchHit;org.opensearch.search.aggregations.AggregationBuilders;org.opensearch.search.aggregations.Aggregations;org.opensearch.search.aggregations.bucket.terms.Terms;org.opensearch.search.builder.SearchSourceBuilder;org.opensearch.search.sort.FieldSortBuilder;org.opensearch.search.sort.SortBuilder;org.opensearch.search.sort.SortBuilders;org.opensearch.search.sort.SortOrder;org.opensearch.tasks.Task;org.opensearch.threadpool.ThreadPool;org.opensearch.transport.TransportService;org.opensearch.transport.client.Client	Upstream administration, storage, permission, registration, timing, or configuration. Listed embedded calculations are separately mapped.
e33c62506efcb15ae795847484357704b539bcf1	src/main/java/org/opensearch/securityanalytics/threatIntel/transport/TransportPutTIFJobAction.java	host administration or wire adapter	host	TransportPutTIFJobAction;createThreatIntelFeedData;doExecute;internalDoExecute;markTIFJobAsCreateFailed;postIndexingTifJobParameter	PutTIFJobAction;PutTIFJobRequest;SecureTransportAction;SecurityAnalyticsSettings;TIFJobParameter;TIFJobParameterService;TIFJobState;TIFJobUpdateService;TIFLockService;ThreatIntelIndicesResponse	org.apache.logging.log4j.LogManager;org.apache.logging.log4j.Logger;org.opensearch.OpenSearchStatusException;org.opensearch.ResourceAlreadyExistsException;org.opensearch.action.StepListener;org.opensearch.action.index.IndexResponse;org.opensearch.action.support.ActionFilters;org.opensearch.action.support.HandledTransportAction;org.opensearch.action.support.clustermanager.AcknowledgedResponse;org.opensearch.common.inject.Inject;org.opensearch.common.settings.Settings;org.opensearch.commons.authuser.User;org.opensearch.core.action.ActionListener;org.opensearch.core.rest.RestStatus;org.opensearch.index.engine.VersionConflictEngineException;org.opensearch.jobscheduler.spi.LockModel;org.opensearch.tasks.Task;org.opensearch.threadpool.ThreadPool;org.opensearch.transport.TransportService	Upstream administration, storage, permission, registration, timing, or configuration. Listed embedded calculations are separately mapped.
e33c62506efcb15ae795847484357704b539bcf1	src/main/java/org/opensearch/securityanalytics/threatIntel/transport/TransportRefreshTIFSourceConfigAction.java	host administration or wire adapter	host	TransportRefreshTIFSourceConfigAction;doExecute;setFilterByEnabled	SARefreshTIFSourceConfigAction;SARefreshTIFSourceConfigRequest;SATIFSourceConfigManagementService;SecureTransportAction;SecurityAnalyticsSettings	org.apache.logging.log4j.LogManager;org.apache.logging.log4j.Logger;org.opensearch.OpenSearchStatusException;org.opensearch.action.support.ActionFilters;org.opensearch.action.support.HandledTransportAction;org.opensearch.action.support.clustermanager.AcknowledgedResponse;org.opensearch.cluster.service.ClusterService;org.opensearch.common.inject.Inject;org.opensearch.common.settings.Settings;org.opensearch.commons.authuser.User;org.opensearch.core.action.ActionListener;org.opensearch.core.rest.RestStatus;org.opensearch.tasks.Task;org.opensearch.threadpool.ThreadPool;org.opensearch.transport.TransportService	Upstream administration, storage, permission, registration, timing, or configuration. Listed embedded calculations are separately mapped.
e33c62506efcb15ae795847484357704b539bcf1	src/main/java/org/opensearch/securityanalytics/threatIntel/transport/TransportSearchTIFSourceConfigsAction.java	host administration or wire adapter	host	TransportSearchTIFSourceConfigsAction;doExecute;setFilterByEnabled	DefaultTifSourceConfigLoaderService;SASearchTIFSourceConfigsAction;SASearchTIFSourceConfigsRequest;SATIFSourceConfigManagementService;SecureTransportAction;SecurityAnalyticsSettings	org.apache.logging.log4j.LogManager;org.apache.logging.log4j.Logger;org.opensearch.OpenSearchStatusException;org.opensearch.action.StepListener;org.opensearch.action.search.SearchResponse;org.opensearch.action.support.ActionFilters;org.opensearch.action.support.HandledTransportAction;org.opensearch.cluster.service.ClusterService;org.opensearch.common.inject.Inject;org.opensearch.common.settings.Settings;org.opensearch.commons.authuser.User;org.opensearch.core.action.ActionListener;org.opensearch.core.rest.RestStatus;org.opensearch.tasks.Task;org.opensearch.threadpool.ThreadPool;org.opensearch.transport.TransportService	Upstream administration, storage, permission, registration, timing, or configuration. Listed embedded calculations are separately mapped.
e33c62506efcb15ae795847484357704b539bcf1	src/main/java/org/opensearch/securityanalytics/threatIntel/transport/monitor/TransportDeleteThreatIntelMonitorAction.java	host administration or wire adapter	host	TransportDeleteThreatIntelMonitorAction;doExecute	DeleteThreatIntelMonitorAction;DeleteThreatIntelMonitorRequest;SecureTransportAction;SecurityAnalyticsException;SecurityAnalyticsSettings	org.apache.logging.log4j.LogManager;org.apache.logging.log4j.Logger;org.opensearch.OpenSearchStatusException;org.opensearch.action.support.ActionFilters;org.opensearch.action.support.HandledTransportAction;org.opensearch.action.support.WriteRequest;org.opensearch.common.inject.Inject;org.opensearch.common.settings.Settings;org.opensearch.commons.alerting.AlertingPluginInterface;org.opensearch.commons.alerting.action.DeleteMonitorRequest;org.opensearch.commons.alerting.action.DeleteMonitorResponse;org.opensearch.commons.authuser.User;org.opensearch.core.action.ActionListener;org.opensearch.core.common.io.stream.NamedWriteableRegistry;org.opensearch.core.rest.RestStatus;org.opensearch.tasks.Task;org.opensearch.threadpool.ThreadPool;org.opensearch.transport.TransportService;org.opensearch.transport.client.Client;org.opensearch.transport.client.node.NodeClient	Upstream administration, storage, permission, registration, timing, or configuration. Listed embedded calculations are separately mapped.
e33c62506efcb15ae795847484357704b539bcf1	src/main/java/org/opensearch/securityanalytics/threatIntel/transport/monitor/TransportGetThreatIntelAlertsAction.java	host administration or wire adapter	host	TransportGetThreatIntelAlertsAction;doExecute;getAlerts;setFilterByEnabled	GetThreatIntelAlertsAction;GetThreatIntelAlertsRequest;GetThreatIntelAlertsResponse;SearchThreatIntelMonitorRequest;SecureTransportAction;SecurityAnalyticsSettings;ThreatIntelAlert;ThreatIntelAlertDto;ThreatIntelAlertService;ThreatIntelMonitorRunner;TransportIndexDetectorAction;TransportSearchThreatIntelMonitorAction	org.apache.logging.log4j.LogManager;org.apache.logging.log4j.Logger;org.opensearch.OpenSearchStatusException;org.opensearch.action.search.SearchRequest;org.opensearch.action.support.ActionFilters;org.opensearch.action.support.HandledTransportAction;org.opensearch.cluster.service.ClusterService;org.opensearch.common.inject.Inject;org.opensearch.common.settings.Settings;org.opensearch.common.xcontent.LoggingDeprecationHandler;org.opensearch.common.xcontent.XContentType;org.opensearch.commons.alerting.model.Table;org.opensearch.commons.authuser.User;org.opensearch.core.action.ActionListener;org.opensearch.core.rest.RestStatus;org.opensearch.core.xcontent.NamedXContentRegistry;org.opensearch.core.xcontent.XContentParser;org.opensearch.index.IndexNotFoundException;org.opensearch.index.query.BoolQueryBuilder;org.opensearch.index.query.QueryBuilders;org.opensearch.search.SearchHit;org.opensearch.search.builder.SearchSourceBuilder;org.opensearch.search.sort.FieldSortBuilder;org.opensearch.search.sort.SortBuilders;org.opensearch.search.sort.SortOrder;org.opensearch.tasks.Task;org.opensearch.threadpool.ThreadPool;org.opensearch.transport.TransportService;org.opensearch.transport.client.Client	Upstream administration, storage, permission, registration, timing, or configuration. Listed embedded calculations are separately mapped.
e33c62506efcb15ae795847484357704b539bcf1	src/main/java/org/opensearch/securityanalytics/threatIntel/transport/monitor/TransportIndexThreatIntelMonitorAction.java	host administration or wire adapter	host	TransportIndexThreatIntelMonitorAction;buildIndexMonitorRequest;buildThreatIntelMonitor;doExecute;getIndexThreatIntelMonitorResponse;indexMonitor	IndexThreatIntelMonitorAction;IndexThreatIntelMonitorRequest;IndexThreatIntelMonitorResponse;PerIocTypeScanInput;SearchThreatIntelMonitorRequest;SecureTransportAction;SecurityAnalyticsException;SecurityAnalyticsSettings;ThreatIntelInput;ThreatIntelMonitorRunner;ThreatIntelMonitorUtils;ThreatIntelTriggerDto;TransportIndexDetectorAction;TransportSearchThreatIntelMonitorAction	org.apache.commons.lang3.StringUtils;org.apache.logging.log4j.LogManager;org.apache.logging.log4j.Logger;org.apache.logging.log4j.message.ParameterizedMessage;org.opensearch.OpenSearchException;org.opensearch.OpenSearchStatusException;org.opensearch.ResourceAlreadyExistsException;org.opensearch.action.search.SearchRequest;org.opensearch.action.support.ActionFilters;org.opensearch.action.support.HandledTransportAction;org.opensearch.action.support.WriteRequest;org.opensearch.common.inject.Inject;org.opensearch.common.settings.Settings;org.opensearch.common.unit.TimeValue;org.opensearch.commons.alerting.AlertingPluginInterface;org.opensearch.commons.alerting.action.IndexMonitorRequest;org.opensearch.commons.alerting.action.IndexMonitorResponse;org.opensearch.commons.alerting.model.DataSources;org.opensearch.commons.alerting.model.DocLevelMonitorInput;org.opensearch.commons.alerting.model.Monitor;org.opensearch.commons.alerting.model.remote.monitors.RemoteDocLevelMonitorInput;org.opensearch.commons.alerting.model.remote.monitors.RemoteMonitorTrigger;org.opensearch.commons.authuser.User;org.opensearch.core.action.ActionListener;org.opensearch.core.common.io.stream.NamedWriteableRegistry;org.opensearch.core.rest.RestStatus;org.opensearch.core.xcontent.NamedXContentRegistry;org.opensearch.index.IndexNotFoundException;org.opensearch.index.query.BoolQueryBuilder;org.opensearch.index.query.QueryBuilders;org.opensearch.index.seqno.SequenceNumbers;org.opensearch.rest.RestRequest;org.opensearch.search.SearchHit;org.opensearch.search.builder.SearchSourceBuilder;org.opensearch.tasks.Task;org.opensearch.threadpool.ThreadPool;org.opensearch.transport.TransportService;org.opensearch.transport.client.Client;org.opensearch.transport.client.node.NodeClient	Upstream administration, storage, permission, registration, timing, or configuration. Listed embedded calculations are separately mapped.
e33c62506efcb15ae795847484357704b539bcf1	src/main/java/org/opensearch/securityanalytics/threatIntel/transport/monitor/TransportSearchThreatIntelMonitorAction.java	host administration or wire adapter	host	TransportSearchThreatIntelMonitorAction;doExecute;setFilterByEnabled	DetectorUtils;SearchThreatIntelMonitorAction;SearchThreatIntelMonitorRequest;SecureTransportAction;SecurityAnalyticsSettings;ThreatIntelMonitorDto;ThreatIntelMonitorUtils	org.opensearch.OpenSearchStatusException;org.opensearch.action.search.SearchResponse;org.opensearch.action.support.ActionFilters;org.opensearch.action.support.HandledTransportAction;org.opensearch.cluster.service.ClusterService;org.opensearch.common.inject.Inject;org.opensearch.common.settings.Settings;org.opensearch.common.xcontent.LoggingDeprecationHandler;org.opensearch.common.xcontent.XContentType;org.opensearch.commons.alerting.AlertingPluginInterface;org.opensearch.commons.alerting.action.SearchMonitorRequest;org.opensearch.commons.alerting.model.Monitor;org.opensearch.commons.alerting.model.ScheduledJob;org.opensearch.commons.authuser.User;org.opensearch.core.action.ActionListener;org.opensearch.core.common.bytes.BytesReference;org.opensearch.core.rest.RestStatus;org.opensearch.core.xcontent.NamedXContentRegistry;org.opensearch.core.xcontent.XContentBuilder;org.opensearch.core.xcontent.XContentParser;org.opensearch.index.IndexNotFoundException;org.opensearch.search.SearchHit;org.opensearch.tasks.Task;org.opensearch.threadpool.ThreadPool;org.opensearch.transport.TransportService;org.opensearch.transport.client.Client;org.opensearch.transport.client.node.NodeClient	Upstream administration, storage, permission, registration, timing, or configuration. Listed embedded calculations are separately mapped.
e33c62506efcb15ae795847484357704b539bcf1	src/main/java/org/opensearch/securityanalytics/threatIntel/transport/monitor/TransportUpdateThreatIntelAlertStatusAction.java	host administration or wire adapter	host	TransportUpdateThreatIntelAlertStatusAction;doExecute;getSearchSourceQueryingForAlertsToUpdate;getSearchSourceQueryingForUpdatedAlerts;isValidStateTransitionRequested;onSearchMonitorResponse;setFilterByEnabled;updateAlerts	SearchThreatIntelMonitorRequest;SecureTransportAction;SecurityAnalyticsException;SecurityAnalyticsSettings;ThreatIntelAlert;ThreatIntelAlertDto;ThreatIntelAlertService;ThreatIntelMonitorRunner;TransportIndexDetectorAction;TransportSearchThreatIntelMonitorAction;UpdateThreatIntelAlertStatusAction;UpdateThreatIntelAlertStatusRequest;UpdateThreatIntelAlertsStatusResponse	org.apache.logging.log4j.LogManager;org.apache.logging.log4j.Logger;org.opensearch.OpenSearchStatusException;org.opensearch.ResourceNotFoundException;org.opensearch.action.search.SearchRequest;org.opensearch.action.support.ActionFilters;org.opensearch.action.support.HandledTransportAction;org.opensearch.cluster.service.ClusterService;org.opensearch.common.inject.Inject;org.opensearch.common.settings.Settings;org.opensearch.common.xcontent.LoggingDeprecationHandler;org.opensearch.common.xcontent.XContentType;org.opensearch.commons.alerting.model.Alert;org.opensearch.commons.authuser.User;org.opensearch.core.action.ActionListener;org.opensearch.core.rest.RestStatus;org.opensearch.core.xcontent.NamedXContentRegistry;org.opensearch.core.xcontent.XContentParser;org.opensearch.index.IndexNotFoundException;org.opensearch.index.query.BoolQueryBuilder;org.opensearch.index.query.QueryBuilders;org.opensearch.search.SearchHit;org.opensearch.search.builder.SearchSourceBuilder;org.opensearch.tasks.Task;org.opensearch.threadpool.ThreadPool;org.opensearch.transport.TransportService;org.opensearch.transport.client.Client	Upstream administration, storage, permission, registration, timing, or configuration. Listed embedded calculations are separately mapped.
e33c62506efcb15ae795847484357704b539bcf1	src/main/java/org/opensearch/securityanalytics/threatIntel/util/ThreatIntelFeedDataUtils.java	host data translation	SA-06.feed-metadata	getTifdList	ThreatIntelFeedData	org.apache.logging.log4j.LogManager;org.apache.logging.log4j.Logger;org.apache.logging.log4j.message.ParameterizedMessage;org.opensearch.action.search.SearchResponse;org.opensearch.common.xcontent.LoggingDeprecationHandler;org.opensearch.common.xcontent.XContentType;org.opensearch.core.xcontent.NamedXContentRegistry;org.opensearch.core.xcontent.XContentParser	Fields, typed model translation, errors, or containers support the caller; no independent algorithm or durable owner.
e33c62506efcb15ae795847484357704b539bcf1	src/main/java/org/opensearch/securityanalytics/threatIntel/util/ThreatIntelFeedParser.java	calculation or host adapter	SA-06.csv-reader	getThreatIntelFeedReaderCSV;validateUrl	Constants;TIFMetadata	org.apache.commons.csv.CSVFormat;org.apache.commons.csv.CSVParser;org.apache.logging.log4j.LogManager;org.apache.logging.log4j.Logger;org.opensearch.OpenSearchException;org.opensearch.SpecialPermission;org.opensearch.common.SuppressForbidden	Retain listed calculation/validation. Existing host owners replace storage, network access, credentials, and effects.
e33c62506efcb15ae795847484357704b539bcf1	src/main/java/org/opensearch/securityanalytics/threatIntel/util/ThreatIntelMonitorUtils.java	calculation or host adapter	SA-06.trigger-filter;SA-06.prior-alerts;SA-06.update-alert;SA-06.new-alert	buildRemoteMonitorTrigger;buildThreatIntelMonitorDto;buildThreatIntelTriggerDtos;getSearchSourceBuilderForExistingAlertsQuery;getThreatIntelInputFromBytesReference;getThreatIntelTriggerFromBytesReference;getTriggerMatchedFindings;prepareAlertsToUpdate;prepareNewAlerts	IocFinding;PerIocTypeScanInputDto;ThreatIntelAlert;ThreatIntelInput;ThreatIntelMonitorDto;ThreatIntelTrigger;ThreatIntelTriggerDto;XContentUtils	org.opensearch.commons.alerting.model.Alert;org.opensearch.commons.alerting.model.Monitor;org.opensearch.commons.alerting.model.Trigger;org.opensearch.commons.alerting.model.remote.monitors.RemoteDocLevelMonitorInput;org.opensearch.commons.alerting.model.remote.monitors.RemoteMonitorTrigger;org.opensearch.core.common.bytes.BytesReference;org.opensearch.core.common.io.stream.StreamInput;org.opensearch.core.xcontent.NamedXContentRegistry;org.opensearch.index.query.BoolQueryBuilder;org.opensearch.index.query.QueryBuilders;org.opensearch.search.builder.SearchSourceBuilder	Retain listed calculation/validation. Existing host owners replace storage, network access, credentials, and effects.
e33c62506efcb15ae795847484357704b539bcf1	src/main/java/org/opensearch/securityanalytics/threatintel/common/StashedThreadContext.java	host infrastructure or contract helper	host	run		org.opensearch.common.util.concurrent.ThreadContext;org.opensearch.transport.client.Client	Upstream administration, storage, permission, registration, timing, or configuration. Listed embedded calculations are separately mapped.
e33c62506efcb15ae795847484357704b539bcf1	src/main/java/org/opensearch/securityanalytics/transport/SecureTransportAction.java	host administration or wire adapter	host			org.apache.logging.log4j.LogManager;org.apache.logging.log4j.Logger;org.apache.lucene.search.join.ScoreMode;org.opensearch.commons.ConfigConstants;org.opensearch.commons.authuser.User;org.opensearch.index.query.BoolQueryBuilder;org.opensearch.index.query.MatchQueryBuilder;org.opensearch.index.query.QueryBuilders;org.opensearch.index.query.TermQueryBuilder;org.opensearch.index.query.TermsQueryBuilder;org.opensearch.search.builder.SearchSourceBuilder;org.opensearch.threadpool.ThreadPool	Upstream administration, storage, permission, registration, timing, or configuration. Listed embedded calculations are separately mapped.
e33c62506efcb15ae795847484357704b539bcf1	src/main/java/org/opensearch/securityanalytics/transport/TransportAckCorrelationAlertsAction.java	host administration or wire adapter	host	TransportAckCorrelationAlertsAction;doExecute;setFilterByEnabled	AckCorrelationAlertsAction;AckCorrelationAlertsRequest;AckCorrelationAlertsResponse;CorrelationAlertService;SecureTransportAction;SecurityAnalyticsSettings;TransportGetCorrelationAlertsAction	org.apache.logging.log4j.LogManager;org.apache.logging.log4j.Logger;org.opensearch.OpenSearchStatusException;org.opensearch.action.support.ActionFilters;org.opensearch.action.support.HandledTransportAction;org.opensearch.cluster.service.ClusterService;org.opensearch.common.inject.Inject;org.opensearch.common.settings.Settings;org.opensearch.commons.authuser.User;org.opensearch.core.action.ActionListener;org.opensearch.core.rest.RestStatus;org.opensearch.core.xcontent.NamedXContentRegistry;org.opensearch.tasks.Task;org.opensearch.threadpool.ThreadPool;org.opensearch.transport.TransportService;org.opensearch.transport.client.Client	Upstream administration, storage, permission, registration, timing, or configuration. Listed embedded calculations are separately mapped.
e33c62506efcb15ae795847484357704b539bcf1	src/main/java/org/opensearch/securityanalytics/transport/TransportAcknowledgeAlertsAction.java	host administration or wire adapter	host	TransportAcknowledgeAlertsAction;doExecute;isDetectorAlertsMonitorMismatch;onFailure;onResponse;setFilterByEnabled	AckAlertsAction;AckAlertsRequest;AckAlertsResponse;AlertsService;Detector;GetAlertsResponse;GetDetectorRequest;GetDetectorResponse;SecureTransportAction;SecurityAnalyticsSettings;TransportGetDetectorAction	org.apache.logging.log4j.LogManager;org.apache.logging.log4j.Logger;org.opensearch.OpenSearchException;org.opensearch.OpenSearchStatusException;org.opensearch.action.StepListener;org.opensearch.action.support.ActionFilters;org.opensearch.action.support.HandledTransportAction;org.opensearch.cluster.service.ClusterService;org.opensearch.common.inject.Inject;org.opensearch.common.settings.Settings;org.opensearch.commons.alerting.action.GetAlertsResponse;org.opensearch.commons.alerting.model.Table;org.opensearch.commons.authuser.User;org.opensearch.core.action.ActionListener;org.opensearch.core.rest.RestStatus;org.opensearch.core.xcontent.NamedXContentRegistry;org.opensearch.tasks.Task;org.opensearch.threadpool.ThreadPool;org.opensearch.transport.TransportService;org.opensearch.transport.client.Client	Upstream administration, storage, permission, registration, timing, or configuration. Listed embedded calculations are separately mapped.
e33c62506efcb15ae795847484357704b539bcf1	src/main/java/org/opensearch/securityanalytics/transport/TransportCorrelateFindingAction.java	calculation or host adapter	SA-03.rules;SA-05.epoch;SA-05.root	TransportCorrelateFindingAction;doExecute;finishHim;getCorrelationMetadataIndexRequest;getSearchLogTypeIndexRequest;getSearchMetadataIndexRequest;getTimestampFeature;initCorrelationIndex;insertFindings;onFailures;onOperation;transformRequest	CorrelationAlertService;CorrelationIndices;CustomLogType;Detector;DetectorIndices;IndexUtils;JoinEngine;LogTypeService;NotificationService;SecureTransportAction;SecurityAnalyticsException;SecurityAnalyticsSettings;VectorEmbeddingsEngine	org.apache.logging.log4j.LogManager;org.apache.logging.log4j.Logger;org.apache.lucene.search.join.ScoreMode;org.opensearch.OpenSearchStatusException;org.opensearch.ResourceNotFoundException;org.opensearch.action.ActionRequest;org.opensearch.action.ActionRunnable;org.opensearch.action.index.IndexRequest;org.opensearch.action.search.SearchRequest;org.opensearch.action.support.ActionFilters;org.opensearch.action.support.HandledTransportAction;org.opensearch.action.support.WriteRequest;org.opensearch.cluster.routing.Preference;org.opensearch.cluster.service.ClusterService;org.opensearch.common.inject.Inject;org.opensearch.common.settings.Settings;org.opensearch.common.unit.TimeValue;org.opensearch.common.xcontent.LoggingDeprecationHandler;org.opensearch.common.xcontent.XContentFactory;org.opensearch.common.xcontent.XContentType;org.opensearch.commons.alerting.action.AlertingActions;org.opensearch.commons.alerting.action.PublishFindingsRequest;org.opensearch.commons.alerting.action.SubscribeFindingsResponse;org.opensearch.commons.alerting.model.Finding;org.opensearch.commons.authuser.User;org.opensearch.core.action.ActionListener;org.opensearch.core.common.io.stream.InputStreamStreamInput;org.opensearch.core.common.io.stream.OutputStreamStreamOutput;org.opensearch.core.rest.RestStatus;org.opensearch.core.xcontent.NamedXContentRegistry;org.opensearch.core.xcontent.XContentBuilder;org.opensearch.core.xcontent.XContentParser;org.opensearch.index.query.BoolQueryBuilder;org.opensearch.index.query.NestedQueryBuilder;org.opensearch.index.query.QueryBuilders;org.opensearch.search.SearchHit;org.opensearch.search.SearchHits;org.opensearch.search.builder.SearchSourceBuilder;org.opensearch.tasks.Task;org.opensearch.threadpool.ThreadPool;org.opensearch.transport.TransportService;org.opensearch.transport.client.Client	Retain listed calculation/validation. Existing host owners replace storage, network access, credentials, and effects.
e33c62506efcb15ae795847484357704b539bcf1	src/main/java/org/opensearch/securityanalytics/transport/TransportCreateIndexMappingsAction.java	host administration or wire adapter	host	TransportCreateIndexMappingsAction;doExecute	CreateIndexMappingsAction;CreateIndexMappingsRequest;MapperService	org.opensearch.action.support.ActionFilters;org.opensearch.action.support.HandledTransportAction;org.opensearch.action.support.clustermanager.AcknowledgedResponse;org.opensearch.cluster.service.ClusterService;org.opensearch.common.inject.Inject;org.opensearch.core.action.ActionListener;org.opensearch.tasks.Task;org.opensearch.threadpool.ThreadPool;org.opensearch.transport.TransportService	Upstream administration, storage, permission, registration, timing, or configuration. Listed embedded calculations are separately mapped.
e33c62506efcb15ae795847484357704b539bcf1	src/main/java/org/opensearch/securityanalytics/transport/TransportDeleteCorrelationRuleAction.java	host administration or wire adapter	host	TransportDeleteCorrelationRuleAction;doExecute;onFailure;onResponse	CorrelationAlertService;CorrelationRule;DeleteCorrelationRuleAction;DeleteCorrelationRuleRequest;Rule;SecurityAnalyticsException;StashedThreadContext	org.apache.logging.log4j.LogManager;org.apache.logging.log4j.Logger;org.opensearch.OpenSearchStatusException;org.opensearch.action.support.ActionFilters;org.opensearch.action.support.HandledTransportAction;org.opensearch.action.support.WriteRequest;org.opensearch.action.support.clustermanager.AcknowledgedResponse;org.opensearch.common.inject.Inject;org.opensearch.core.action.ActionListener;org.opensearch.core.rest.RestStatus;org.opensearch.index.query.QueryBuilders;org.opensearch.index.reindex.BulkByScrollResponse;org.opensearch.index.reindex.DeleteByQueryAction;org.opensearch.index.reindex.DeleteByQueryRequestBuilder;org.opensearch.tasks.Task;org.opensearch.transport.TransportService;org.opensearch.transport.client.Client	Upstream administration, storage, permission, registration, timing, or configuration. Listed embedded calculations are separately mapped.
e33c62506efcb15ae795847484357704b539bcf1	src/main/java/org/opensearch/securityanalytics/transport/TransportDeleteCustomLogTypeAction.java	host administration or wire adapter	host	TransportDeleteCustomLogTypeAction;deleteLogType;doExecute;finishHim;onFailure;onFailures;onGetResponse;onOperation;onResponse;searchDetectors;setFilterByEnabled;setIndexTimeout	CustomLogType;CustomLogTypeIndices;DeleteCustomLogTypeAction;DeleteCustomLogTypeRequest;DeleteCustomLogTypeResponse;Detector;DetectorIndices;LogTypeService;RuleIndices;SecureTransportAction;SecurityAnalyticsException;SecurityAnalyticsSettings	org.apache.commons.logging.Log;org.apache.lucene.search.join.ScoreMode;org.opensearch.OpenSearchStatusException;org.opensearch.action.ActionRunnable;org.opensearch.action.delete.DeleteRequest;org.opensearch.action.delete.DeleteResponse;org.opensearch.action.get.GetRequest;org.opensearch.action.get.GetResponse;org.opensearch.action.search.SearchRequest;org.opensearch.action.search.SearchResponse;org.opensearch.action.support.ActionFilters;org.opensearch.action.support.HandledTransportAction;org.opensearch.cluster.service.ClusterService;org.opensearch.common.inject.Inject;org.opensearch.common.settings.Settings;org.opensearch.common.unit.TimeValue;org.opensearch.commons.authuser.User;org.opensearch.core.action.ActionListener;org.opensearch.core.rest.RestStatus;org.opensearch.index.IndexNotFoundException;org.opensearch.index.query.QueryBuilder;org.opensearch.index.query.QueryBuilders;org.opensearch.search.builder.SearchSourceBuilder;org.opensearch.tasks.Task;org.opensearch.threadpool.ThreadPool;org.opensearch.transport.TransportService;org.opensearch.transport.client.Client	Upstream administration, storage, permission, registration, timing, or configuration. Listed embedded calculations are separately mapped.
e33c62506efcb15ae795847484357704b539bcf1	src/main/java/org/opensearch/securityanalytics/transport/TransportDeleteDetectorAction.java	host administration or wire adapter	host	TransportDeleteDetectorAction;deleteAlertingMonitor;deleteDetector;deleteDetectorFromConfig;deleteWorkflow;doExecute;finishHim;handleDeleteWorkflowFailure;logAcceptableEntityMissingException;onFailure;onFailures;onGetResponse;onOperation;onResponse;setEnabledWorkflowUsage	DeleteDetectorAction;DeleteDetectorRequest;DeleteDetectorResponse;Detector;DetectorIndices;ExceptionChecker;IndexTemplateManager;MonitorService;RuleTopicIndices;SecurityAnalyticsException;SecurityAnalyticsSettings;ThrowableCheckingPredicates;WorkflowService	org.apache.logging.log4j.LogManager;org.apache.logging.log4j.Logger;org.opensearch.OpenSearchStatusException;org.opensearch.action.ActionRunnable;org.opensearch.action.StepListener;org.opensearch.action.delete.DeleteRequest;org.opensearch.action.delete.DeleteResponse;org.opensearch.action.get.GetRequest;org.opensearch.action.get.GetResponse;org.opensearch.action.support.ActionFilters;org.opensearch.action.support.GroupedActionListener;org.opensearch.action.support.HandledTransportAction;org.opensearch.action.support.WriteRequest;org.opensearch.cluster.service.ClusterService;org.opensearch.common.SetOnce;org.opensearch.common.inject.Inject;org.opensearch.common.settings.Settings;org.opensearch.common.xcontent.LoggingDeprecationHandler;org.opensearch.common.xcontent.XContentHelper;org.opensearch.common.xcontent.XContentType;org.opensearch.commons.alerting.AlertingPluginInterface;org.opensearch.commons.alerting.action.DeleteMonitorRequest;org.opensearch.commons.alerting.action.DeleteMonitorResponse;org.opensearch.commons.alerting.action.DeleteWorkflowResponse;org.opensearch.core.action.ActionListener;org.opensearch.core.rest.RestStatus;org.opensearch.core.xcontent.NamedXContentRegistry;org.opensearch.core.xcontent.XContentParser;org.opensearch.extensions.AcknowledgedResponse;org.opensearch.tasks.Task;org.opensearch.threadpool.ThreadPool;org.opensearch.transport.TransportService;org.opensearch.transport.client.Client;org.opensearch.transport.client.node.NodeClient	Upstream administration, storage, permission, registration, timing, or configuration. Listed embedded calculations are separately mapped.
e33c62506efcb15ae795847484357704b539bcf1	src/main/java/org/opensearch/securityanalytics/transport/TransportDeleteRuleAction.java	host administration or wire adapter	host	TransportDeleteRuleAction;deleteRule;doExecute;finishHim;onComplete;onFailure;onFailures;onGetResponse;onOperation;onResponse;removeRuleFromDetectors;updateDetectors	DeleteRuleAction;DeleteRuleRequest;DeleteRuleResponse;Detector;DetectorIndices;DetectorRule;IndexDetectorAction;IndexDetectorRequest;IndexDetectorResponse;Rule;SecurityAnalyticsException;StashedThreadContext;TransportDeleteDetectorAction	org.apache.logging.log4j.LogManager;org.apache.logging.log4j.Logger;org.apache.lucene.search.join.ScoreMode;org.opensearch.OpenSearchStatusException;org.opensearch.action.ActionRunnable;org.opensearch.action.get.GetRequest;org.opensearch.action.get.GetResponse;org.opensearch.action.search.SearchRequest;org.opensearch.action.search.SearchResponse;org.opensearch.action.support.ActionFilters;org.opensearch.action.support.HandledTransportAction;org.opensearch.cluster.routing.Preference;org.opensearch.common.inject.Inject;org.opensearch.common.xcontent.LoggingDeprecationHandler;org.opensearch.common.xcontent.XContentHelper;org.opensearch.common.xcontent.XContentType;org.opensearch.core.action.ActionListener;org.opensearch.core.rest.RestStatus;org.opensearch.core.xcontent.NamedXContentRegistry;org.opensearch.core.xcontent.XContentParser;org.opensearch.index.query.QueryBuilder;org.opensearch.index.query.QueryBuilders;org.opensearch.index.reindex.BulkByScrollResponse;org.opensearch.index.reindex.DeleteByQueryAction;org.opensearch.index.reindex.DeleteByQueryRequestBuilder;org.opensearch.rest.RestRequest;org.opensearch.search.SearchHit;org.opensearch.search.builder.SearchSourceBuilder;org.opensearch.tasks.Task;org.opensearch.threadpool.ThreadPool;org.opensearch.transport.TransportService;org.opensearch.transport.client.Client	Upstream administration, storage, permission, registration, timing, or configuration. Listed embedded calculations are separately mapped.
e33c62506efcb15ae795847484357704b539bcf1	src/main/java/org/opensearch/securityanalytics/transport/TransportGetAlertsAction.java	host administration or wire adapter	host	TransportGetAlertsAction;doExecute;onFailure;onResponse;setFilterByEnabled	AlertsService;Detector;DetectorUtils;GetAlertsAction;GetAlertsRequest;GetAlertsResponse;SearchDetectorRequest;SecureTransportAction;SecurityAnalyticsException;SecurityAnalyticsSettings;TransportSearchDetectorAction	org.apache.logging.log4j.LogManager;org.apache.logging.log4j.Logger;org.apache.lucene.search.join.ScoreMode;org.opensearch.OpenSearchStatusException;org.opensearch.action.search.SearchRequest;org.opensearch.action.search.SearchResponse;org.opensearch.action.support.ActionFilters;org.opensearch.action.support.HandledTransportAction;org.opensearch.cluster.routing.Preference;org.opensearch.cluster.service.ClusterService;org.opensearch.common.inject.Inject;org.opensearch.common.settings.Settings;org.opensearch.commons.authuser.User;org.opensearch.core.action.ActionListener;org.opensearch.core.rest.RestStatus;org.opensearch.core.xcontent.NamedXContentRegistry;org.opensearch.index.query.NestedQueryBuilder;org.opensearch.index.query.QueryBuilders;org.opensearch.search.builder.SearchSourceBuilder;org.opensearch.tasks.Task;org.opensearch.threadpool.ThreadPool;org.opensearch.transport.TransportService;org.opensearch.transport.client.Client	Upstream administration, storage, permission, registration, timing, or configuration. Listed embedded calculations are separately mapped.
e33c62506efcb15ae795847484357704b539bcf1	src/main/java/org/opensearch/securityanalytics/transport/TransportGetAllRuleCategoriesAction.java	host administration or wire adapter	host	TransportGetAllRuleCategoriesAction;doExecute	GetAllRuleCategoriesAction;GetAllRuleCategoriesRequest;GetAllRuleCategoriesResponse;LogTypeService;RuleCategory;SecureTransportAction;SecurityAnalyticsException	org.opensearch.action.support.ActionFilters;org.opensearch.action.support.HandledTransportAction;org.opensearch.cluster.service.ClusterService;org.opensearch.common.inject.Inject;org.opensearch.core.action.ActionListener;org.opensearch.tasks.Task;org.opensearch.threadpool.ThreadPool;org.opensearch.transport.TransportService	Upstream administration, storage, permission, registration, timing, or configuration. Listed embedded calculations are separately mapped.
e33c62506efcb15ae795847484357704b539bcf1	src/main/java/org/opensearch/securityanalytics/transport/TransportGetCorrelationAlertsAction.java	host administration or wire adapter	host	TransportGetCorrelationAlertsAction;doExecute;setFilterByEnabled	CorrelationAlertService;GetCorrelationAlertsAction;GetCorrelationAlertsRequest;GetCorrelationAlertsResponse;SecureTransportAction;SecurityAnalyticsSettings	org.apache.logging.log4j.LogManager;org.apache.logging.log4j.Logger;org.opensearch.OpenSearchStatusException;org.opensearch.action.support.ActionFilters;org.opensearch.action.support.HandledTransportAction;org.opensearch.cluster.service.ClusterService;org.opensearch.common.inject.Inject;org.opensearch.common.settings.Settings;org.opensearch.commons.authuser.User;org.opensearch.core.action.ActionListener;org.opensearch.core.rest.RestStatus;org.opensearch.core.xcontent.NamedXContentRegistry;org.opensearch.tasks.Task;org.opensearch.threadpool.ThreadPool;org.opensearch.transport.TransportService;org.opensearch.transport.client.Client	Upstream administration, storage, permission, registration, timing, or configuration. Listed embedded calculations are separately mapped.
e33c62506efcb15ae795847484357704b539bcf1	src/main/java/org/opensearch/securityanalytics/transport/TransportGetDetectorAction.java	host administration or wire adapter	host	TransportGetDetectorAction;doExecute;onFailure;onResponse;setFilterByEnabled	Detector;DetectorIndices;GetDetectorAction;GetDetectorRequest;GetDetectorResponse;SecureTransportAction;SecurityAnalyticsException;SecurityAnalyticsSettings	org.apache.logging.log4j.LogManager;org.apache.logging.log4j.Logger;org.opensearch.OpenSearchStatusException;org.opensearch.action.get.GetRequest;org.opensearch.action.get.GetResponse;org.opensearch.action.support.ActionFilters;org.opensearch.action.support.HandledTransportAction;org.opensearch.cluster.service.ClusterService;org.opensearch.common.inject.Inject;org.opensearch.common.settings.Settings;org.opensearch.common.xcontent.LoggingDeprecationHandler;org.opensearch.common.xcontent.XContentHelper;org.opensearch.common.xcontent.XContentType;org.opensearch.commons.authuser.User;org.opensearch.core.action.ActionListener;org.opensearch.core.rest.RestStatus;org.opensearch.core.rest.RestStatus.OK;org.opensearch.core.xcontent.NamedXContentRegistry;org.opensearch.core.xcontent.XContentParser;org.opensearch.tasks.Task;org.opensearch.threadpool.ThreadPool;org.opensearch.transport.TransportService;org.opensearch.transport.client.Client	Upstream administration, storage, permission, registration, timing, or configuration. Listed embedded calculations are separately mapped.
e33c62506efcb15ae795847484357704b539bcf1	src/main/java/org/opensearch/securityanalytics/transport/TransportGetFindingsAction.java	host administration or wire adapter	host	TransportGetFindingsAction;doExecute;getFindingsFromDetectors;getSearchDetectorsRequest;onFailure;onResponse;setFilterByEnabled	Detector;DetectorIndices;DetectorUtils;FindingsService;GetFindingsAction;GetFindingsRequest;GetFindingsResponse;LogTypeService;SearchDetectorRequest;SecureTransportAction;SecurityAnalyticsException;SecurityAnalyticsSettings;TransportSearchDetectorAction	org.apache.logging.log4j.LogManager;org.apache.logging.log4j.Logger;org.apache.lucene.search.join.ScoreMode;org.opensearch.OpenSearchStatusException;org.opensearch.action.search.SearchRequest;org.opensearch.action.search.SearchResponse;org.opensearch.action.support.ActionFilters;org.opensearch.action.support.HandledTransportAction;org.opensearch.cluster.routing.Preference;org.opensearch.cluster.service.ClusterService;org.opensearch.common.inject.Inject;org.opensearch.common.settings.Settings;org.opensearch.commons.authuser.User;org.opensearch.core.action.ActionListener;org.opensearch.core.rest.RestStatus;org.opensearch.core.xcontent.NamedXContentRegistry;org.opensearch.index.query.MatchAllQueryBuilder;org.opensearch.index.query.NestedQueryBuilder;org.opensearch.index.query.QueryBuilders;org.opensearch.search.builder.SearchSourceBuilder;org.opensearch.tasks.Task;org.opensearch.threadpool.ThreadPool;org.opensearch.transport.TransportService;org.opensearch.transport.client.Client	Upstream administration, storage, permission, registration, timing, or configuration. Listed embedded calculations are separately mapped.
e33c62506efcb15ae795847484357704b539bcf1	src/main/java/org/opensearch/securityanalytics/transport/TransportGetIndexMappingsAction.java	host administration or wire adapter	host	TransportGetIndexMappingsAction;doExecute	GetIndexMappingsAction;GetIndexMappingsRequest;GetIndexMappingsResponse;MapperService;SecurityAnalyticsException	org.opensearch.OpenSearchStatusException;org.opensearch.action.support.ActionFilters;org.opensearch.action.support.HandledTransportAction;org.opensearch.cluster.metadata.IndexMetadata;org.opensearch.cluster.service.ClusterService;org.opensearch.common.inject.Inject;org.opensearch.core.action.ActionListener;org.opensearch.core.rest.RestStatus;org.opensearch.tasks.Task;org.opensearch.threadpool.ThreadPool;org.opensearch.transport.TransportService	Upstream administration, storage, permission, registration, timing, or configuration. Listed embedded calculations are separately mapped.
e33c62506efcb15ae795847484357704b539bcf1	src/main/java/org/opensearch/securityanalytics/transport/TransportGetMappingsViewAction.java	host administration or wire adapter	host	TransportGetMappingsViewAction;doExecute	GetMappingsViewAction;GetMappingsViewRequest;GetMappingsViewResponse;MapperService	org.opensearch.action.support.ActionFilters;org.opensearch.action.support.HandledTransportAction;org.opensearch.cluster.service.ClusterService;org.opensearch.common.inject.Inject;org.opensearch.core.action.ActionListener;org.opensearch.tasks.Task;org.opensearch.threadpool.ThreadPool;org.opensearch.transport.TransportService	Upstream administration, storage, permission, registration, timing, or configuration. Listed embedded calculations are separately mapped.
e33c62506efcb15ae795847484357704b539bcf1	src/main/java/org/opensearch/securityanalytics/transport/TransportIndexCorrelationRuleAction.java	host administration or wire adapter	host	TransportIndexCorrelationRuleAction;doExecute;finishHim;onCreateMappingsResponse;onFailure;onFailures;onOperation;onResponse;onUpdateMappingsResponse	CorrelationRule;CorrelationRuleIndices;IndexCorrelationRuleAction;IndexCorrelationRuleRequest;IndexCorrelationRuleResponse;IndexUtils	org.apache.logging.log4j.LogManager;org.apache.logging.log4j.Logger;org.opensearch.OpenSearchStatusException;org.opensearch.action.admin.indices.create.CreateIndexResponse;org.opensearch.action.index.IndexRequest;org.opensearch.action.index.IndexResponse;org.opensearch.action.support.ActionFilters;org.opensearch.action.support.HandledTransportAction;org.opensearch.action.support.WriteRequest;org.opensearch.action.support.clustermanager.AcknowledgedResponse;org.opensearch.cluster.service.ClusterService;org.opensearch.common.inject.Inject;org.opensearch.common.unit.TimeValue;org.opensearch.common.xcontent.XContentFactory;org.opensearch.core.action.ActionListener;org.opensearch.core.rest.RestStatus;org.opensearch.core.xcontent.ToXContent;org.opensearch.rest.RestRequest;org.opensearch.tasks.Task;org.opensearch.transport.TransportService;org.opensearch.transport.client.Client	Upstream administration, storage, permission, registration, timing, or configuration. Listed embedded calculations are separately mapped.
e33c62506efcb15ae795847484357704b539bcf1	src/main/java/org/opensearch/securityanalytics/transport/TransportIndexCustomLogTypeAction.java	host administration or wire adapter	host	TransportIndexCustomLogTypeAction;doExecute;finishHim;onCreateMappingsResponse;onFailure;onFailures;onOperation;onResponse;onUpdateMappingsResponse;prepareCustomLogTypeIndexing;searchDetectors;searchLogTypes;setFilterByEnabled;setIndexTimeout;updateLogType	AggregationBuilders;CustomLogType;CustomLogTypeIndices;Detector;DetectorIndices;IndexCustomLogTypeAction;IndexCustomLogTypeRequest;IndexCustomLogTypeResponse;IndexUtils;LogTypeService;RuleIndices;SecureTransportAction;SecurityAnalyticsException;SecurityAnalyticsSettings	org.apache.lucene.search.join.ScoreMode;org.opensearch.OpenSearchStatusException;org.opensearch.action.ActionRunnable;org.opensearch.action.admin.indices.create.CreateIndexResponse;org.opensearch.action.index.IndexRequest;org.opensearch.action.index.IndexResponse;org.opensearch.action.search.SearchRequest;org.opensearch.action.search.SearchResponse;org.opensearch.action.support.ActionFilters;org.opensearch.action.support.HandledTransportAction;org.opensearch.action.support.clustermanager.AcknowledgedResponse;org.opensearch.cluster.service.ClusterService;org.opensearch.common.inject.Inject;org.opensearch.common.settings.Settings;org.opensearch.common.unit.TimeValue;org.opensearch.common.xcontent.XContentFactory;org.opensearch.commons.authuser.User;org.opensearch.core.action.ActionListener;org.opensearch.core.rest.RestStatus;org.opensearch.core.xcontent.ToXContent;org.opensearch.index.IndexNotFoundException;org.opensearch.index.query.MatchQueryBuilder;org.opensearch.index.query.QueryBuilder;org.opensearch.index.query.QueryBuilders;org.opensearch.rest.RestRequest;org.opensearch.search.aggregations.AggregationBuilders;org.opensearch.search.aggregations.metrics.Max;org.opensearch.search.aggregations.metrics.MaxAggregationBuilder;org.opensearch.search.builder.SearchSourceBuilder;org.opensearch.tasks.Task;org.opensearch.threadpool.ThreadPool;org.opensearch.transport.TransportService;org.opensearch.transport.client.Client	Upstream administration, storage, permission, registration, timing, or configuration. Listed embedded calculations are separately mapped.
e33c62506efcb15ae795847484357704b539bcf1	src/main/java/org/opensearch/securityanalytics/transport/TransportIndexDetectorAction.java	calculation or host adapter	SA-07.rule-load;SA-07.partition;SA-07.trigger;SA-07.chained-documents;SA-02.window	TransportIndexDetectorAction;addThreatIntelBasedDocLevelQueries;buildBucketLevelMonitorRequests;checkIndicesAndExecute;createBucketLevelMonitorRequest;createDocLevelMonitorMatchAllRequest;createDocLevelMonitorRequest;createMonitorFromQueries;deleteMonitorStep;doExecute;executeMonitorActionRequest;finishHim;getMonitorIds;handleUpsertWorkflowFailure;importCustomRules;importRules;indexDetector;initRuleIndexAndImportRules;mapMonitorIds;onCreateMappingsResponse;onFailure;onFailures;onIndexMonitorRequestCreation;onOperation;onResponse;onUpdateMappingsResponse;resolveRuleFieldNamesAndUpsertMonitorFromQueries;saveMonitors;saveWorkflow;setEnabledDetectorsWithDedicatedQueryIndices;setEnabledWorkflowUsage;setFilterByEnabled;shouldAddChainedFindingDocMonitor;updateAlertingMonitors;updateMonitorFromQueries;updateWorkflowStep;upsertMonitorQueries	AggregationItem;Detector;DetectorIndices;DetectorInput;DetectorMonitorConfig;DetectorRule;DetectorThreatIntelService;DetectorTrigger;ExceptionChecker;GetIndexMappingsAction;GetIndexMappingsRequest;GetIndexMappingsResponse;IndexDetectorAction;IndexDetectorRequest;IndexDetectorResponse;IndexUtils;LogType;LogTypeService;MapperService;MapperUtils;MonitorService;OSQueryBackend;QueryBackend;Rule;RuleIndices;RuleTopicIndices;SecureTransportAction;SecurityAnalyticsException;SecurityAnalyticsSettings;SigmaConditionError;ThrowableCheckingPredicates;Value;WorkflowService	org.apache.commons.lang3.tuple.Pair;org.apache.logging.log4j.LogManager;org.apache.logging.log4j.Logger;org.apache.lucene.search.join.ScoreMode;org.opensearch.OpenSearchStatusException;org.opensearch.action.ActionRunnable;org.opensearch.action.StepListener;org.opensearch.action.admin.indices.create.CreateIndexResponse;org.opensearch.action.bulk.BulkResponse;org.opensearch.action.get.GetRequest;org.opensearch.action.get.GetResponse;org.opensearch.action.index.IndexRequest;org.opensearch.action.index.IndexResponse;org.opensearch.action.search.SearchRequest;org.opensearch.action.search.SearchResponse;org.opensearch.action.support.ActionFilters;org.opensearch.action.support.GroupedActionListener;org.opensearch.action.support.HandledTransportAction;org.opensearch.action.support.WriteRequest;org.opensearch.action.support.WriteRequest.RefreshPolicy;org.opensearch.action.support.clustermanager.AcknowledgedResponse;org.opensearch.cluster.metadata.IndexNameExpressionResolver;org.opensearch.cluster.metadata.MappingMetadata;org.opensearch.cluster.routing.Preference;org.opensearch.cluster.service.ClusterService;org.opensearch.common.inject.Inject;org.opensearch.common.settings.Settings;org.opensearch.common.unit.TimeValue;org.opensearch.common.xcontent.LoggingDeprecationHandler;org.opensearch.common.xcontent.XContentFactory;org.opensearch.common.xcontent.XContentHelper;org.opensearch.common.xcontent.XContentType;org.opensearch.commons.alerting.AlertingPluginInterface;org.opensearch.commons.alerting.action.DeleteMonitorResponse;org.opensearch.commons.alerting.action.DeleteWorkflowResponse;org.opensearch.commons.alerting.action.IndexMonitorRequest;org.opensearch.commons.alerting.action.IndexMonitorResponse;org.opensearch.commons.alerting.action.IndexWorkflowResponse;org.opensearch.commons.alerting.model.BucketLevelTrigger;org.opensearch.commons.alerting.model.DataSources;org.opensearch.commons.alerting.model.DocLevelMonitorInput;org.opensearch.commons.alerting.model.DocLevelQuery;org.opensearch.commons.alerting.model.DocumentLevelTrigger;org.opensearch.commons.alerting.model.Monitor;org.opensearch.commons.alerting.model.Monitor.MonitorType;org.opensearch.commons.alerting.model.SearchInput;org.opensearch.commons.alerting.model.Workflow;org.opensearch.commons.alerting.model.action.Action;org.opensearch.commons.authuser.User;org.opensearch.core.action.ActionListener;org.opensearch.core.common.io.stream.NamedWriteableRegistry;org.opensearch.core.rest.RestStatus;org.opensearch.core.xcontent.NamedXContentRegistry;org.opensearch.core.xcontent.ToXContent;org.opensearch.core.xcontent.XContentParser;org.opensearch.index.IndexNotFoundException;org.opensearch.index.query.BoolQueryBuilder;org.opensearch.index.query.QueryBuilder;org.opensearch.index.query.QueryBuilders;org.opensearch.index.query.RangeQueryBuilder;org.opensearch.index.reindex.BulkByScrollResponse;org.opensearch.index.seqno.SequenceNumbers;org.opensearch.rest.RestRequest;org.opensearch.rest.RestRequest.Method;org.opensearch.script.Script;org.opensearch.search.SearchHit;org.opensearch.search.SearchHits;org.opensearch.search.builder.SearchSourceBuilder;org.opensearch.tasks.Task;org.opensearch.threadpool.ThreadPool;org.opensearch.transport.TransportService;org.opensearch.transport.client.Client;org.opensearch.transport.client.node.NodeClient	Retain listed calculation/validation. Existing host owners replace storage, network access, credentials, and effects.
e33c62506efcb15ae795847484357704b539bcf1	src/main/java/org/opensearch/securityanalytics/transport/TransportIndexRuleAction.java	calculation or host adapter	SA-01.parse;SA-07.rule-load	TransportIndexRuleAction;doExecute;finishHim;onComplete;onFailure;onFailures;onOperation;onResponse;searchDetectors;updateDetectors;updateFieldMappings;updateRule	CompositeSigmaErrors;Detector;DetectorIndices;FieldMappingDoc;IndexDetectorAction;IndexDetectorRequest;IndexDetectorResponse;IndexRuleAction;IndexRuleRequest;IndexRuleResponse;IndexUtils;LogTypeService;OSQueryBackend;QueryBackend;Rule;RuleIndices;SecurityAnalyticsException;SecurityAnalyticsSettings;SigmaError;SigmaRule	org.apache.logging.log4j.LogManager;org.apache.logging.log4j.Logger;org.apache.lucene.search.join.ScoreMode;org.opensearch.OpenSearchStatusException;org.opensearch.action.ActionRunnable;org.opensearch.action.admin.indices.create.CreateIndexResponse;org.opensearch.action.index.IndexRequest;org.opensearch.action.index.IndexResponse;org.opensearch.action.search.SearchRequest;org.opensearch.action.search.SearchResponse;org.opensearch.action.support.ActionFilters;org.opensearch.action.support.HandledTransportAction;org.opensearch.action.support.clustermanager.AcknowledgedResponse;org.opensearch.cluster.routing.Preference;org.opensearch.cluster.service.ClusterService;org.opensearch.common.inject.Inject;org.opensearch.common.settings.Settings;org.opensearch.common.unit.TimeValue;org.opensearch.common.xcontent.LoggingDeprecationHandler;org.opensearch.common.xcontent.XContentFactory;org.opensearch.common.xcontent.XContentType;org.opensearch.core.action.ActionListener;org.opensearch.core.rest.RestStatus;org.opensearch.core.xcontent.NamedXContentRegistry;org.opensearch.core.xcontent.ToXContent;org.opensearch.core.xcontent.XContentParser;org.opensearch.index.query.QueryBuilder;org.opensearch.index.query.QueryBuilders;org.opensearch.rest.RestRequest;org.opensearch.search.SearchHit;org.opensearch.search.builder.SearchSourceBuilder;org.opensearch.tasks.Task;org.opensearch.threadpool.ThreadPool;org.opensearch.transport.TransportService;org.opensearch.transport.client.Client	Retain listed calculation/validation. Existing host owners replace storage, network access, credentials, and effects.
e33c62506efcb15ae795847484357704b539bcf1	src/main/java/org/opensearch/securityanalytics/transport/TransportListCorrelationAction.java	calculation or host adapter	SA-05.list	TransportListCorrelationAction;doExecute;finishHim;onFailure;onFailures;onOperation;onResponse	CorrelatedFinding;CorrelationIndices;ListCorrelationsAction;ListCorrelationsRequest;ListCorrelationsResponse;SecureTransportAction;SecurityAnalyticsException	org.apache.logging.log4j.LogManager;org.apache.logging.log4j.Logger;org.opensearch.OpenSearchStatusException;org.opensearch.action.ActionRunnable;org.opensearch.action.search.SearchRequest;org.opensearch.action.search.SearchResponse;org.opensearch.action.support.ActionFilters;org.opensearch.action.support.HandledTransportAction;org.opensearch.cluster.routing.Preference;org.opensearch.cluster.service.ClusterService;org.opensearch.common.inject.Inject;org.opensearch.common.settings.Settings;org.opensearch.core.action.ActionListener;org.opensearch.core.rest.RestStatus;org.opensearch.core.xcontent.NamedXContentRegistry;org.opensearch.index.query.BoolQueryBuilder;org.opensearch.index.query.QueryBuilders;org.opensearch.search.SearchHit;org.opensearch.search.builder.SearchSourceBuilder;org.opensearch.tasks.Task;org.opensearch.threadpool.ThreadPool;org.opensearch.transport.TransportService;org.opensearch.transport.client.Client	Retain listed calculation/validation. Existing host owners replace storage, network access, credentials, and effects.
e33c62506efcb15ae795847484357704b539bcf1	src/main/java/org/opensearch/securityanalytics/transport/TransportSearchCorrelationAction.java	calculation or host adapter	SA-05.search;SA-05.rank-merge	TransportSearchCorrelationAction;doExecute;finishHim;onFailure;onFailures;onOperation;onResponse	CorrelatedFindingAction;CorrelatedFindingRequest;CorrelatedFindingResponse;CorrelationIndices;CorrelationQueryBuilder;Detector;DetectorMonitorConfig;FindingWithScore;SecureTransportAction;SecurityAnalyticsException	org.apache.commons.lang3.tuple.Pair;org.apache.logging.log4j.LogManager;org.apache.logging.log4j.Logger;org.opensearch.OpenSearchStatusException;org.opensearch.action.ActionRunnable;org.opensearch.action.search.MultiSearchRequest;org.opensearch.action.search.MultiSearchResponse;org.opensearch.action.search.SearchRequest;org.opensearch.action.search.SearchResponse;org.opensearch.action.support.ActionFilters;org.opensearch.action.support.HandledTransportAction;org.opensearch.cluster.routing.Preference;org.opensearch.cluster.service.ClusterService;org.opensearch.common.inject.Inject;org.opensearch.common.settings.Settings;org.opensearch.core.action.ActionListener;org.opensearch.core.xcontent.NamedXContentRegistry;org.opensearch.index.query.BoolQueryBuilder;org.opensearch.index.query.MatchQueryBuilder;org.opensearch.index.query.QueryBuilders;org.opensearch.search.SearchHit;org.opensearch.search.builder.SearchSourceBuilder;org.opensearch.tasks.Task;org.opensearch.threadpool.ThreadPool;org.opensearch.transport.TransportService;org.opensearch.transport.client.Client	Retain listed calculation/validation. Existing host owners replace storage, network access, credentials, and effects.
e33c62506efcb15ae795847484357704b539bcf1	src/main/java/org/opensearch/securityanalytics/transport/TransportSearchCorrelationRuleAction.java	host administration or wire adapter	host	TransportSearchCorrelationRuleAction;doExecute;onFailure;onResponse	CorrelationRuleIndices;SearchCorrelationRuleAction;SearchCorrelationRuleRequest;SecurityAnalyticsException	org.apache.logging.log4j.LogManager;org.apache.logging.log4j.Logger;org.apache.lucene.search.TotalHits;org.opensearch.action.search.SearchResponse;org.opensearch.action.search.ShardSearchFailure;org.opensearch.action.support.ActionFilters;org.opensearch.action.support.HandledTransportAction;org.opensearch.cluster.service.ClusterService;org.opensearch.common.inject.Inject;org.opensearch.core.action.ActionListener;org.opensearch.index.IndexNotFoundException;org.opensearch.search.SearchHit;org.opensearch.search.SearchHits;org.opensearch.search.internal.InternalSearchResponse;org.opensearch.tasks.Task;org.opensearch.threadpool.ThreadPool;org.opensearch.transport.TransportService;org.opensearch.transport.client.Client	Upstream administration, storage, permission, registration, timing, or configuration. Listed embedded calculations are separately mapped.
e33c62506efcb15ae795847484357704b539bcf1	src/main/java/org/opensearch/securityanalytics/transport/TransportSearchCustomLogTypeAction.java	host administration or wire adapter	host	TransportSearchCustomLogTypeAction;doExecute;onFailure;onResponse;setFilterByEnabled	LogTypeService;SearchCustomLogTypeAction;SearchCustomLogTypeRequest;SecureTransportAction;SecurityAnalyticsSettings	org.opensearch.action.search.SearchResponse;org.opensearch.action.support.ActionFilters;org.opensearch.action.support.HandledTransportAction;org.opensearch.cluster.service.ClusterService;org.opensearch.common.inject.Inject;org.opensearch.common.settings.Settings;org.opensearch.commons.authuser.User;org.opensearch.core.action.ActionListener;org.opensearch.tasks.Task;org.opensearch.threadpool.ThreadPool;org.opensearch.transport.TransportService;org.opensearch.transport.client.Client	Upstream administration, storage, permission, registration, timing, or configuration. Listed embedded calculations are separately mapped.
e33c62506efcb15ae795847484357704b539bcf1	src/main/java/org/opensearch/securityanalytics/transport/TransportSearchDetectorAction.java	host administration or wire adapter	host	TransportSearchDetectorAction;doExecute;onFailure;onResponse;setFilterByEnabled	DetectorIndices;DetectorUtils;SearchDetectorAction;SearchDetectorRequest;SecureTransportAction;SecurityAnalyticsSettings;TransportPutTIFJobAction	org.apache.logging.log4j.LogManager;org.apache.logging.log4j.Logger;org.opensearch.action.search.SearchResponse;org.opensearch.action.support.ActionFilters;org.opensearch.action.support.HandledTransportAction;org.opensearch.cluster.service.ClusterService;org.opensearch.common.inject.Inject;org.opensearch.common.settings.Settings;org.opensearch.commons.authuser.User;org.opensearch.core.action.ActionListener;org.opensearch.core.xcontent.NamedXContentRegistry;org.opensearch.tasks.Task;org.opensearch.threadpool.ThreadPool;org.opensearch.transport.TransportService;org.opensearch.transport.client.Client	Upstream administration, storage, permission, registration, timing, or configuration. Listed embedded calculations are separately mapped.
e33c62506efcb15ae795847484357704b539bcf1	src/main/java/org/opensearch/securityanalytics/transport/TransportSearchRuleAction.java	host administration or wire adapter	host	TransportSearchRuleAction;doExecute;finishHim;onFailure;onFailures;onOperation;onResponse;search	RuleIndices;SearchRuleAction;SearchRuleRequest;SecurityAnalyticsException;SecurityAnalyticsSettings	org.apache.logging.log4j.LogManager;org.apache.logging.log4j.Logger;org.opensearch.OpenSearchStatusException;org.opensearch.action.ActionRunnable;org.opensearch.action.admin.indices.create.CreateIndexResponse;org.opensearch.action.bulk.BulkResponse;org.opensearch.action.search.SearchRequest;org.opensearch.action.search.SearchResponse;org.opensearch.action.search.ShardSearchFailure;org.opensearch.action.support.ActionFilters;org.opensearch.action.support.HandledTransportAction;org.opensearch.action.support.WriteRequest;org.opensearch.action.support.clustermanager.AcknowledgedResponse;org.opensearch.cluster.service.ClusterService;org.opensearch.common.inject.Inject;org.opensearch.common.settings.Settings;org.opensearch.common.unit.TimeValue;org.opensearch.core.action.ActionListener;org.opensearch.core.rest.RestStatus;org.opensearch.index.reindex.BulkByScrollResponse;org.opensearch.search.internal.InternalSearchResponse;org.opensearch.tasks.Task;org.opensearch.threadpool.ThreadPool;org.opensearch.transport.TransportService;org.opensearch.transport.client.Client	Upstream administration, storage, permission, registration, timing, or configuration. Listed embedded calculations are separately mapped.
e33c62506efcb15ae795847484357704b539bcf1	src/main/java/org/opensearch/securityanalytics/transport/TransportTestS3ConnectionAction.java	host administration or wire adapter	host	TransportTestS3ConnectionAction;doExecute	STIX2IOCFetchService;SecureTransportAction;SecurityAnalyticsException;TestS3ConnectionAction;TestS3ConnectionRequest;TestS3ConnectionResponse	org.apache.logging.log4j.LogManager;org.apache.logging.log4j.Logger;org.opensearch.action.support.ActionFilters;org.opensearch.action.support.HandledTransportAction;org.opensearch.common.inject.Inject;org.opensearch.core.action.ActionListener;org.opensearch.tasks.Task;org.opensearch.transport.TransportService	Upstream administration, storage, permission, registration, timing, or configuration. Listed embedded calculations are separately mapped.
e33c62506efcb15ae795847484357704b539bcf1	src/main/java/org/opensearch/securityanalytics/transport/TransportUpdateIndexMappingsAction.java	host administration or wire adapter	host	TransportUpdateIndexMappingsAction;buildAliasJson;doExecute	MapperService;SecurityAnalyticsException;UpdateIndexMappingsAction;UpdateIndexMappingsRequest	org.opensearch.OpenSearchStatusException;org.opensearch.action.support.ActionFilters;org.opensearch.action.support.HandledTransportAction;org.opensearch.action.support.clustermanager.AcknowledgedResponse;org.opensearch.cluster.metadata.IndexMetadata;org.opensearch.cluster.service.ClusterService;org.opensearch.common.inject.Inject;org.opensearch.core.action.ActionListener;org.opensearch.core.rest.RestStatus;org.opensearch.tasks.Task;org.opensearch.threadpool.ThreadPool;org.opensearch.transport.TransportService	Upstream administration, storage, permission, registration, timing, or configuration. Listed embedded calculations are separately mapped.
e33c62506efcb15ae795847484357704b539bcf1	src/main/java/org/opensearch/securityanalytics/transport/TransportValidateRulesAction.java	calculation or host adapter	SA-01.applicability	TransportValidateRulesAction;doExecute	RuleValidator;SecurityAnalyticsException;ValidateRulesAction;ValidateRulesRequest;ValidateRulesResponse	org.opensearch.OpenSearchStatusException;org.opensearch.action.StepListener;org.opensearch.action.support.ActionFilters;org.opensearch.action.support.HandledTransportAction;org.opensearch.cluster.metadata.IndexMetadata;org.opensearch.cluster.service.ClusterService;org.opensearch.common.inject.Inject;org.opensearch.core.action.ActionListener;org.opensearch.core.rest.RestStatus;org.opensearch.core.xcontent.NamedXContentRegistry;org.opensearch.tasks.Task;org.opensearch.transport.TransportService;org.opensearch.transport.client.Client	Retain listed calculation/validation. Existing host owners replace storage, network access, credentials, and effects.
e33c62506efcb15ae795847484357704b539bcf1	src/main/java/org/opensearch/securityanalytics/util/AutoCorrelationsRepo.java	calculation or host adapter	SA-04.map;SA-04.intrusion-sets	autoCorrelations;autoCorrelationsAsMap;validIntrusionSets		org.opensearch.common.xcontent.XContentHelper;org.opensearch.common.xcontent.XContentType;org.opensearch.core.xcontent.MediaType	Retain listed calculation/validation. Existing host owners replace storage, network access, credentials, and effects.
e33c62506efcb15ae795847484357704b539bcf1	src/main/java/org/opensearch/securityanalytics/util/CorrelationIndices.java	calculation or host adapter	SA-05.epoch;SA-05.root	CorrelationIndices;correlationAlertIndexExists;correlationAlertIndexMappings;correlationIndexExists;correlationMappings;correlationMetadataIndexExists;initCorrelationAlertIndex;initCorrelationIndex;initCorrelationMetadataIndex;setupCorrelationIndex	SecurityAnalyticsSettings	org.apache.logging.log4j.LogManager;org.apache.logging.log4j.Logger;org.opensearch.action.admin.indices.alias.Alias;org.opensearch.action.admin.indices.create.CreateIndexRequest;org.opensearch.action.admin.indices.create.CreateIndexResponse;org.opensearch.action.bulk.BulkRequest;org.opensearch.action.bulk.BulkResponse;org.opensearch.action.index.IndexRequest;org.opensearch.action.support.WriteRequest;org.opensearch.cluster.ClusterState;org.opensearch.cluster.metadata.IndexMetadata;org.opensearch.cluster.service.ClusterService;org.opensearch.common.settings.Settings;org.opensearch.common.unit.TimeValue;org.opensearch.common.xcontent.XContentFactory;org.opensearch.core.action.ActionListener;org.opensearch.core.xcontent.XContentBuilder;org.opensearch.transport.client.Client	Retain listed calculation/validation. Existing host owners replace storage, network access, credentials, and effects.
e33c62506efcb15ae795847484357704b539bcf1	src/main/java/org/opensearch/securityanalytics/util/CorrelationRuleIndices.java	host infrastructure or contract helper	host	CorrelationRuleIndices;correlationRuleIndexExists;correlationRuleIndexMappings;initCorrelationRuleIndex	CorrelationRule;SecurityAnalyticsSettings	org.apache.logging.log4j.LogManager;org.apache.logging.log4j.Logger;org.opensearch.action.admin.indices.create.CreateIndexRequest;org.opensearch.action.admin.indices.create.CreateIndexResponse;org.opensearch.cluster.ClusterState;org.opensearch.cluster.metadata.IndexMetadata;org.opensearch.cluster.service.ClusterService;org.opensearch.common.settings.Settings;org.opensearch.core.action.ActionListener;org.opensearch.transport.client.Client	Upstream administration, storage, permission, registration, timing, or configuration. Listed embedded calculations are separately mapped.
e33c62506efcb15ae795847484357704b539bcf1	src/main/java/org/opensearch/securityanalytics/util/CustomLogTypeIndices.java	host infrastructure or contract helper	host	CustomLogTypeIndices;customLogTypeIndexExists;customLogTypeIndexHealth;customLogTypeMappings;initCustomLogTypeIndex	LogTypeService;SecurityAnalyticsSettings	org.apache.logging.log4j.LogManager;org.apache.logging.log4j.Logger;org.opensearch.action.admin.indices.create.CreateIndexRequest;org.opensearch.action.admin.indices.create.CreateIndexResponse;org.opensearch.cluster.ClusterState;org.opensearch.cluster.health.ClusterIndexHealth;org.opensearch.cluster.metadata.IndexMetadata;org.opensearch.cluster.routing.IndexRoutingTable;org.opensearch.cluster.service.ClusterService;org.opensearch.common.settings.Settings;org.opensearch.core.action.ActionListener;org.opensearch.transport.client.AdminClient	Upstream administration, storage, permission, registration, timing, or configuration. Listed embedded calculations are separately mapped.
e33c62506efcb15ae795847484357704b539bcf1	src/main/java/org/opensearch/securityanalytics/util/DetectorIndices.java	host infrastructure or contract helper	host	DetectorIndices;detectorIndexExists;detectorIndexHealth;detectorMappings;getThreadPool;initDetectorIndex	Detector;SecurityAnalyticsSettings	org.apache.logging.log4j.LogManager;org.apache.logging.log4j.Logger;org.opensearch.action.admin.indices.create.CreateIndexRequest;org.opensearch.action.admin.indices.create.CreateIndexResponse;org.opensearch.cluster.ClusterState;org.opensearch.cluster.health.ClusterIndexHealth;org.opensearch.cluster.metadata.IndexMetadata;org.opensearch.cluster.routing.IndexRoutingTable;org.opensearch.cluster.service.ClusterService;org.opensearch.common.settings.Settings;org.opensearch.core.action.ActionListener;org.opensearch.threadpool.ThreadPool;org.opensearch.transport.client.AdminClient	Upstream administration, storage, permission, registration, timing, or configuration. Listed embedded calculations are separately mapped.
e33c62506efcb15ae795847484357704b539bcf1	src/main/java/org/opensearch/securityanalytics/util/DetectorUtils.java	calculation or host adapter	SA-07.aggregate-selection	checkIfRuleIsAggAndTriggerable;getAggRuleIdsConfiguredToTrigger;getAllDetectorInputs;getBucketLevelMonitorIds;getDetectors;getEmptySearchResponse;onFailure;onResponse	Detector;DetectorInput;Rule;StashedThreadContext	org.apache.commons.lang3.tuple.Pair;org.apache.lucene.search.TotalHits;org.opensearch.action.search.SearchRequest;org.opensearch.action.search.SearchResponse;org.opensearch.action.search.ShardSearchFailure;org.opensearch.cluster.routing.Preference;org.opensearch.common.xcontent.LoggingDeprecationHandler;org.opensearch.common.xcontent.XContentType;org.opensearch.commons.alerting.action.IndexMonitorResponse;org.opensearch.commons.alerting.model.Monitor;org.opensearch.core.action.ActionListener;org.opensearch.core.xcontent.NamedXContentRegistry;org.opensearch.core.xcontent.XContentParser;org.opensearch.search.SearchHit;org.opensearch.search.SearchHits;org.opensearch.search.aggregations.InternalAggregations;org.opensearch.search.builder.SearchSourceBuilder;org.opensearch.search.fetch.subphase.FetchSourceContext;org.opensearch.search.internal.InternalSearchResponse;org.opensearch.search.profile.SearchProfileShardResults;org.opensearch.search.suggest.Suggest;org.opensearch.transport.client.Client	Retain listed calculation/validation. Existing host owners replace storage, network access, credentials, and effects.
e33c62506efcb15ae795847484357704b539bcf1	src/main/java/org/opensearch/securityanalytics/util/ExceptionChecker.java	host infrastructure or contract helper	host	doesExceptionMatch;doesGroupedActionListenerExceptionMatch	ThrowableCheckingPredicates		Upstream administration, storage, permission, registration, timing, or configuration. Listed embedded calculations are separately mapped.
e33c62506efcb15ae795847484357704b539bcf1	src/main/java/org/opensearch/securityanalytics/util/FileUtils.java	host infrastructure or contract helper	host	getFs			Upstream administration, storage, permission, registration, timing, or configuration. Listed embedded calculations are separately mapped.
e33c62506efcb15ae795847484357704b539bcf1	src/main/java/org/opensearch/securityanalytics/util/IndexUtils.java	host infrastructure or contract helper	host	correlationAlertIndexUpdated;correlationIndexUpdated;correlationMetadataIndexUpdated;correlationRuleIndexUpdated;customLogTypeIndexUpdated;customRuleIndexUpdated;detectorIndexUpdated;getConcreteindexToMonitorInputIndicesMap;getIndexNameWithAlias;getNewIndexByCreationDate;getNewestIndexByCreationDate;getSchemaVersion;getWriteIndex;isAlias;isConcreteIndex;isDataStream;prePackagedRuleIndexUpdated;shouldUpdateIndex;updateIndexMapping		org.opensearch.action.admin.indices.mapping.put.PutMappingRequest;org.opensearch.action.support.IndicesOptions;org.opensearch.action.support.clustermanager.AcknowledgedResponse;org.opensearch.cluster.ClusterState;org.opensearch.cluster.metadata.IndexAbstraction;org.opensearch.cluster.metadata.IndexMetadata;org.opensearch.cluster.metadata.IndexNameExpressionResolver;org.opensearch.cluster.service.ClusterService;org.opensearch.common.xcontent.LoggingDeprecationHandler;org.opensearch.common.xcontent.XContentType;org.opensearch.core.action.ActionListener;org.opensearch.core.xcontent.NamedXContentRegistry;org.opensearch.core.xcontent.XContentParser;org.opensearch.transport.client.IndicesAdminClient	Upstream administration, storage, permission, registration, timing, or configuration. Listed embedded calculations are separately mapped.
e33c62506efcb15ae795847484357704b539bcf1	src/main/java/org/opensearch/securityanalytics/util/MonitorService.java	host infrastructure or contract helper	host	MonitorService;deleteAlertingMonitor;deleteAlertingMonitors;onFailure;onResponse		org.apache.logging.log4j.LogManager;org.apache.logging.log4j.Logger;org.apache.lucene.util.SetOnce;org.opensearch.OpenSearchStatusException;org.opensearch.action.support.GroupedActionListener;org.opensearch.action.support.WriteRequest;org.opensearch.commons.alerting.AlertingPluginInterface;org.opensearch.commons.alerting.action.DeleteMonitorRequest;org.opensearch.commons.alerting.action.DeleteMonitorResponse;org.opensearch.core.action.ActionListener;org.opensearch.core.rest.RestStatus;org.opensearch.transport.client.Client;org.opensearch.transport.client.node.NodeClient	Upstream administration, storage, permission, registration, timing, or configuration. Listed embedded calculations are separately mapped.
e33c62506efcb15ae795847484357704b539bcf1	src/main/java/org/opensearch/securityanalytics/util/RestHandlerUtils.java	host infrastructure or contract helper	host				Upstream administration, storage, permission, registration, timing, or configuration. Listed embedded calculations are separately mapped.
e33c62506efcb15ae795847484357704b539bcf1	src/main/java/org/opensearch/securityanalytics/util/RuleIndices.java	calculation or host adapter	SA-01.parse;SA-07.rule-load	RuleIndices;checkLogTypes;countRules;deleteRules;getQueries;getRuleCategory;getRuleIndex;getRules;getThreadPool;importRules;ingestQueries;initPrepackagedRulesIndex;initRuleIndex;loadQueries;loadRules;onCreateMappingsResponse;onFailure;onResponse;onUpdateMappingsResponse;ruleIndexExists;ruleIndexHealth;ruleMappings;searchRules	CompositeSigmaErrors;Detector;FileUtils;IndexUtils;LogTypeService;OSQueryBackend;QueryBackend;Rule;SecurityAnalyticsSettings;SigmaError;SigmaRule	org.apache.logging.log4j.LogManager;org.apache.logging.log4j.Logger;org.apache.lucene.search.join.ScoreMode;org.opensearch.OpenSearchStatusException;org.opensearch.action.admin.indices.create.CreateIndexRequest;org.opensearch.action.admin.indices.create.CreateIndexResponse;org.opensearch.action.bulk.BulkItemResponse;org.opensearch.action.bulk.BulkRequest;org.opensearch.action.bulk.BulkResponse;org.opensearch.action.index.IndexRequest;org.opensearch.action.search.SearchRequest;org.opensearch.action.search.SearchResponse;org.opensearch.action.support.WriteRequest;org.opensearch.action.support.clustermanager.AcknowledgedResponse;org.opensearch.cluster.ClusterState;org.opensearch.cluster.health.ClusterIndexHealth;org.opensearch.cluster.metadata.IndexMetadata;org.opensearch.cluster.routing.IndexRoutingTable;org.opensearch.cluster.routing.Preference;org.opensearch.cluster.service.ClusterService;org.opensearch.common.settings.Settings;org.opensearch.common.unit.TimeValue;org.opensearch.common.xcontent.XContentFactory;org.opensearch.core.action.ActionListener;org.opensearch.core.rest.RestStatus;org.opensearch.core.xcontent.ToXContent;org.opensearch.index.query.BoolQueryBuilder;org.opensearch.index.query.QueryBuilder;org.opensearch.index.query.QueryBuilders;org.opensearch.index.reindex.BulkByScrollResponse;org.opensearch.index.reindex.DeleteByQueryAction;org.opensearch.index.reindex.DeleteByQueryRequestBuilder;org.opensearch.search.SearchHit;org.opensearch.search.builder.SearchSourceBuilder;org.opensearch.threadpool.ThreadPool;org.opensearch.transport.client.Client	Retain listed calculation/validation. Existing host owners replace storage, network access, credentials, and effects.
e33c62506efcb15ae795847484357704b539bcf1	src/main/java/org/opensearch/securityanalytics/util/RuleTopicIndices.java	host infrastructure or contract helper	host	RuleTopicIndices;getAllRuleIndices;initRuleTopicIndexTemplate;ruleTopicIndexSettings;ruleTopicIndexTemplateExists	DetectorIndices;DetectorMonitorConfig;LogTypeService	org.apache.logging.log4j.LogManager;org.apache.logging.log4j.Logger;org.opensearch.action.admin.indices.template.put.PutComposableIndexTemplateAction;org.opensearch.action.support.clustermanager.AcknowledgedResponse;org.opensearch.cluster.ClusterState;org.opensearch.cluster.metadata.ComposableIndexTemplate;org.opensearch.cluster.metadata.Template;org.opensearch.cluster.service.ClusterService;org.opensearch.common.settings.Settings;org.opensearch.common.xcontent.XContentType;org.opensearch.core.action.ActionListener;org.opensearch.transport.client.Client	Upstream administration, storage, permission, registration, timing, or configuration. Listed embedded calculations are separately mapped.
e33c62506efcb15ae795847484357704b539bcf1	src/main/java/org/opensearch/securityanalytics/util/RuleValidator.java	calculation or host adapter	SA-01.applicability	RuleValidator;getRules;validateCustomRules;validateRules	GetMappingsViewAction;GetMappingsViewRequest;GetMappingsViewResponse;MapperUtils;Rule;SearchRuleAction;SearchRuleRequest	org.opensearch.action.StepListener;org.opensearch.action.search.SearchRequest;org.opensearch.action.search.SearchResponse;org.opensearch.cluster.routing.Preference;org.opensearch.common.xcontent.LoggingDeprecationHandler;org.opensearch.common.xcontent.XContentType;org.opensearch.core.action.ActionListener;org.opensearch.core.xcontent.NamedXContentRegistry;org.opensearch.core.xcontent.XContentParser;org.opensearch.index.query.QueryBuilder;org.opensearch.index.query.QueryBuilders;org.opensearch.search.SearchHit;org.opensearch.search.builder.SearchSourceBuilder;org.opensearch.search.fetch.subphase.FetchSourceContext;org.opensearch.transport.client.Client	Retain listed calculation/validation. Existing host owners replace storage, network access, credentials, and effects.
e33c62506efcb15ae795847484357704b539bcf1	src/main/java/org/opensearch/securityanalytics/util/SecurityAnalyticsException.java	host infrastructure or contract helper	host	SecurityAnalyticsException;status;wrap	CompositeSigmaErrors	org.apache.logging.log4j.LogManager;org.apache.logging.log4j.Logger;org.opensearch.OpenSearchException;org.opensearch.common.xcontent.XContentFactory;org.opensearch.core.common.Strings;org.opensearch.core.rest.RestStatus;org.opensearch.core.xcontent.XContentBuilder	Upstream administration, storage, permission, registration, timing, or configuration. Listed embedded calculations are separately mapped.
e33c62506efcb15ae795847484357704b539bcf1	src/main/java/org/opensearch/securityanalytics/util/ThrowableCheckingPredicates.java	host infrastructure or contract helper	host	getMatcherPredicate;isAlertingConfigIndexNotFoundException;isMonitorNotFoundException;isWorkflowNotFoundException			Upstream administration, storage, permission, registration, timing, or configuration. Listed embedded calculations are separately mapped.
e33c62506efcb15ae795847484357704b539bcf1	src/main/java/org/opensearch/securityanalytics/util/WorkflowService.java	calculation or host adapter	SA-07.chained-documents;SA-07.bucket-delegate	WorkflowService;createWorkflowRequest;deleteWorkflow;onFailure;onResponse;upsertWorkflow	Detector;DetectorUtils;MonitorService;Rule;SecurityAnalyticsException	org.apache.commons.lang3.tuple.Pair;org.apache.logging.log4j.LogManager;org.apache.logging.log4j.Logger;org.opensearch.OpenSearchException;org.opensearch.action.support.WriteRequest.RefreshPolicy;org.opensearch.commons.alerting.AlertingPluginInterface;org.opensearch.commons.alerting.action.DeleteMonitorResponse;org.opensearch.commons.alerting.action.DeleteWorkflowRequest;org.opensearch.commons.alerting.action.DeleteWorkflowResponse;org.opensearch.commons.alerting.action.IndexMonitorResponse;org.opensearch.commons.alerting.action.IndexWorkflowRequest;org.opensearch.commons.alerting.action.IndexWorkflowResponse;org.opensearch.commons.alerting.model.ChainedMonitorFindings;org.opensearch.commons.alerting.model.CompositeInput;org.opensearch.commons.alerting.model.Delegate;org.opensearch.commons.alerting.model.Sequence;org.opensearch.commons.alerting.model.Workflow;org.opensearch.commons.alerting.model.Workflow.WorkflowType;org.opensearch.core.action.ActionListener;org.opensearch.index.seqno.SequenceNumbers;org.opensearch.rest.RestRequest.Method;org.opensearch.transport.client.Client;org.opensearch.transport.client.node.NodeClient	Retain listed calculation/validation. Existing host owners replace storage, network access, credentials, and effects.
e33c62506efcb15ae795847484357704b539bcf1	src/main/java/org/opensearch/securityanalytics/util/XContentUtils.java	host infrastructure or contract helper	host	buildInstantAsField;getBytesReference;getInstant;parseMapToJsonString		org.opensearch.common.io.stream.BytesStreamOutput;org.opensearch.common.xcontent.XContentHelper;org.opensearch.core.common.bytes.BytesReference;org.opensearch.core.common.io.stream.Writeable;org.opensearch.core.xcontent.MediaTypeRegistry;org.opensearch.core.xcontent.XContentBuilder;org.opensearch.core.xcontent.XContentParser;org.opensearch.core.xcontent.XContentParserUtils	Upstream administration, storage, permission, registration, timing, or configuration. Listed embedded calculations are separately mapped.
e33c62506efcb15ae795847484357704b539bcf1	src/main/plugin-metadata/plugin-security.policy	host storage or plugin metadata	host				Upstream administration, storage, permission, registration, timing, or configuration. Listed embedded calculations are separately mapped.
e33c62506efcb15ae795847484357704b539bcf1	src/main/resources/META-INF/services/org.apache.lucene.codecs.Codec	host storage or plugin metadata	host				Upstream administration, storage, permission, registration, timing, or configuration. Listed embedded calculations are separately mapped.
e33c62506efcb15ae795847484357704b539bcf1	src/main/resources/META-INF/services/org.opensearch.alerting.spi.RemoteMonitorRunnerExtension	host storage or plugin metadata	host				Upstream administration, storage, permission, registration, timing, or configuration. Listed embedded calculations are separately mapped.
e33c62506efcb15ae795847484357704b539bcf1	src/main/resources/META-INF/services/org.opensearch.jobscheduler.spi.JobSchedulerExtension	host storage or plugin metadata	host				Upstream administration, storage, permission, registration, timing, or configuration. Listed embedded calculations are separately mapped.
e33c62506efcb15ae795847484357704b539bcf1	src/main/resources/OSMapping/ad_ldap_logtype.json	pinned algorithm data	SA-01.metadata;SA-01.mapping-merge;SA-06.type-inputs				Retain built-in category/schema/IOC-field data as pinned package assets.
e33c62506efcb15ae795847484357704b539bcf1	src/main/resources/OSMapping/apache_access_logtype.json	pinned algorithm data	SA-01.metadata;SA-01.mapping-merge;SA-06.type-inputs				Retain built-in category/schema/IOC-field data as pinned package assets.
e33c62506efcb15ae795847484357704b539bcf1	src/main/resources/OSMapping/azure_logtype.json	pinned algorithm data	SA-01.metadata;SA-01.mapping-merge;SA-06.type-inputs				Retain built-in category/schema/IOC-field data as pinned package assets.
e33c62506efcb15ae795847484357704b539bcf1	src/main/resources/OSMapping/cloudtrail_logtype.json	pinned algorithm data	SA-01.metadata;SA-01.mapping-merge;SA-06.type-inputs				Retain built-in category/schema/IOC-field data as pinned package assets.
e33c62506efcb15ae795847484357704b539bcf1	src/main/resources/OSMapping/dns_logtype.json	pinned algorithm data	SA-01.metadata;SA-01.mapping-merge;SA-06.type-inputs				Retain built-in category/schema/IOC-field data as pinned package assets.
e33c62506efcb15ae795847484357704b539bcf1	src/main/resources/OSMapping/github_logtype.json	pinned algorithm data	SA-01.metadata;SA-01.mapping-merge;SA-06.type-inputs				Retain built-in category/schema/IOC-field data as pinned package assets.
e33c62506efcb15ae795847484357704b539bcf1	src/main/resources/OSMapping/gworkspace_logtype.json	pinned algorithm data	SA-01.metadata;SA-01.mapping-merge;SA-06.type-inputs				Retain built-in category/schema/IOC-field data as pinned package assets.
e33c62506efcb15ae795847484357704b539bcf1	src/main/resources/OSMapping/linux_logtype.json	pinned algorithm data	SA-01.metadata;SA-01.mapping-merge;SA-06.type-inputs				Retain built-in category/schema/IOC-field data as pinned package assets.
e33c62506efcb15ae795847484357704b539bcf1	src/main/resources/OSMapping/logtypes.json	pinned algorithm data	SA-01.metadata;SA-01.mapping-merge;SA-06.type-inputs				Retain built-in category/schema/IOC-field data as pinned package assets.
e33c62506efcb15ae795847484357704b539bcf1	src/main/resources/OSMapping/m365_logtype.json	pinned algorithm data	SA-01.metadata;SA-01.mapping-merge;SA-06.type-inputs				Retain built-in category/schema/IOC-field data as pinned package assets.
e33c62506efcb15ae795847484357704b539bcf1	src/main/resources/OSMapping/netflow_logtype.json	pinned algorithm data	SA-01.metadata;SA-01.mapping-merge;SA-06.type-inputs				Retain built-in category/schema/IOC-field data as pinned package assets.
e33c62506efcb15ae795847484357704b539bcf1	src/main/resources/OSMapping/network_logtype.json	pinned algorithm data	SA-01.metadata;SA-01.mapping-merge;SA-06.type-inputs				Retain built-in category/schema/IOC-field data as pinned package assets.
e33c62506efcb15ae795847484357704b539bcf1	src/main/resources/OSMapping/okta_logtype.json	pinned algorithm data	SA-01.metadata;SA-01.mapping-merge;SA-06.type-inputs				Retain built-in category/schema/IOC-field data as pinned package assets.
e33c62506efcb15ae795847484357704b539bcf1	src/main/resources/OSMapping/others_application_logtype.json	pinned algorithm data	SA-01.metadata;SA-01.mapping-merge;SA-06.type-inputs				Retain built-in category/schema/IOC-field data as pinned package assets.
e33c62506efcb15ae795847484357704b539bcf1	src/main/resources/OSMapping/others_apt_logtype.json	pinned algorithm data	SA-01.metadata;SA-01.mapping-merge;SA-06.type-inputs				Retain built-in category/schema/IOC-field data as pinned package assets.
e33c62506efcb15ae795847484357704b539bcf1	src/main/resources/OSMapping/others_cloud_logtype.json	pinned algorithm data	SA-01.metadata;SA-01.mapping-merge;SA-06.type-inputs				Retain built-in category/schema/IOC-field data as pinned package assets.
e33c62506efcb15ae795847484357704b539bcf1	src/main/resources/OSMapping/others_compliance_logtype.json	pinned algorithm data	SA-01.metadata;SA-01.mapping-merge;SA-06.type-inputs				Retain built-in category/schema/IOC-field data as pinned package assets.
e33c62506efcb15ae795847484357704b539bcf1	src/main/resources/OSMapping/others_macos_logtype.json	pinned algorithm data	SA-01.metadata;SA-01.mapping-merge;SA-06.type-inputs				Retain built-in category/schema/IOC-field data as pinned package assets.
e33c62506efcb15ae795847484357704b539bcf1	src/main/resources/OSMapping/others_proxy_logtype.json	pinned algorithm data	SA-01.metadata;SA-01.mapping-merge;SA-06.type-inputs				Retain built-in category/schema/IOC-field data as pinned package assets.
e33c62506efcb15ae795847484357704b539bcf1	src/main/resources/OSMapping/others_web_logtype.json	pinned algorithm data	SA-01.metadata;SA-01.mapping-merge;SA-06.type-inputs				Retain built-in category/schema/IOC-field data as pinned package assets.
e33c62506efcb15ae795847484357704b539bcf1	src/main/resources/OSMapping/s3_logtype.json	pinned algorithm data	SA-01.metadata;SA-01.mapping-merge;SA-06.type-inputs				Retain built-in category/schema/IOC-field data as pinned package assets.
e33c62506efcb15ae795847484357704b539bcf1	src/main/resources/OSMapping/test_windows_logtype.json	pinned algorithm data	SA-01.metadata;SA-01.mapping-merge;SA-06.type-inputs				Retain built-in category/schema/IOC-field data as pinned package assets.
e33c62506efcb15ae795847484357704b539bcf1	src/main/resources/OSMapping/vpcflow_logtype.json	pinned algorithm data	SA-01.metadata;SA-01.mapping-merge;SA-06.type-inputs				Retain built-in category/schema/IOC-field data as pinned package assets.
e33c62506efcb15ae795847484357704b539bcf1	src/main/resources/OSMapping/waf_logtype.json	pinned algorithm data	SA-01.metadata;SA-01.mapping-merge;SA-06.type-inputs				Retain built-in category/schema/IOC-field data as pinned package assets.
e33c62506efcb15ae795847484357704b539bcf1	src/main/resources/OSMapping/windows_logtype.json	pinned algorithm data	SA-01.metadata;SA-01.mapping-merge;SA-06.type-inputs				Retain built-in category/schema/IOC-field data as pinned package assets.
e33c62506efcb15ae795847484357704b539bcf1	src/main/resources/correlations/mitre_correlation.json	pinned algorithm data	SA-04.map				Pinned intrusion-set and ATT&CK lookup input.
e33c62506efcb15ae795847484357704b539bcf1	src/main/resources/mappings/alert_mapping.json	host storage or plugin metadata	host				Upstream administration, storage, permission, registration, timing, or configuration. Listed embedded calculations are separately mapped.
e33c62506efcb15ae795847484357704b539bcf1	src/main/resources/mappings/correlation-rules.json	host storage or plugin metadata	host				Upstream administration, storage, permission, registration, timing, or configuration. Listed embedded calculations are separately mapped.
e33c62506efcb15ae795847484357704b539bcf1	src/main/resources/mappings/correlation.json	host storage or plugin metadata	host				Upstream administration, storage, permission, registration, timing, or configuration. Listed embedded calculations are separately mapped.
e33c62506efcb15ae795847484357704b539bcf1	src/main/resources/mappings/correlation_alert_mapping.json	host storage or plugin metadata	host				Upstream administration, storage, permission, registration, timing, or configuration. Listed embedded calculations are separately mapped.
e33c62506efcb15ae795847484357704b539bcf1	src/main/resources/mappings/detector-settings.json	host storage or plugin metadata	host				Upstream administration, storage, permission, registration, timing, or configuration. Listed embedded calculations are separately mapped.
e33c62506efcb15ae795847484357704b539bcf1	src/main/resources/mappings/detectors.json	host storage or plugin metadata	host				Upstream administration, storage, permission, registration, timing, or configuration. Listed embedded calculations are separately mapped.
e33c62506efcb15ae795847484357704b539bcf1	src/main/resources/mappings/finding_mapping.json	host storage or plugin metadata	host				Upstream administration, storage, permission, registration, timing, or configuration. Listed embedded calculations are separately mapped.
e33c62506efcb15ae795847484357704b539bcf1	src/main/resources/mappings/ioc_finding_mapping.json	host storage or plugin metadata	host				Upstream administration, storage, permission, registration, timing, or configuration. Listed embedded calculations are separately mapped.
e33c62506efcb15ae795847484357704b539bcf1	src/main/resources/mappings/log_type_config_mapping.json	host storage or plugin metadata	host				Upstream administration, storage, permission, registration, timing, or configuration. Listed embedded calculations are separately mapped.
e33c62506efcb15ae795847484357704b539bcf1	src/main/resources/mappings/rules.json	host storage or plugin metadata	host				Upstream administration, storage, permission, registration, timing, or configuration. Listed embedded calculations are separately mapped.
e33c62506efcb15ae795847484357704b539bcf1	src/main/resources/mappings/stix2_ioc_mapping.json	host storage or plugin metadata	host				Upstream administration, storage, permission, registration, timing, or configuration. Listed embedded calculations are separately mapped.
e33c62506efcb15ae795847484357704b539bcf1	src/main/resources/mappings/threat_intel_alert_mapping.json	host storage or plugin metadata	host				Upstream administration, storage, permission, registration, timing, or configuration. Listed embedded calculations are separately mapped.
e33c62506efcb15ae795847484357704b539bcf1	src/main/resources/mappings/threat_intel_feed_mapping.json	host storage or plugin metadata	host				Upstream administration, storage, permission, registration, timing, or configuration. Listed embedded calculations are separately mapped.
e33c62506efcb15ae795847484357704b539bcf1	src/main/resources/mappings/threat_intel_job_mapping.json	host storage or plugin metadata	host				Upstream administration, storage, permission, registration, timing, or configuration. Listed embedded calculations are separately mapped.
e33c62506efcb15ae795847484357704b539bcf1	src/main/resources/threatIntelFeed/feedMetadata.json	pinned algorithm data	SA-06.feed-metadata				Pinned built-in feed and schema metadata; host owns fetching.
e33c62506efcb15ae795847484357704b539bcf1	src/main/resources/threatIntelFeedInfo/feodo.yml	host storage or plugin metadata	host				Upstream administration, storage, permission, registration, timing, or configuration. Listed embedded calculations are separately mapped.
e33c62506efcb15ae795847484357704b539bcf1	src/test/java/org/opensearch/securityanalytics/DetectorThreatIntelIT.java	reference test or fixture	reference	testCreateDetectorForSigmaRuleWithNullCondition;testCreateDetectorWithThreatIntelDisabled_triggerWithRulesDetectionType_allAlertsForFindings;testCreateDetectorWithThreatIntelDisabled_triggerWithThreatIntelDetectionType_mpAlertsForFindings;testCreateDetectorWithThreatIntelDisabled_updateDetectorWithThreatIntelEnabled;testCreateDetectorWithThreatIntelEnabledAndNoRules_triggerDetectionTypeOnlyRules_noAlertsForFindings;testCreateDetectorWithThreatIntelEnabled_triggerDetectionTypeOnlyThreatIntel_allAlertsForFindings;testCreateDetectorWithThreatIntelEnabled_triggerWithBothDetectionType_allAlertsForFindings;testCreateDetectorWithThreatIntelEnabled_updateDetectorWithThreatIntelDisabled	Detector;DetectorInput;DetectorMonitorConfig;DetectorRule;DetectorTrigger;SecurityAnalyticsPlugin;SecurityAnalyticsSettings	org.apache.hc.core5.http.HttpStatus;org.junit.Assert;org.opensearch.action.search.SearchResponse;org.opensearch.client.Request;org.opensearch.client.Response;org.opensearch.core.rest.RestStatus;org.opensearch.search.SearchHit	Upstream tests/resources inform later local fixtures; no local execution proof.
e33c62506efcb15ae795847484357704b539bcf1	src/test/java/org/opensearch/securityanalytics/LogTypeServiceTests.java	reference test or fixture	reference	beforeTest;getAllLogTypes;getFieldMappingsByLogTypes;getSettings;indexFieldMappings;nodePlugins;testIndexMappings;testSetLogTypeMappingSchema	BuiltinLogTypeLoader;FieldMappingDoc;LogType;LogTypeService;SecurityAnalyticsSettings	org.junit.Before;org.mockito.Mockito.doNothing;org.mockito.Mockito.mock;org.mockito.Mockito.when;org.opensearch.action.admin.indices.refresh.RefreshRequest;org.opensearch.action.support.PlainActionFuture;org.opensearch.common.settings.Setting;org.opensearch.plugins.Plugin;org.opensearch.test.OpenSearchIntegTestCase;org.opensearch.test.transport.MockTransportService	Upstream tests/resources inform later local fixtures; no local execution proof.
e33c62506efcb15ae795847484357704b539bcf1	src/test/java/org/opensearch/securityanalytics/SecurityAnalyticsClientUtils.java	reference test or fixture	reference	executeGetMappingsRequest;executePutMappingRequest;executeSearchRequest	MapperService	org.apache.hc.core5.http.HttpStatus.SC_OK;org.opensearch.action.admin.indices.create.CreateIndexRequest.MAPPINGS;org.opensearch.action.admin.indices.mapping.get.GetMappingsResponse;org.opensearch.action.search.SearchResponse;org.opensearch.client.Request;org.opensearch.client.Response;org.opensearch.cluster.ClusterModule;org.opensearch.cluster.metadata.MappingMetadata;org.opensearch.common.xcontent.json.JsonXContent;org.opensearch.core.xcontent.DeprecationHandler;org.opensearch.core.xcontent.NamedXContentRegistry;org.opensearch.core.xcontent.XContentParser;org.opensearch.core.xcontent.XContentParserUtils;org.opensearch.index.mapper.MapperService;org.opensearch.test.rest.OpenSearchRestTestCase	Upstream tests/resources inform later local fixtures; no local execution proof.
e33c62506efcb15ae795847484357704b539bcf1	src/test/java/org/opensearch/securityanalytics/SecurityAnalyticsPluginRestApiIT.java	reference test or fixture	reference	testPluginsAreInstalled		org.junit.Assert;org.opensearch.client.Request;org.opensearch.client.Response;org.opensearch.common.xcontent.LoggingDeprecationHandler;org.opensearch.common.xcontent.json.JsonXContent;org.opensearch.core.xcontent.NamedXContentRegistry	Upstream tests/resources inform later local fixtures; no local execution proof.
e33c62506efcb15ae795847484357704b539bcf1	src/test/java/org/opensearch/securityanalytics/SecurityAnalyticsRestTestCase.java	reference test or fixture	reference	createDetector;createRuleTopicIndex;createTestAlias;deleteDetector;dumpCoverage;getAllComponentTemplates;getAllComposableIndexTemplates;getAllWorkflows;randomAliasIndices;readResource;searchCorrelatedFindings;searchWorkflow;verifyWorkflow	AlertDto;CorrelationIndices;CorrelationQuery;CorrelationQueryBuilder;CorrelationRule;CorrelationRuleTrigger;CreateIndexMappingsRequest;CustomLogType;Detector;DetectorInput;DetectorMonitorConfig;DetectorRule;DetectorTrigger;IocFinding;IocFindingService;MapperService;MappingsTraverser;Rule;RuleTopicIndices;SATIFSourceConfigDto;STIX2IOCFeedStore;SecurityAnalyticsPlugin;SecurityAnalyticsSettings;TestS3ConnectionRequest;ThreatIntelAlert;ThreatIntelFeedData;ThreatIntelFeedDataUtils;ThreatIntelMonitorDto;UpdateIndexMappingsRequest	org.apache.commons.lang3.RandomStringUtils;org.apache.hc.core5.http.ContentType;org.apache.hc.core5.http.Header;org.apache.hc.core5.http.HttpEntity;org.apache.hc.core5.http.HttpHost;org.apache.hc.core5.http.HttpStatus;org.apache.hc.core5.http.io.entity.StringEntity;org.apache.hc.core5.http.message.BasicHeader;org.junit.After;org.junit.AfterClass;org.junit.Assert;org.junit.Before;org.opensearch.action.admin.indices.create.CreateIndexRequest.MAPPINGS;org.opensearch.action.admin.indices.mapping.get.GetMappingsResponse;org.opensearch.action.search.SearchResponse;org.opensearch.client.Request;org.opensearch.client.RequestOptions;org.opensearch.client.Response;org.opensearch.client.ResponseException;org.opensearch.client.RestClient;org.opensearch.client.RestClientBuilder;org.opensearch.client.WarningsHandler;org.opensearch.cluster.ClusterModule;org.opensearch.cluster.metadata.MappingMetadata;org.opensearch.common.UUIDs;org.opensearch.common.io.PathUtils;org.opensearch.common.settings.Settings;org.opensearch.common.xcontent.XContentFactory;org.opensearch.common.xcontent.XContentType;org.opensearch.common.xcontent.json.JsonXContent;org.opensearch.commons.ConfigConstants;org.opensearch.commons.alerting.model.ScheduledJob;org.opensearch.commons.alerting.model.action.Action;org.opensearch.commons.alerting.util.IndexUtilsKt;org.opensearch.commons.rest.SecureRestClientBuilder;org.opensearch.core.common.Strings;org.opensearch.core.rest.RestStatus;org.opensearch.core.xcontent.DeprecationHandler;org.opensearch.core.xcontent.MediaType;org.opensearch.core.xcontent.MediaTypeRegistry;org.opensearch.core.xcontent.NamedXContentRegistry;org.opensearch.core.xcontent.ToXContent;org.opensearch.core.xcontent.XContentBuilder;org.opensearch.core.xcontent.XContentParser;org.opensearch.core.xcontent.XContentParserUtils;org.opensearch.index.IndexSettings;org.opensearch.index.mapper.MapperService;org.opensearch.search.SearchHit;org.opensearch.test.rest.OpenSearchRestTestCase	Upstream tests/resources inform later local fixtures; no local execution proof.
e33c62506efcb15ae795847484357704b539bcf1	src/test/java/org/opensearch/securityanalytics/TestHelpers.java	reference test or fixture	reference	adLdapLogMappings;appLogMappings;builder;cloudtrailMappings;cloudtrailOcsfMappings;countAggregationTestRule;netFlowMappings;oldThreatIntelJobMapping;parser;productIndexAvgAggRule;productIndexCountAggRule;productIndexMapping;productIndexMaxAggRule;randomAction;randomAdLdapDoc;randomAggregationRule;randomAppLogDoc;randomCloudtrailAggrDoc;randomCloudtrailAggrRule;randomCloudtrailAggrRuleWithDotFields;randomCloudtrailAggrRuleWithEcsFields;randomCloudtrailDoc;randomCloudtrailOcsfDoc;randomCloudtrailRuleForCorrelations;randomCorrelationRule;randomCorrelationRuleWithTrigger;randomCustomLogType;randomDetector;randomDetectorInput;randomDetectorRule;randomDetectorType;randomDetectorWithInputs;randomDetectorWithInputsAndThreatIntel;randomDetectorWithInputsAndThreatIntelAndTriggers;randomDetectorWithInputsAndTriggers;randomDetectorWithInputsAndTriggersAndType;randomDetectorWithNoUser;randomDetectorWithTriggers;randomDetectorWithTriggersAndScheduleAndEnabled;randomDoc;randomDocForNotCondition;randomDocOnlyNumericAndDate;randomDocOnlyNumericAndText;randomDocWithIpIoc;randomDocWithNullField;randomEditedRule;randomEditedRuleInvalidSyntax;randomIndex;randomLowerCaseString;randomLowerCaseStringList;randomNetFlowDoc;randomNetworkDoc;randomNullRule;randomProductDocument;randomProductDocumentWithTime;randomRule;randomRuleForCustomLogType;randomRuleForMappingView;randomRuleWithAlias;randomRuleWithCriticalSeverity;randomRuleWithDateKeywords;randomRuleWithErrors;randomRuleWithKeywords;randomRuleWithNotCondition;randomRuleWithNotConditionBoolAndNum;randomRuleWithRawField;randomRuleWithStringKeywords;randomS3AccessLogDoc;randomSATIFSourceConfig;randomSATIFSourceConfigDto;randomString;randomTemplateScript;randomThreatInteMonitorAction;randomThreatIntelFeedData;randomThrottle;randomUser;randomUserEmpty;randomVpcFlowDoc;s3AccessLogMappings;sumAggregationTestRule;toJsonString;toJsonStringWithUser;vpcFlowMappings;windowsIndexMapping;windowsIndexMappingOnlyNumericAndDate;windowsIndexMappingOnlyNumericAndText;xContentRegistry	CorrelationQuery;CorrelationRule;CorrelationRuleTrigger;CustomLogType;DefaultIocStoreConfig;Detector;DetectorInput;DetectorRule;DetectorTrigger;IocFinding;IocStoreConfig;RefreshType;S3Source;SATIFSourceConfig;SATIFSourceConfigDto;Source;SourceConfigType;TIFJobState;ThreatIntelAlert;ThreatIntelFeedData;Value	com.carrotsearch.randomizedtesting.generators.RandomNumbers;org.apache.lucene.tests.util.LuceneTestCase;org.opensearch.common.xcontent.LoggingDeprecationHandler;org.opensearch.common.xcontent.XContentFactory;org.opensearch.common.xcontent.XContentType;org.opensearch.commons.alerting.model.IntervalSchedule;org.opensearch.commons.alerting.model.Schedule;org.opensearch.commons.alerting.model.action.Action;org.opensearch.commons.alerting.model.action.Throttle;org.opensearch.commons.authuser.User;org.opensearch.core.common.bytes.BytesReference;org.opensearch.core.xcontent.NamedXContentRegistry;org.opensearch.core.xcontent.ToXContent;org.opensearch.core.xcontent.XContentBuilder;org.opensearch.core.xcontent.XContentParser;org.opensearch.script.Script;org.opensearch.script.ScriptType;org.opensearch.securityanalytics.commons.model.IOCType;org.opensearch.test.OpenSearchTestCase;org.opensearch.test.OpenSearchTestCase.randomInt;org.opensearch.test.rest.OpenSearchRestTestCase	Upstream tests/resources inform later local fixtures; no local execution proof.
e33c62506efcb15ae795847484357704b539bcf1	src/test/java/org/opensearch/securityanalytics/action/AckAlertsRequestTests.java	reference test or fixture	reference	testStreamInOut;testValidate	AckAlertsRequest	org.opensearch.action.ActionRequestValidationException;org.opensearch.common.io.stream.BytesStreamOutput;org.opensearch.core.common.io.stream.StreamInput;org.opensearch.test.OpenSearchTestCase	Upstream tests/resources inform later local fixtures; no local execution proof.
e33c62506efcb15ae795847484357704b539bcf1	src/test/java/org/opensearch/securityanalytics/action/AckAlertsResponseTests.java	reference test or fixture	reference	geRandomAlertDto;testStreamInOut	AckAlertsResponse;AlertDto	org.opensearch.common.io.stream.BytesStreamOutput;org.opensearch.commons.alerting.model.Alert;org.opensearch.core.common.io.stream.StreamInput;org.opensearch.test.OpenSearchTestCase	Upstream tests/resources inform later local fixtures; no local execution proof.
e33c62506efcb15ae795847484357704b539bcf1	src/test/java/org/opensearch/securityanalytics/action/CreateIndexMappingsRequestTests.java	reference test or fixture	reference	testStreamInOut;testValidate	CreateIndexMappingsRequest	org.opensearch.action.ActionRequestValidationException;org.opensearch.common.io.stream.BytesStreamOutput;org.opensearch.common.xcontent.json.JsonXContent;org.opensearch.core.common.io.stream.StreamInput;org.opensearch.core.xcontent.XContentParser;org.opensearch.test.OpenSearchTestCase	Upstream tests/resources inform later local fixtures; no local execution proof.
e33c62506efcb15ae795847484357704b539bcf1	src/test/java/org/opensearch/securityanalytics/action/GetDetectorActionTests.java	reference test or fixture	reference	testIndexDetectorActionName	GetDetectorAction	org.junit.Assert;org.opensearch.test.OpenSearchTestCase	Upstream tests/resources inform later local fixtures; no local execution proof.
e33c62506efcb15ae795847484357704b539bcf1	src/test/java/org/opensearch/securityanalytics/action/GetDetectorRequestTests.java	reference test or fixture	reference	testStreamInOut;testValidate	GetDetectorRequest	org.opensearch.action.ActionRequestValidationException;org.opensearch.common.io.stream.BytesStreamOutput;org.opensearch.core.common.io.stream.StreamInput;org.opensearch.test.OpenSearchTestCase	Upstream tests/resources inform later local fixtures; no local execution proof.
e33c62506efcb15ae795847484357704b539bcf1	src/test/java/org/opensearch/securityanalytics/action/GetIndexMappingsRequestTests.java	reference test or fixture	reference	testStreamInOut;testValidate	GetIndexMappingsRequest	org.opensearch.action.ActionRequestValidationException;org.opensearch.common.io.stream.BytesStreamOutput;org.opensearch.common.xcontent.json.JsonXContent;org.opensearch.core.common.io.stream.StreamInput;org.opensearch.core.xcontent.XContentParser;org.opensearch.test.OpenSearchTestCase	Upstream tests/resources inform later local fixtures; no local execution proof.
e33c62506efcb15ae795847484357704b539bcf1	src/test/java/org/opensearch/securityanalytics/action/GetIndexMappingsResponseTests.java	reference test or fixture	reference	createMappingsForIndex;randomFieldMapping;testStreamInOut	GetIndexMappingsResponse;MapperService	org.opensearch.cluster.metadata.MappingMetadata;org.opensearch.common.io.stream.BytesStreamOutput;org.opensearch.core.common.io.stream.StreamInput;org.opensearch.index.mapper.MapperService;org.opensearch.test.OpenSearchTestCase	Upstream tests/resources inform later local fixtures; no local execution proof.
e33c62506efcb15ae795847484357704b539bcf1	src/test/java/org/opensearch/securityanalytics/action/GetTIFSourceConfigActionTests.java	reference test or fixture	reference	testGetTIFSourceConfigActionName	SAGetTIFSourceConfigAction	org.junit.Assert;org.opensearch.test.OpenSearchTestCase	Upstream tests/resources inform later local fixtures; no local execution proof.
e33c62506efcb15ae795847484357704b539bcf1	src/test/java/org/opensearch/securityanalytics/action/GetTIFSourceConfigRequestTests.java	reference test or fixture	reference	testStreamInOut;testValidate	SAGetTIFSourceConfigRequest	org.opensearch.action.ActionRequestValidationException;org.opensearch.common.UUIDs;org.opensearch.common.io.stream.BytesStreamOutput;org.opensearch.core.common.io.stream.StreamInput;org.opensearch.test.OpenSearchTestCase	Upstream tests/resources inform later local fixtures; no local execution proof.
e33c62506efcb15ae795847484357704b539bcf1	src/test/java/org/opensearch/securityanalytics/action/GetTIFSourceConfigResponseTests.java	reference test or fixture	reference	testStreamInOut	S3Source;SAGetTIFSourceConfigResponse;SATIFSourceConfigDto;Source;SourceConfigType	org.apache.logging.log4j.LogManager;org.apache.logging.log4j.Logger;org.junit.Assert;org.opensearch.common.io.stream.BytesStreamOutput;org.opensearch.core.common.io.stream.StreamInput;org.opensearch.core.rest.RestStatus;org.opensearch.jobscheduler.spi.schedule.IntervalSchedule;org.opensearch.test.OpenSearchTestCase	Upstream tests/resources inform later local fixtures; no local execution proof.
e33c62506efcb15ae795847484357704b539bcf1	src/test/java/org/opensearch/securityanalytics/action/IndexDetectorActionTests.java	reference test or fixture	reference	testIndexDetectorActionName	IndexDetectorAction	org.junit.Assert;org.opensearch.test.OpenSearchTestCase	Upstream tests/resources inform later local fixtures; no local execution proof.
e33c62506efcb15ae795847484357704b539bcf1	src/test/java/org/opensearch/securityanalytics/action/IndexDetectorRequestTests.java	reference test or fixture	reference	testIndexDetectorPostRequest;testIndexDetectorPostRequest_2	Detector;DetectorInput;DetectorRule;IndexDetectorRequest	org.junit.Assert;org.opensearch.action.support.WriteRequest;org.opensearch.common.io.stream.BytesStreamOutput;org.opensearch.core.common.io.stream.StreamInput;org.opensearch.rest.RestRequest;org.opensearch.test.OpenSearchTestCase	Upstream tests/resources inform later local fixtures; no local execution proof.
e33c62506efcb15ae795847484357704b539bcf1	src/test/java/org/opensearch/securityanalytics/action/IndexDetectorResponseTests.java	reference test or fixture	reference	testIndexDetectorPostResponse	Detector;DetectorMonitorConfig;IndexDetectorResponse	org.junit.Assert;org.opensearch.common.io.stream.BytesStreamOutput;org.opensearch.commons.alerting.model.CronSchedule;org.opensearch.core.common.io.stream.StreamInput;org.opensearch.core.rest.RestStatus;org.opensearch.test.OpenSearchTestCase	Upstream tests/resources inform later local fixtures; no local execution proof.
e33c62506efcb15ae795847484357704b539bcf1	src/test/java/org/opensearch/securityanalytics/action/IndexTIFSourceConfigActionTests.java	reference test or fixture	reference	testIndexTIFSourceConfigActionName;testPrepareRequest_blockUrlDownloadCreate	RestIndexTIFSourceConfigAction;SAIndexTIFSourceConfigAction;SecurityAnalyticsPlugin	org.junit.Assert;org.junit.Test;org.mockito.Mockito.mock;org.mockito.Mockito.verifyNoInteractions;org.opensearch.core.rest.RestStatus;org.opensearch.rest.RestRequest;org.opensearch.test.OpenSearchTestCase;org.opensearch.test.rest.FakeRestChannel;org.opensearch.test.rest.FakeRestRequest;org.opensearch.transport.client.node.NodeClient	Upstream tests/resources inform later local fixtures; no local execution proof.
e33c62506efcb15ae795847484357704b539bcf1	src/test/java/org/opensearch/securityanalytics/action/IndexTIFSourceConfigRequestTests.java	reference test or fixture	reference	testTIFSourceConfigPostRequest;testValidateSourceConfigPostRequest	SAIndexTIFSourceConfigRequest;SATIFSourceConfigDto;Source	org.junit.Assert;org.opensearch.action.ActionRequestValidationException;org.opensearch.common.io.stream.BytesStreamOutput;org.opensearch.core.common.io.stream.StreamInput;org.opensearch.rest.RestRequest;org.opensearch.test.OpenSearchTestCase	Upstream tests/resources inform later local fixtures; no local execution proof.
e33c62506efcb15ae795847484357704b539bcf1	src/test/java/org/opensearch/securityanalytics/action/IndexTIFSourceConfigResponseTests.java	reference test or fixture	reference	testIndexTIFSourceConfigPostResponse	S3Source;SAIndexTIFSourceConfigResponse;SATIFSourceConfigDto;Source;SourceConfigType	org.apache.logging.log4j.LogManager;org.apache.logging.log4j.Logger;org.junit.Assert;org.opensearch.common.io.stream.BytesStreamOutput;org.opensearch.core.common.io.stream.StreamInput;org.opensearch.core.rest.RestStatus;org.opensearch.jobscheduler.spi.schedule.IntervalSchedule;org.opensearch.test.OpenSearchTestCase	Upstream tests/resources inform later local fixtures; no local execution proof.
e33c62506efcb15ae795847484357704b539bcf1	src/test/java/org/opensearch/securityanalytics/action/UpdateIndexMappingsRequestTests.java	reference test or fixture	reference	testStreamInOut;testValidate	UpdateIndexMappingsRequest	org.opensearch.action.ActionRequestValidationException;org.opensearch.common.io.stream.BytesStreamOutput;org.opensearch.common.xcontent.json.JsonXContent;org.opensearch.core.common.io.stream.StreamInput;org.opensearch.core.xcontent.XContentParser;org.opensearch.test.OpenSearchTestCase	Upstream tests/resources inform later local fixtures; no local execution proof.
e33c62506efcb15ae795847484357704b539bcf1	src/test/java/org/opensearch/securityanalytics/action/ValidateRulesRequestTests.java	reference test or fixture	reference	testValidateRulesRequest_parseXContent;testValidateRulesRequest_streams	ValidateRulesRequest	org.junit.Assert;org.opensearch.action.support.WriteRequest;org.opensearch.common.io.stream.BytesStreamOutput;org.opensearch.common.xcontent.json.JsonXContent;org.opensearch.core.common.io.stream.StreamInput;org.opensearch.core.xcontent.XContentParser;org.opensearch.core.xcontent.XContentParserUtils;org.opensearch.rest.RestRequest;org.opensearch.test.OpenSearchTestCase	Upstream tests/resources inform later local fixtures; no local execution proof.
e33c62506efcb15ae795847484357704b539bcf1	src/test/java/org/opensearch/securityanalytics/action/ValidateRulesResponseTests.java	reference test or fixture	reference	testValidateRulesResponse_parseXContent;testValidateRulesResponse_streams	ValidateRulesRequest;ValidateRulesResponse	org.junit.Assert;org.opensearch.common.io.stream.BytesStreamOutput;org.opensearch.common.xcontent.XContentFactory;org.opensearch.common.xcontent.json.JsonXContent;org.opensearch.core.common.bytes.BytesReference;org.opensearch.core.common.io.stream.StreamInput;org.opensearch.core.xcontent.ToXContent;org.opensearch.core.xcontent.XContentParser;org.opensearch.core.xcontent.XContentParserUtils;org.opensearch.test.OpenSearchTestCase	Upstream tests/resources inform later local fixtures; no local execution proof.
e33c62506efcb15ae795847484357704b539bcf1	src/test/java/org/opensearch/securityanalytics/alerts/AlertingServiceTests.java	reference test or fixture	reference	onFailure;onResponse;testGetAlerts_success;testGetFindings_getDetectorFailure;testGetFindings_getFindingsByMonitorIdFailures	AlertDto;AlertsService;Detector;DetectorMonitorConfig;GetAlertsResponse;GetDetectorAction;GetDetectorRequest;GetDetectorResponse;TransportIndexDetectorAction	org.mockito.ArgumentMatchers.any;org.mockito.ArgumentMatchers.anyString;org.mockito.ArgumentMatchers.eq;org.mockito.Mockito.doAnswer;org.mockito.Mockito.mock;org.mockito.Mockito.spy;org.opensearch.commons.alerting.model.Alert;org.opensearch.commons.alerting.model.CronSchedule;org.opensearch.commons.alerting.model.DataSources;org.opensearch.commons.alerting.model.DocumentLevelTrigger;org.opensearch.commons.alerting.model.Monitor;org.opensearch.commons.alerting.model.Table;org.opensearch.core.action.ActionListener;org.opensearch.core.rest.RestStatus;org.opensearch.script.Script;org.opensearch.test.OpenSearchTestCase;org.opensearch.transport.client.Client	Upstream tests/resources inform later local fixtures; no local execution proof.
e33c62506efcb15ae795847484357704b539bcf1	src/test/java/org/opensearch/securityanalytics/alerts/AlertsIT.java	reference test or fixture	reference	testAckAlertsWithInvalidDetector;testAckAlerts_WithInvalidDetectorAlertsCombination;testAlertHistoryRollover_maxAge;testAlertHistoryRollover_maxAge_low_retention;testAlertHistoryRollover_maxDocs;testGetAlertsByStartTimeAndEndTimeSuccess;testGetAlertsFromAllIndices;testGetAlerts_byDetectorType_multipleDetectors_success;testGetAlerts_byDetectorType_success;testGetAlerts_noDetector_failure;testGetAlerts_success;testMultipleAggregationAndDocRules_alertSuccess;test_detectorWith1AggRuleAndTriggeronRule_updateWithSecondAggRule	AlertDto;Detector;DetectorInput;DetectorMonitorConfig;DetectorRule;DetectorTrigger;SecurityAnalyticsPlugin;SecurityAnalyticsSettings	org.apache.hc.core5.http.HttpStatus;org.apache.hc.core5.http.io.entity.StringEntity;org.apache.hc.core5.http.message.BasicHeader;org.junit.Assert;org.junit.Ignore;org.opensearch.action.search.SearchResponse;org.opensearch.client.Request;org.opensearch.client.Response;org.opensearch.client.ResponseException;org.opensearch.commons.alerting.model.action.Action;org.opensearch.core.rest.RestStatus;org.opensearch.search.SearchHit;org.opensearch.test.rest.OpenSearchRestTestCase	Upstream tests/resources inform later local fixtures; no local execution proof.
e33c62506efcb15ae795847484357704b539bcf1	src/test/java/org/opensearch/securityanalytics/alerts/SecureAlertsRestApiIT.java	reference test or fixture	reference	cleanup;create;testGetAlerts_byDetectorId_success;testGetAlerts_byDetectorType_success	Detector;DetectorInput;DetectorMonitorConfig;DetectorRule;DetectorTrigger;SecurityAnalyticsPlugin	org.apache.hc.core5.http.HttpHost;org.apache.hc.core5.http.HttpStatus;org.apache.hc.core5.http.io.entity.StringEntity;org.apache.hc.core5.http.message.BasicHeader;org.junit.After;org.junit.Assert;org.junit.Before;org.opensearch.client.Request;org.opensearch.client.Response;org.opensearch.client.ResponseException;org.opensearch.client.RestClient;org.opensearch.commons.alerting.model.action.Action;org.opensearch.commons.rest.SecureRestClientBuilder;org.opensearch.core.rest.RestStatus;org.opensearch.search.SearchHit	Upstream tests/resources inform later local fixtures; no local execution proof.
e33c62506efcb15ae795847484357704b539bcf1	src/test/java/org/opensearch/securityanalytics/correlation/CorrelationEngineRestApiIT.java	reference test or fixture	reference	getAsBoolean;testBasicCorrelationEngineWorkflow;testBasicCorrelationEngineWorkflowWithCustomLogTypes;testBasicCorrelationEngineWorkflowWithFieldBasedRules;testBasicCorrelationEngineWorkflowWithFieldBasedRulesAndDynamicTimeWindow;testBasicCorrelationEngineWorkflowWithFieldBasedRulesOnMultipleLogTypes;testBasicCorrelationEngineWorkflowWithIndexPatterns;testBasicCorrelationEngineWorkflowWithRolloverByMaxAge;testBasicCorrelationEngineWorkflowWithRolloverByMaxDoc;testBasicCorrelationEngineWorkflowWithRolloverByMaxDocAndShortRetention;testBasicCorrelationEngineWorkflowWithoutRules;testListCorrelationsWorkflow	CustomLogType;Detector;DetectorInput;DetectorRule;DetectorTrigger;SecurityAnalyticsPlugin;SecurityAnalyticsSettings	org.apache.hc.core5.http.HttpStatus;org.apache.hc.core5.http.io.entity.StringEntity;org.apache.hc.core5.http.message.BasicHeader;org.junit.Assert;org.opensearch.client.Request;org.opensearch.client.Response;org.opensearch.core.rest.RestStatus;org.opensearch.search.SearchHit;org.opensearch.test.rest.OpenSearchRestTestCase	Upstream tests/resources inform later local fixtures; no local execution proof.
e33c62506efcb15ae795847484357704b539bcf1	src/test/java/org/opensearch/securityanalytics/correlation/CorrelationEngineRuleRestApiIT.java	reference test or fixture	reference	testCreateCorrelationRule;testCreateCorrelationRuleWithInvalidName;testDeleteCorrelationRule;testSearchCorrelationRule;testSearchCorrelationRuleWithTrigger;testUpdateCorrelationRule	CorrelationRule;SecurityAnalyticsPlugin	org.apache.hc.core5.http.io.entity.StringEntity;org.apache.hc.core5.http.message.BasicHeader;org.junit.Assert;org.opensearch.client.Response;org.opensearch.client.ResponseException	Upstream tests/resources inform later local fixtures; no local execution proof.
e33c62506efcb15ae795847484357704b539bcf1	src/test/java/org/opensearch/securityanalytics/correlation/LuceneEngineIT.java	reference test or fixture	reference	testQuery	CorrelationConstants;CorrelationParamsContext;CorrelationQueryBuilder	org.apache.lucene.index.VectorSimilarityFunction;org.junit.Assert;org.opensearch.client.Response;org.opensearch.common.xcontent.XContentFactory;org.opensearch.core.common.Strings;org.opensearch.core.xcontent.XContentBuilder	Upstream tests/resources inform later local fixtures; no local execution proof.
e33c62506efcb15ae795847484357704b539bcf1	src/test/java/org/opensearch/securityanalytics/correlation/alerts/CorrelationAlertServiceTests.java	reference test or fixture	reference	onFailure;onResponse;testGetActiveAlerts	CorrelationAlertService;CorrelationAlertsList	org.mockito.Mockito.mock;org.mockito.Mockito.spy;org.opensearch.commons.alerting.model.Alert;org.opensearch.commons.alerting.model.CorrelationAlert;org.opensearch.core.action.ActionListener;org.opensearch.core.xcontent.NamedXContentRegistry;org.opensearch.test.OpenSearchTestCase;org.opensearch.transport.client.Client	Upstream tests/resources inform later local fixtures; no local execution proof.
e33c62506efcb15ae795847484357704b539bcf1	src/test/java/org/opensearch/securityanalytics/correlation/alerts/CorrelationAlertsRestApiIT.java	reference test or fixture	reference	testGetCorrelationAlertsAPI;testGetCorrelationAlertsAcknowledgeAPI;testGetCorrelationAlertsByRuleIdAPI	Detector;DetectorInput;DetectorRule;DetectorTrigger;SecurityAnalyticsPlugin	org.apache.hc.core5.http.io.entity.StringEntity;org.apache.hc.core5.http.message.BasicHeader;org.junit.Assert;org.opensearch.client.Request;org.opensearch.client.Response;org.opensearch.commons.alerting.model.CorrelationAlert;org.opensearch.core.rest.RestStatus;org.opensearch.search.SearchHit;org.opensearch.test.rest.OpenSearchRestTestCase	Upstream tests/resources inform later local fixtures; no local execution proof.
e33c62506efcb15ae795847484357704b539bcf1	src/test/java/org/opensearch/securityanalytics/findings/FindingDtoTests.java	reference test or fixture	reference	testFindingDTO_creation	FindingDto	org.opensearch.commons.alerting.model.DocLevelQuery;org.opensearch.commons.alerting.model.FindingDocument;org.opensearch.test.OpenSearchTestCase	Upstream tests/resources inform later local fixtures; no local execution proof.
e33c62506efcb15ae795847484357704b539bcf1	src/test/java/org/opensearch/securityanalytics/findings/FindingIT.java	reference test or fixture	reference	testCreateDetectorWithNotCondition_verifyFindingsAndNoFindings_success;testCreateDetectorWithNotCondition_verifyFindings_success;testCreateDetectorWithNotCondition_verifyFindings_success_boolAndNum;testGetAllFindings_success;testGetFindings_byDetectionType_success;testGetFindings_byDetectorId_success;testGetFindings_byDetectorType_oneDetector_success;testGetFindings_byDetectorType_success;testGetFindings_bySearchString_success;testGetFindings_bySeverity_success;testGetFindings_byStartTimeAndEndTime_success;testGetFindings_noDetector_failure;testGetFindings_rolloverByMaxAge_success;testGetFindings_rolloverByMaxDoc_short_retention_success;testGetFindings_rolloverByMaxDoc_success	Detector;DetectorInput;DetectorMonitorConfig;DetectorRule;DetectorTrigger;SecurityAnalyticsPlugin;SecurityAnalyticsSettings	org.apache.hc.core5.http.HttpHost;org.apache.hc.core5.http.HttpStatus;org.junit.Assert;org.junit.Ignore;org.opensearch.action.search.SearchResponse;org.opensearch.client.Request;org.opensearch.client.Response;org.opensearch.client.ResponseException;org.opensearch.client.RestClient;org.opensearch.commons.alerting.model.Monitor;org.opensearch.commons.rest.SecureRestClientBuilder;org.opensearch.core.rest.RestStatus;org.opensearch.search.SearchHit	Upstream tests/resources inform later local fixtures; no local execution proof.
e33c62506efcb15ae795847484357704b539bcf1	src/test/java/org/opensearch/securityanalytics/findings/FindingServiceTests.java	reference test or fixture	reference	onFailure;onResponse;testGetFindings_getDetectorFailure;testGetFindings_getFindingsByMonitorIdFailure;testGetFindings_success	Detector;DetectorMonitorConfig;FindingDto;FindingsService;GetDetectorAction;GetDetectorRequest;GetDetectorResponse;GetFindingsResponse	org.mockito.ArgumentMatchers.any;org.mockito.ArgumentMatchers.anyString;org.mockito.ArgumentMatchers.eq;org.mockito.Mockito.doAnswer;org.mockito.Mockito.mock;org.mockito.Mockito.spy;org.mockito.Mockito.when;org.opensearch.commons.alerting.model.CronSchedule;org.opensearch.commons.alerting.model.DocLevelQuery;org.opensearch.commons.alerting.model.Finding;org.opensearch.commons.alerting.model.FindingDocument;org.opensearch.commons.alerting.model.Table;org.opensearch.core.action.ActionListener;org.opensearch.core.rest.RestStatus;org.opensearch.test.OpenSearchTestCase;org.opensearch.transport.client.Client;org.opensearch.transport.client.node.NodeClient	Upstream tests/resources inform later local fixtures; no local execution proof.
e33c62506efcb15ae795847484357704b539bcf1	src/test/java/org/opensearch/securityanalytics/findings/SecureFindingRestApiIT.java	reference test or fixture	reference	cleanup;create;testGetFindings_byDetectorId_success;testGetFindings_byDetectorType_success	Detector;DetectorInput;DetectorRule;DetectorTrigger;SecurityAnalyticsPlugin	org.apache.hc.core5.http.HttpHost;org.apache.hc.core5.http.HttpStatus;org.junit.After;org.junit.Assert;org.junit.Before;org.opensearch.client.Request;org.opensearch.client.Response;org.opensearch.client.ResponseException;org.opensearch.client.RestClient;org.opensearch.commons.rest.SecureRestClientBuilder;org.opensearch.core.rest.RestStatus;org.opensearch.search.SearchHit	Upstream tests/resources inform later local fixtures; no local execution proof.
e33c62506efcb15ae795847484357704b539bcf1	src/test/java/org/opensearch/securityanalytics/mapper/MapperRestApiIT.java	reference test or fixture	reference	createSampleDatastream;createSampleIndex;createSampleWindex;deleteDatastream;onError;onLeafVisited;recurProps;testADLDAPMappings;testAzureMappings;testCloudtrailMappings;testCreateDNSMapping;testCreateIndexMappingsIndexMappingsEmpty;testCreateMappingSuccess;testCreateMappingWithAliasesSuccess;testCreateMappings_withDatastream_success;testCreateMappings_withDatastream_withTemplateField_success;testCreateMappings_withIndexPattern_conflictingTemplates_failure_1;testCreateMappings_withIndexPattern_conflictingTemplates_failure_2;testCreateMappings_withIndexPattern_conflictingTemplates_success;testCreateMappings_withIndexPattern_differentMappings_indexTemplateCleanup_success;testCreateMappings_withIndexPattern_existing_indexTemplate_update_success;testCreateMappings_withIndexPattern_indexTemplate_createAndUpdate_success;testCreateMappings_withIndexPattern_oneNoMappings_failure;testCreateMappings_withIndexPattern_oneNoMatches_success;testCreateMappings_withIndexPattern_success;testExistingMappingsAreUntouched;testGetMappingSuccess;testGetMappingSuccess_1;testGetMappingsViewLinuxSuccess;testGetMappingsViewMulitpleRawFieldsSuccess;testGetMappingsViewSuccess;testGetMappingsViewWindowsSuccess;testGetMappingsView_alias_with_writeindex_Success;testGetMappingsView_alias_without_writeindex_Success;testGetMappingsView_datastream_one_backing_index_Success;testGetMappingsView_datastream_two_backing_index_Success;testGetMappingsView_index_pattern_two_indices_Success;testGetMappings_emptyIndex_Success;testIndexNotExists;testReadResource;testS3Mappings;testTraverseAndCopy;testUpdateAndGetMappingSuccess;testUpdateAndGetMapping_notFound_Success;testWAFMappings	Detector;DetectorInput;DetectorRule;GetMappingsViewResponse;IndexTemplateUtils;MappingsTraverser;SecurityAnalyticsPlugin	org.apache.hc.core5.http.HttpStatus;org.apache.hc.core5.http.io.entity.StringEntity;org.apache.hc.core5.http.message.BasicHeader;org.junit.Assert;org.opensearch.action.admin.indices.mapping.get.GetMappingsResponse;org.opensearch.action.search.SearchResponse;org.opensearch.client.Request;org.opensearch.client.Response;org.opensearch.client.ResponseException;org.opensearch.common.settings.Settings;org.opensearch.common.xcontent.json.JsonXContent;org.opensearch.core.xcontent.DeprecationHandler;org.opensearch.core.xcontent.MediaTypeRegistry;org.opensearch.core.xcontent.NamedXContentRegistry;org.opensearch.core.xcontent.XContentParser;org.opensearch.search.SearchHit;org.opensearch.test.OpenSearchTestCase	Upstream tests/resources inform later local fixtures; no local execution proof.
e33c62506efcb15ae795847484357704b539bcf1	src/test/java/org/opensearch/securityanalytics/mapper/MapperServiceTests.java	reference test or fixture	reference		GetMappingsViewResponse;SecurityAnalyticsException	org.mockito.Mockito.any;org.mockito.Mockito.doAnswer;org.mockito.Mockito.mock;org.mockito.Mockito.spy;org.opensearch.action.admin.indices.mapping.get.GetMappingsRequest;org.opensearch.action.admin.indices.mapping.get.GetMappingsResponse;org.opensearch.cluster.metadata.MappingMetadata;org.opensearch.core.action.ActionListener;org.opensearch.test.OpenSearchTestCase	Upstream tests/resources inform later local fixtures; no local execution proof.
e33c62506efcb15ae795847484357704b539bcf1	src/test/java/org/opensearch/securityanalytics/mapper/MapperUtilsTests.java	reference test or fixture	reference		MapperService	com.fasterxml.jackson.core.JsonParseException;org.opensearch.cluster.metadata.MappingMetadata;org.opensearch.index.mapper.MapperService;org.opensearch.test.OpenSearchTestCase	Upstream tests/resources inform later local fixtures; no local execution proof.
e33c62506efcb15ae795847484357704b539bcf1	src/test/java/org/opensearch/securityanalytics/mapper/MappingsTraverserTests.java	reference test or fixture	reference	onError;onLeafVisited;testTraverseAndCopyAsFlatValidNestedMappingsWithTypeFilter;testTraverseAndCopyValidMappingsWithTypeFilter;testTraverseAndCopyValidNestedMappings;testTraverseEmptyMappings;testTraverseInvalidMappings;testTraverseValidMappings;testTraverseValidMappingsWithTypeFilter	MapperService;MappingsTraverser	org.opensearch.cluster.metadata.MappingMetadata;org.opensearch.index.mapper.MapperService;org.opensearch.test.OpenSearchTestCase	Upstream tests/resources inform later local fixtures; no local execution proof.
e33c62506efcb15ae795847484357704b539bcf1	src/test/java/org/opensearch/securityanalytics/mapper/action/mapping/CreateIndexMappingsRequestTests.java	reference test or fixture	reference	testParse;testStreamInOut;testValidate	CreateIndexMappingsRequest	org.opensearch.action.ActionRequestValidationException;org.opensearch.common.io.stream.BytesStreamOutput;org.opensearch.common.xcontent.json.JsonXContent;org.opensearch.core.common.io.stream.StreamInput;org.opensearch.core.xcontent.XContentParser;org.opensearch.test.OpenSearchTestCase	Upstream tests/resources inform later local fixtures; no local execution proof.
e33c62506efcb15ae795847484357704b539bcf1	src/test/java/org/opensearch/securityanalytics/mapper/action/mapping/GetIndexMappingsRequestTests.java	reference test or fixture	reference	testParse;testStreamInOut;testValidate	GetIndexMappingsRequest	org.opensearch.action.ActionRequestValidationException;org.opensearch.common.io.stream.BytesStreamOutput;org.opensearch.common.xcontent.json.JsonXContent;org.opensearch.core.common.io.stream.StreamInput;org.opensearch.core.xcontent.XContentParser;org.opensearch.test.OpenSearchTestCase	Upstream tests/resources inform later local fixtures; no local execution proof.
e33c62506efcb15ae795847484357704b539bcf1	src/test/java/org/opensearch/securityanalytics/mapper/action/mapping/GetIndexMappingsResponseTests.java	reference test or fixture	reference	createMappingsForIndex;randomFieldMapping;testStreamInOut	GetIndexMappingsResponse;MapperService	org.opensearch.cluster.metadata.MappingMetadata;org.opensearch.common.io.stream.BytesStreamOutput;org.opensearch.core.common.io.stream.StreamInput;org.opensearch.index.mapper.MapperService;org.opensearch.test.OpenSearchTestCase	Upstream tests/resources inform later local fixtures; no local execution proof.
e33c62506efcb15ae795847484357704b539bcf1	src/test/java/org/opensearch/securityanalytics/mapper/action/mapping/UpdateIndexMappingsRequestTests.java	reference test or fixture	reference	testParse;testStreamInOut;testValidate	UpdateIndexMappingsRequest	org.opensearch.action.ActionRequestValidationException;org.opensearch.common.io.stream.BytesStreamOutput;org.opensearch.common.xcontent.json.JsonXContent;org.opensearch.core.common.io.stream.StreamInput;org.opensearch.core.xcontent.XContentParser;org.opensearch.test.OpenSearchTestCase	Upstream tests/resources inform later local fixtures; no local execution proof.
e33c62506efcb15ae795847484357704b539bcf1	src/test/java/org/opensearch/securityanalytics/model/DetailedSTIX2IOCDtoTests.java	reference test or fixture	reference	testAsStream;testParseFunction	DetailedSTIX2IOCDto	org.opensearch.common.io.stream.BytesStreamOutput;org.opensearch.core.common.io.stream.StreamInput;org.opensearch.test.OpenSearchTestCase	Upstream tests/resources inform later local fixtures; no local execution proof.
e33c62506efcb15ae795847484357704b539bcf1	src/test/java/org/opensearch/securityanalytics/model/DetectorInputTests.java	reference test or fixture	reference	testDetectorInputAsTemplateArgs;testDetectorRuleAsTemplateArgs	DetectorInput;DetectorRule	org.junit.Assert;org.opensearch.common.xcontent.XContentType;org.opensearch.core.common.bytes.BytesReference;org.opensearch.core.xcontent.ToXContent;org.opensearch.core.xcontent.XContentBuilder;org.opensearch.test.OpenSearchTestCase	Upstream tests/resources inform later local fixtures; no local execution proof.
e33c62506efcb15ae795847484357704b539bcf1	src/test/java/org/opensearch/securityanalytics/model/IocFindingTests.java	reference test or fixture	reference	getParser;getRandomIoCMatch;testIoCMatchAsAStream;testIoCMatchParse	IocFinding;IocWithFeeds	org.opensearch.common.io.stream.BytesStreamOutput;org.opensearch.common.xcontent.LoggingDeprecationHandler;org.opensearch.common.xcontent.XContentType;org.opensearch.core.common.io.stream.StreamInput;org.opensearch.core.xcontent.XContentParser;org.opensearch.test.OpenSearchTestCase	Upstream tests/resources inform later local fixtures; no local execution proof.
e33c62506efcb15ae795847484357704b539bcf1	src/test/java/org/opensearch/securityanalytics/model/SATIFSourceConfigDtoTests.java	reference test or fixture	reference	assertEqualsSaTifSourceConfigDtos;getParser;testAsStream;testParseFunction;testParseFunctionWithNullValues;toJsonString	S3Source;SATIFSourceConfigDto;SourceConfigType	org.opensearch.common.io.stream.BytesStreamOutput;org.opensearch.common.xcontent.LoggingDeprecationHandler;org.opensearch.common.xcontent.XContentFactory;org.opensearch.common.xcontent.XContentType;org.opensearch.core.common.bytes.BytesReference;org.opensearch.core.common.io.stream.StreamInput;org.opensearch.core.xcontent.ToXContent;org.opensearch.core.xcontent.XContentBuilder;org.opensearch.core.xcontent.XContentParser;org.opensearch.jobscheduler.spi.schedule.IntervalSchedule;org.opensearch.test.OpenSearchTestCase	Upstream tests/resources inform later local fixtures; no local execution proof.
e33c62506efcb15ae795847484357704b539bcf1	src/test/java/org/opensearch/securityanalytics/model/SATIFSourceConfigTests.java	reference test or fixture	reference	assertEqualsSaTifSourceConfigs;getParser;testAsStream;testParseFunction;testParseFunctionWithNullValues;toJsonString	DefaultIocStoreConfig;S3Source;SATIFSourceConfig;SourceConfigType	org.opensearch.common.io.stream.BytesStreamOutput;org.opensearch.common.xcontent.LoggingDeprecationHandler;org.opensearch.common.xcontent.XContentFactory;org.opensearch.common.xcontent.XContentType;org.opensearch.core.common.bytes.BytesReference;org.opensearch.core.common.io.stream.StreamInput;org.opensearch.core.xcontent.ToXContent;org.opensearch.core.xcontent.XContentBuilder;org.opensearch.core.xcontent.XContentParser;org.opensearch.jobscheduler.spi.schedule.IntervalSchedule;org.opensearch.securityanalytics.commons.model.IOCType;org.opensearch.test.OpenSearchTestCase	Upstream tests/resources inform later local fixtures; no local execution proof.
e33c62506efcb15ae795847484357704b539bcf1	src/test/java/org/opensearch/securityanalytics/model/STIX2IOCDtoTests.java	reference test or fixture	reference	testAsStream;testParseFunction;testParseFunction_customType	STIX2IOCDto	org.opensearch.common.io.stream.BytesStreamOutput;org.opensearch.core.common.io.stream.StreamInput;org.opensearch.securityanalytics.commons.model.IOCType;org.opensearch.test.OpenSearchTestCase	Upstream tests/resources inform later local fixtures; no local execution proof.
e33c62506efcb15ae795847484357704b539bcf1	src/test/java/org/opensearch/securityanalytics/model/STIX2IOCTests.java	reference test or fixture	reference	testAsStream;testParseFunction;testParseFunction_customType	STIX2IOC;SecurityAnalyticsException	org.opensearch.common.io.stream.BytesStreamOutput;org.opensearch.core.common.io.stream.StreamInput;org.opensearch.core.rest.RestStatus;org.opensearch.securityanalytics.commons.model.IOCType;org.opensearch.test.OpenSearchTestCase	Upstream tests/resources inform later local fixtures; no local execution proof.
e33c62506efcb15ae795847484357704b539bcf1	src/test/java/org/opensearch/securityanalytics/model/WriteableTests.java	reference test or fixture	reference	testDetector;testDetectorAsAStream;testEmptyUserAsStream;testLogTypeAsStreamFull;testLogTypeAsStreamNoMappings;testLogTypeAsStreamRawFieldOnly;testUserAsStream	Detector;DetectorInput;LogType	org.junit.Assert;org.opensearch.common.io.stream.BytesStreamOutput;org.opensearch.commons.authuser.User;org.opensearch.core.common.io.stream.StreamInput;org.opensearch.test.OpenSearchTestCase	Upstream tests/resources inform later local fixtures; no local execution proof.
e33c62506efcb15ae795847484357704b539bcf1	src/test/java/org/opensearch/securityanalytics/model/XContentTests.java	reference test or fixture	reference	testDetectorParsing;testDetectorParsingWithNoName;testDetectorParsingWithNoSchedule;testDetectorParsingWithNoUser;testEmptyUserParsing;testThreatIntelFeedParsing;testUserParsing	Detector;ThreatIntelFeedData	org.junit.Assert;org.opensearch.commons.authuser.User;org.opensearch.core.common.bytes.BytesReference;org.opensearch.core.xcontent.ToXContent;org.opensearch.test.OpenSearchTestCase	Upstream tests/resources inform later local fixtures; no local execution proof.
e33c62506efcb15ae795847484357704b539bcf1	src/test/java/org/opensearch/securityanalytics/model/threatintel/ThreatIntelAlertTests.java	reference test or fixture	reference	asserts;getParser;getRandomAlert;testAlertAsStream;testThreatIntelAlertParse	ThreatIntelAlert	org.opensearch.common.io.stream.BytesStreamOutput;org.opensearch.common.xcontent.LoggingDeprecationHandler;org.opensearch.common.xcontent.XContentType;org.opensearch.commons.alerting.model.Alert;org.opensearch.commons.authuser.User;org.opensearch.core.common.io.stream.StreamInput;org.opensearch.core.xcontent.XContentParser;org.opensearch.test.OpenSearchTestCase	Upstream tests/resources inform later local fixtures; no local execution proof.
e33c62506efcb15ae795847484357704b539bcf1	src/test/java/org/opensearch/securityanalytics/resthandler/CustomLogTypeRestApiIT.java	reference test or fixture	reference	testCreateACustomLogType;testCreateACustomLogTypeInvalidCategory;testCreateACustomLogTypeWithMappings;testCreateMultipleLogTypes;testDeleteCustomLogType;testDeleteCustomLogTypeFailsAsDetectorExist;testDeleteCustomLogTypeFailsAsRulesExist;testDeleteCustomLogTypeWithDetectorIndexMissing;testDeleteCustomLogTypeWithRuleIndexMissing;testDeleteCustomLogTypeWithoutDetectors;testEditACustomLogTypeCategory;testEditACustomLogTypeDescription;testEditACustomLogTypeName;testEditACustomLogTypeNameFailsAsCustomRuleExist;testEditACustomLogTypeNameFailsAsDetectorExist;testEditACustomLogTypeNameWhenCustomRuleIndexMissing;testEditACustomLogTypeNameWhenDetectorIndexMissing;testEditACustomLogTypeWithoutDetectors;testGetMappingsView;testLogTypeNamesAlwaysLowercase;testMultipleLogTypesCannotBeCreatedWithSameName;testMultipleLogTypesUpdateFieldMappings;testSearchLogTypes;testSearchLogTypesByCategory	CustomLogType;Detector;DetectorInput;DetectorRule;LogTypeService;Rule;SecurityAnalyticsPlugin	org.apache.hc.core5.http.HttpStatus;org.apache.hc.core5.http.io.entity.StringEntity;org.apache.hc.core5.http.message.BasicHeader;org.junit.Assert;org.opensearch.action.admin.indices.refresh.RefreshRequest;org.opensearch.client.Request;org.opensearch.client.Response;org.opensearch.client.ResponseException;org.opensearch.core.rest.RestStatus;org.opensearch.search.SearchHit	Upstream tests/resources inform later local fixtures; no local execution proof.
e33c62506efcb15ae795847484357704b539bcf1	src/test/java/org/opensearch/securityanalytics/resthandler/CustomSchemaSourceConfigIocUploadIT.java	reference test or fixture	reference	getSaTifSourceConfigDto;testCustomSchemaIocUpload1;testCustomSchemaIocUploadWithInvalidJson_Failure;testCustomSchemaIocUploadWithLegalJsonPathForTypeButPointingToJson;testCustomSchemaIocUploadWithLegalJsonPathForValueButPointingToJson;testCustomSchemaIocUploadWithMissingIocTypeStringAndSingleIocValue_Failure;testCustomSchemaIocUploadWithMissingIocValueStringAndSingleIocType_Failure;testCustomSchemaIocUploadWithMultipleTuplesOfIocTypeValue_MixOfValueArrayAndStrings_success;testCustomSchemaIocUploadWithMultiptleTuplesOfIocTypeValue_InvalidIocTypes_success;testCustomSchemaIocUploadWithMultiptleTuplesOfIocTypeValue_PartialNulls_success;testCustomSchemaIocUploadWithSingleIocTypeStringAndSingleIocValueArray_Success;testCustomSchemaIocUploadWithSingleton_success	CustomSchemaIocUploadSource;DetailedSTIX2IOCDto;JsonPathIocSchema;JsonPathSchemaField;ListIOCsActionResponse;SATIFSourceConfigDto;STIX2IOC;SecurityAnalyticsPlugin;SourceConfigType	org.junit.Assert;org.opensearch.client.Response;org.opensearch.core.rest.RestStatus;org.opensearch.securityanalytics.commons.model.IOCType	Upstream tests/resources inform later local fixtures; no local execution proof.
e33c62506efcb15ae795847484357704b539bcf1	src/test/java/org/opensearch/securityanalytics/resthandler/DetectorMonitorRestApiIT.java	reference test or fixture	reference	assertRuleMonitorFinding;testAddNewAggregationRule_verifyFindings_success;testCreateDetectorWithCloudtrailAggrRule;testCreateDetectorWithCloudtrailAggrRuleWithDotFields;testCreateDetectorWithCloudtrailAggrRuleWithEcsFields;testCreateDetectorWithCloudtrailAggrRuleWithRolloverIndexAliases;testCreateDetectorWithKeywordsRule_ensureNoFindingsWithoutDateMapping_success;testCreateDetectorWithKeywordsRule_ensureNoFindingsWithoutTextMapping_success;testCreateDetectorWithKeywordsRule_verifyFindings_success;testCreateDetector_verifyWorkflowCreation_success_WithGroupByRulesInTrigger;testCreateDetector_verifyWorkflowCreation_success_WithoutGroupByRulesInTrigger;testCreateDetector_verifyWorkflowExecutionBucketLevelDocLevelMonitors_success;testCreateDetector_verifyWorkflowExecutionMultipleBucketLevelDocLevelMonitors_success_WithBucketLevelTriggersOnRuleIds;testCreateDetector_workflowWithDuplicateMonitor_failure;testDeleteAggregationRule_verifyFindings_success;testMinAggregationRule_findingSuccess;testMultipleAggregationAndDocRules_findingSuccess;testRemoveAllRulesAndUpdateDetector_success;testRemoveDocLevelRuleAddAggregationRules_verifyFindings_success;testReplaceAggregationRuleWithDocRule_verifyFindings_success;testReplaceAggregationRule_verifyFindings_success;testUpdateDetector_disabledWorkflowUsage_verifyWorkflowNotCreated_success;testUpdateDetector_removeRule_verifyWorkflowUpdate_success	Detector;DetectorInput;DetectorMonitorConfig;DetectorRule;DetectorTrigger;Rule;SecurityAnalyticsPlugin;SecurityAnalyticsSettings	org.apache.hc.core5.http.HttpStatus;org.apache.hc.core5.http.io.entity.StringEntity;org.apache.hc.core5.http.message.BasicHeader;org.junit.Assert;org.junit.Ignore;org.opensearch.action.search.SearchResponse;org.opensearch.client.Request;org.opensearch.client.Response;org.opensearch.common.settings.Settings;org.opensearch.commons.alerting.model.Monitor.MonitorType;org.opensearch.core.rest.RestStatus;org.opensearch.search.SearchHit	Upstream tests/resources inform later local fixtures; no local execution proof.
e33c62506efcb15ae795847484357704b539bcf1	src/test/java/org/opensearch/securityanalytics/resthandler/DetectorRestApiIT.java	reference test or fixture	reference	getDetectorQuery;getDetectorSourceAsMap;setupDetector;testAggRuleCount;testCreateDetectorWithIncompatibleDetectorType;testCreateDetectorWithInvalidCategory;testCreateDetectorWithoutRules;testCreatingADetector;testCreatingADetectorScheduledJobFinding;testCreatingADetectorWithAggregationRules;testCreatingADetectorWithCustomRules;testCreatingADetectorWithIndexNotExists;testCreatingADetectorWithMultipleIndices;testCreatingADetectorWithNonExistingCustomRule;testCreatingADetectorWithTimestampFieldAliasMapping;testCreatingADetectorWithTimestampFieldAliasMapping_verifyTimeRangeInBucketMonitor;testCreatingDetectorWithDynamicQueryIndexDisabledAndThenEnabledToUpdate;testCreatingDetectorWithDynamicQueryIndexEnabledAndThenDisabled;testDeletingADetector_MonitorNotExists;testDeletingADetector_WorkflowUsageEnabled_WorkflowDoesntExist;testDeletingADetector_oneDetectorType_multiple_ruleTopicIndex;testDeletingADetector_single_Monitor;testDeletingADetector_single_Monitor_workflow_enabled;testDeletingADetector_single_ruleTopicIndex;testDeletingANonExistingDetector;testDeletingDetectorEditedToHaveZeroRules;testDetector_withAlias_endToEnd_success;testDetector_withDatastream_withTemplateField_endToEnd_success;testDisableEnableADetectorWithWorkflowNotExists;testGettingADetector;testNewLogTypes;testSearchingDetectors;testUpdateADetector;testUpdateADetectorWithIndexNotExists;testUpdateANonExistingDetector;test_searchDetectors_detectorsIndexNotExists;validateDetectorDeletion	Detector;DetectorInput;DetectorMonitorConfig;DetectorRule;DetectorTrigger;SecurityAnalyticsPlugin;SecurityAnalyticsSettings	org.apache.hc.core5.http.ContentType;org.apache.hc.core5.http.HttpEntity;org.apache.hc.core5.http.HttpStatus;org.apache.hc.core5.http.io.entity.StringEntity;org.apache.hc.core5.http.message.BasicHeader;org.junit.Assert;org.junit.Ignore;org.opensearch.action.search.SearchResponse;org.opensearch.client.Request;org.opensearch.client.Response;org.opensearch.client.ResponseException;org.opensearch.common.settings.Settings;org.opensearch.commons.alerting.model.IntervalSchedule;org.opensearch.commons.alerting.model.Monitor.MonitorType;org.opensearch.core.rest.RestStatus;org.opensearch.core.xcontent.MediaTypeRegistry;org.opensearch.search.SearchHit	Upstream tests/resources inform later local fixtures; no local execution proof.
e33c62506efcb15ae795847484357704b539bcf1	src/test/java/org/opensearch/securityanalytics/resthandler/ListIOCsRestApiIT.java	reference test or fixture	reference	generateIOCMatches;ingestIOCMatches;testListIOCsBySearchString;testListIOCsNumFindings;testListIOCsWithNoFindingsIndex	DetailedSTIX2IOCDto;IocFinding;IocFindingService;IocUploadSource;IocWithFeeds;ListIOCsActionResponse;SATIFSourceConfigDto;STIX2IOC;STIX2IOCDto;SecurityAnalyticsPlugin;SourceConfigType	org.junit.Assert;org.opensearch.client.Response;org.opensearch.core.rest.RestStatus;org.opensearch.index.IndexNotFoundException;org.opensearch.securityanalytics.commons.model.IOCType	Upstream tests/resources inform later local fixtures; no local execution proof.
e33c62506efcb15ae795847484357704b539bcf1	src/test/java/org/opensearch/securityanalytics/resthandler/OCSFDetectorRestApiIT.java	reference test or fixture	reference	customRoute53Rule;customVpcFlowRule;ocsf11Doc;ocsf11ReducedCloudtrailMappings;ocsf11Rule;ocsfCloudtrailDoc;ocsfCloudtrailMappings;ocsfRoute53Doc;ocsfRoute53Mappings;ocsfVpcflowDoc;ocsfVpcflowMappings;rawCloudtrailDoc;rawCloudtrailMappings;rawRoute53DnsMappings;rawRoute53Doc;rawVpcFlowDoc;rawVpcFlowMappings;testCloudTrailAPIActivityOCSFDetector;testCloudTrailAPIActivityRawDetector;testCloudtrailPrincipalIdAndArnFieldsGenerateFinding;testOCSFCloudtrailGetMappingsViewApi;testOCSFCloudtrailGetMappingsViewApiWithCustomRule;testOCSFRoute53GetMappingsViewApi;testOCSFVpcflowGetMappingsViewApi;testRawCloudtrailGetMappingsViewApi;testRawRoute53GetMappingsViewApi;testRawVpcflowGetMappingsViewApi;testRoute53OCSFDetector;testRoute53RawDetector;testVpcflowOcsfDetector;testVpcflowRawDetector	Detector;DetectorInput;DetectorRule;DetectorTrigger;Rule;SecurityAnalyticsPlugin	org.apache.hc.core5.http.HttpStatus;org.apache.hc.core5.http.io.entity.StringEntity;org.apache.hc.core5.http.message.BasicHeader;org.junit.Assert;org.opensearch.client.Request;org.opensearch.client.Response;org.opensearch.core.rest.RestStatus;org.opensearch.search.SearchHit	Upstream tests/resources inform later local fixtures; no local execution proof.
e33c62506efcb15ae795847484357704b539bcf1	src/test/java/org/opensearch/securityanalytics/resthandler/RuleRestApiIT.java	reference test or fixture	reference	testCreatingARule;testCreatingARuleWithWrongSyntax;testCreatingARule_custom_category;testCreatingARule_withExceptions;testCreatingAggregationRule;testCustomRuleValidation;testDeletingNonExistingCustomRule;testDeletingUnusedRule;testDeletingUnusedRuleAfterDetectorIndexCreated;testDeletingUsedRule;testGetAllRuleCategories;testGetMappingsViewApiForFieldAliasesWithSameName;testSearchingCustomRules;testSearchingCustomRulesWhenNoneExist;testSearchingForDuplicatedPrepackagedRules;testSearchingPrepackagedRules;testSearchingPrepackagedRulesByAuthor;testSearchingPrepackagedRulesByMitreAttackID;testSearchingPrepackagedRulesByPages;testUpdatingARule_custom_category;testUpdatingUnusedRule;testUpdatingUnusedRuleAfterDetectorIndexCreated;testUpdatingUnusedRuleWithWrongSyntax;testUpdatingUsedRule	Detector;DetectorInput;DetectorMonitorConfig;DetectorRule;Rule;SecurityAnalyticsPlugin;SigmaError	org.apache.hc.core5.http.HttpStatus;org.apache.hc.core5.http.io.entity.StringEntity;org.apache.hc.core5.http.message.BasicHeader;org.junit.Assert;org.opensearch.client.Request;org.opensearch.client.Response;org.opensearch.client.ResponseException;org.opensearch.common.xcontent.LoggingDeprecationHandler;org.opensearch.common.xcontent.XContentType;org.opensearch.core.rest.RestStatus;org.opensearch.core.xcontent.NamedXContentRegistry;org.opensearch.core.xcontent.XContentParser;org.opensearch.search.SearchHit	Upstream tests/resources inform later local fixtures; no local execution proof.
e33c62506efcb15ae795847484357704b539bcf1	src/test/java/org/opensearch/securityanalytics/resthandler/SATIFSourceConfigRestApiIT.java	reference test or fixture	reference	afterTest;initSource;testCreateSATIFSourceConfigAndVerifyJobRan;testCreateUrlDownloadSourceConfig_blocked;testDeleteSATIFSourceConfig;testGetSATIFSourceConfigById;testRetrieveIOCsSuccessfully;testRetrieveMultipleIOCTypesSuccessfully;testWhenBucketObjectDoesNotExist;testWhenRoleArnIsEmpty;testWithInvalidIOCTypes;testWithNoIOCsToDownload;testWithValidAndInvalidIOCTypes;verifyJobRan	S3Source;SATIFSourceConfigDto;STIX2IOC;STIX2IOCFeedStore;SecurityAnalyticsPlugin;Source;SourceConfigType;UrlDownloadSource	com.google.common.collect.ImmutableList;org.junit.After;org.junit.Assert;org.junit.Before;org.opensearch.client.Response;org.opensearch.client.ResponseException;org.opensearch.core.rest.RestStatus;org.opensearch.jobscheduler.spi.schedule.IntervalSchedule;org.opensearch.search.SearchHit;org.opensearch.securityanalytics.commons.model.IOCType;org.opensearch.securityanalytics.commons.utils.testUtils.S3ObjectGenerator;software.amazon.awssdk.core.sync.RequestBody;software.amazon.awssdk.regions.Region;software.amazon.awssdk.services.s3.S3Client;software.amazon.awssdk.services.s3.model.DeleteObjectRequest;software.amazon.awssdk.services.s3.model.DeleteObjectResponse;software.amazon.awssdk.services.s3.model.HeadObjectRequest;software.amazon.awssdk.services.s3.model.NoSuchKeyException;software.amazon.awssdk.services.s3.model.PutObjectRequest;software.amazon.awssdk.services.s3.model.PutObjectResponse	Upstream tests/resources inform later local fixtures; no local execution proof.
e33c62506efcb15ae795847484357704b539bcf1	src/test/java/org/opensearch/securityanalytics/resthandler/SecureDetectorRestApiIT.java	reference test or fixture	reference	cleanup;create;testCreateDetectorWithFullAccess;testCreateDetectorWithNoBackendRoles;testCreateDetector_userDoesntHaveIndexAccess_failure;testCreateDetector_userHasIndexAccess_success;testUpdateDetector_userDoesntHaveIndexAccess_failure;testUpdateDetector_userHasIndexAccess_success	Detector;SecurityAnalyticsPlugin	org.apache.hc.core5.http.ContentType;org.apache.hc.core5.http.HttpEntity;org.apache.hc.core5.http.HttpHost;org.apache.hc.core5.http.HttpStatus;org.apache.hc.core5.http.io.entity.StringEntity;org.junit.After;org.junit.Assert;org.junit.Before;org.opensearch.client.Request;org.opensearch.client.Response;org.opensearch.client.ResponseException;org.opensearch.client.RestClient;org.opensearch.common.settings.Settings;org.opensearch.commons.rest.SecureRestClientBuilder;org.opensearch.core.rest.RestStatus;org.opensearch.search.SearchHit	Upstream tests/resources inform later local fixtures; no local execution proof.
e33c62506efcb15ae795847484357704b539bcf1	src/test/java/org/opensearch/securityanalytics/resthandler/SecureThreatIntelMonitorRestApiIT.java	reference test or fixture	reference	cleanup;create;createUserWithData;createUserWithTestData;testCreateMonitor_userHasIndexAccess_success;testCreateThreatIntelMonitorWithFullAccess;testCreateThreatIntelMonitorWithNoBackendRoles	SecurityAnalyticsPlugin;ThreatIntelMonitorDto	org.apache.hc.core5.http.HttpHost;org.junit.After;org.junit.Assert;org.junit.Before;org.opensearch.client.Response;org.opensearch.client.ResponseException;org.opensearch.client.RestClient;org.opensearch.common.settings.Settings;org.opensearch.commons.alerting.model.Monitor;org.opensearch.commons.rest.SecureRestClientBuilder;org.opensearch.core.rest.RestStatus	Upstream tests/resources inform later local fixtures; no local execution proof.
e33c62506efcb15ae795847484357704b539bcf1	src/test/java/org/opensearch/securityanalytics/resthandler/SourceConfigWithoutS3RestApiIT.java	reference test or fixture	reference	getSatifSourceConfigDto;testActivateDeactivateIocUploadSourceConfig;testActivateDeactivateUrlDownloadSourceConfig;testCreateIocUploadSourceConfig;testCreateIocUploadSourceConfigIncorrectIocTypes;testDeleteIocUploadSourceConfigAndAllIocs;testRefreshIocUploadSourceConfigFailure;testSearchAndCreateDefaultSourceConfig;testSearchIocUploadSourceConfig;testUpdateDefaultSourceConfigThrowsError;testUpdateIocUploadSourceConfig;testUpdateJobIndexMapping	IocUploadSource;ListIOCsActionRequest;ListIOCsActionResponse;SATIFSourceConfigDto;STIX2IOCDto;STIX2IOCFeedStore;SecurityAnalyticsPlugin;SourceConfigType;UrlDownloadSource	org.apache.hc.core5.http.io.entity.StringEntity;org.apache.hc.core5.http.message.BasicHeader;org.apache.logging.log4j.LogManager;org.apache.logging.log4j.Logger;org.junit.Assert;org.opensearch.client.Response;org.opensearch.client.ResponseException;org.opensearch.client.WarningFailureException;org.opensearch.common.settings.Settings;org.opensearch.core.rest.RestStatus;org.opensearch.jobscheduler.spi.schedule.IntervalSchedule;org.opensearch.search.SearchHit;org.opensearch.securityanalytics.commons.model.IOCType	Upstream tests/resources inform later local fixtures; no local execution proof.
e33c62506efcb15ae795847484357704b539bcf1	src/test/java/org/opensearch/securityanalytics/resthandler/TestS3ConnectionRestIT.java	reference test or fixture	reference	afterTest;initSource;testConnection_invalidRegion;testConnection_invalidRoleArn;testConnection_succeeds;testConnection_wrongBucket;testConnection_wrongKey;testConnection_wrongRegion;testConnection_wrongRoleArn	SecurityAnalyticsPlugin;TestS3ConnectionRequest;TestS3ConnectionResponse	org.junit.After;org.junit.Before;org.junit.Ignore;org.junit.jupiter.api.condition.EnabledIfSystemProperty;org.opensearch.client.Response;org.opensearch.core.rest.RestStatus;org.opensearch.securityanalytics.commons.utils.testUtils.S3ObjectGenerator;software.amazon.awssdk.regions.Region;software.amazon.awssdk.services.s3.S3Client	Upstream tests/resources inform later local fixtures; no local execution proof.
e33c62506efcb15ae795847484357704b539bcf1	src/test/java/org/opensearch/securityanalytics/resthandler/ThreatIntelAlertIT.java	reference test or fixture	reference	indexThreatIntelAlerts;testStatusUpdateFromAcknowledgedToComplete;testStatusUpdateFromActiveToAcknowledged	SecurityAnalyticsPlugin;ThreatIntelAlert;ThreatIntelAlertService;ThreatIntelMonitorDto	org.apache.hc.core5.http.ContentType;org.apache.hc.core5.http.io.entity.StringEntity;org.junit.Assert;org.opensearch.client.Response;org.opensearch.commons.alerting.model.Alert;org.opensearch.commons.alerting.model.Monitor	Upstream tests/resources inform later local fixtures; no local execution proof.
e33c62506efcb15ae795847484357704b539bcf1	src/test/java/org/opensearch/securityanalytics/resthandler/ThreatIntelMonitorRestApiIT.java	reference test or fixture	reference	getMatchAllRequest;indexSourceConfigsAndIocs;indexTifSourceConfig;randomIocScanMonitorDto;randomIocScanMonitorDtoWithMultipleIndicatorTypesToScan;randomIocScanMonitorDtoWithTriggers;testCreateThreatIntelMonitor;testCreateThreatIntelMonitorWithExistingDetector;testCreateThreatIntelMonitor_configureMultipleIndicatorTypesInMonitor;testCreateThreatIntelMonitor_invalidMonitorJson;testCreateThreatIntelMonitor_monitorAliases;testCreateThreatIntelMonitor_testExecution_findingSucceedsButAlertFails_ExecutionSucceeds;testCreateThreatIntelMonitor_testNotifications_invaliConfigExecutionSucceeds	Detector;DetectorTrigger;IocUploadSource;ListIOCsActionRequest;PerIocTypeScanInputDto;RefreshType;RestSearchThreatIntelMonitorAction;SATIFSourceConfig;SATIFSourceConfigDto;STIX2IOCDto;SecurityAnalyticsPlugin;SecurityAnalyticsSettings;SourceConfigType;TIFJobState;ThreatIntelAlertService;ThreatIntelMonitorDto;ThreatIntelTriggerDto	org.apache.hc.core5.http.ContentType;org.apache.hc.core5.http.HttpStatus;org.apache.hc.core5.http.io.entity.StringEntity;org.apache.logging.log4j.LogManager;org.apache.logging.log4j.Logger;org.junit.Assert;org.opensearch.client.Request;org.opensearch.client.Response;org.opensearch.client.ResponseException;org.opensearch.common.xcontent.XContentFactory;org.opensearch.commons.alerting.model.IntervalSchedule;org.opensearch.commons.alerting.model.Monitor;org.opensearch.commons.alerting.model.action.Action;org.opensearch.core.rest.RestStatus;org.opensearch.core.xcontent.ToXContent;org.opensearch.search.SearchHit;org.opensearch.securityanalytics.commons.model.IOCType	Upstream tests/resources inform later local fixtures; no local execution proof.
e33c62506efcb15ae795847484357704b539bcf1	src/test/java/org/opensearch/securityanalytics/rules/aggregation/AggregationBackendTests.java	reference test or fixture	reference	testAvgAggregationWithGroupBy;testCloudtrailAggregationRule;testCloudtrailAggregationRuleWithDotFields;testCountAggregation;testCountAggregationWithGroupBy;testMaxAggregationWithGroupBy;testMinAggregationWithGroupBy;testSumAggregationWithGroupBy	CompositeSigmaErrors;OSQueryBackend;SigmaError;SigmaRule	org.junit.Assert;org.opensearch.test.OpenSearchTestCase	Upstream tests/resources inform later local fixtures; no local execution proof.
e33c62506efcb15ae795847484357704b539bcf1	src/test/java/org/opensearch/securityanalytics/rules/backend/QueryBackendTests.java	reference test or fixture	reference	testBackend;testBackendAndCustomPipeline;testBackendPipeline;testConvertAnd;testConvertAndInList;testConvertCompare;testConvertCompareStr;testConvertInvalidCidr;testConvertInvalidUnboundBool;testConvertListCidrWildcardNone;testConvertMultiConditions;testConvertNetworkRule;testConvertNot;testConvertNotComplicatedExpression;testConvertNotWithAnd;testConvertNotWithKeywords;testConvertNotWithNull;testConvertNotWithNumAndBool;testConvertNotWithOrAndList;testConvertNotWithParenthesis;testConvertOr;testConvertOrInList;testConvertOrInListNumbers;testConvertOrInListWithWildcards;testConvertOrInMixedFields;testConvertOrInMixedKeywordField;testConvertOrInSeparate;testConvertOrInUnallowedValueType;testConvertPrecedence;testConvertProxyRule;testConvertRegexpRule;testConvertSkipEmptyStringContainsModifier;testConvertSkipEmptyStringEndsWithModifier;testConvertSkipEmptyStringStartsWithModifier;testConvertUnboundValues;testConvertUnboundValuesAsWildcard;testConvertValueBool;testConvertValueCidrWildcardNone;testConvertValueExpansionWithAll;testConvertValueNull;testConvertValueNum;testConvertValueRegex;testConvertValueRegexUnbound;testConvertValueStr;testConvertValueStrContains;testConvertValueStrContainsFurtherWildcard;testConvertValueStrEndsWith;testConvertValueStrEndsWithFurtherWildcard;testConvertValueStrStartsWith;testConvertValueStrStartsWithFurtherWildcard	CompositeSigmaErrors;OSQueryBackend;SigmaError;SigmaRule	org.junit.Assert;org.opensearch.test.OpenSearchTestCase	Upstream tests/resources inform later local fixtures; no local execution proof.
e33c62506efcb15ae795847484357704b539bcf1	src/test/java/org/opensearch/securityanalytics/rules/condition/ConditionTests.java	reference test or fixture	reference	sigmaDetections;sigmaInvalidDetections;sigmaSimpleDetections;test4OR;testAND;testEmptyFieldDetection;testFieldValueListWithWildcardsDetection;testKeywordDetection;testMultipleKeywordsDetection;testNOT;testNullKeyword;testOR;testSelector1;testSelector1OfThem;testSelectorAll;testSelectorAllOfThem;testSelectorAny;testSelectorAnyfThem;testUndefinedIdentifier	ConditionAND;ConditionFieldEqualsValueExpression;ConditionItem;ConditionNOT;ConditionOR;Either;SigmaCondition;SigmaConditionError;SigmaDetection;SigmaDetectionItem;SigmaDetections;SigmaError;SigmaNull;SigmaNumber;SigmaString	org.junit.Assert;org.opensearch.test.OpenSearchTestCase	Upstream tests/resources inform later local fixtures; no local execution proof.
e33c62506efcb15ae795847484357704b539bcf1	src/test/java/org/opensearch/securityanalytics/rules/modifiers/SigmaAllModifierTests.java	reference test or fixture	reference	testAll	Either;SigmaAllModifier;SigmaDetectionItem;SigmaModifierError;SigmaNumber;SigmaRegularExpression;SigmaRegularExpressionError;SigmaString;SigmaType;SigmaValueError	org.junit.Assert	Upstream tests/resources inform later local fixtures; no local execution proof.
e33c62506efcb15ae795847484357704b539bcf1	src/test/java/org/opensearch/securityanalytics/rules/modifiers/SigmaBase64ModifierTests.java	reference test or fixture	reference	testBase64;testBase64Wildcards	Either;SigmaBase64Modifier;SigmaDetectionError;SigmaDetections;SigmaModifierError;SigmaRegularExpressionError;SigmaString;SigmaType;SigmaValueError		Upstream tests/resources inform later local fixtures; no local execution proof.
e33c62506efcb15ae795847484357704b539bcf1	src/test/java/org/opensearch/securityanalytics/rules/modifiers/SigmaBase64OffsetModifierTests.java	reference test or fixture	reference	testBase64Offset;testBase64Re;testBase64Wildcards	Either;SigmaBase64OffsetModifier;SigmaExpansion;SigmaModifierError;SigmaRegularExpression;SigmaRegularExpressionError;SigmaString;SigmaType;SigmaTypeError;SigmaValueError		Upstream tests/resources inform later local fixtures; no local execution proof.
e33c62506efcb15ae795847484357704b539bcf1	src/test/java/org/opensearch/securityanalytics/rules/modifiers/SigmaCIDRModifierTests.java	reference test or fixture	reference	testCidr;testCidrWithOther	Either;SigmaBase64Modifier;SigmaCIDRExpression;SigmaCIDRModifier;SigmaModifierError;SigmaRegularExpressionError;SigmaString;SigmaType;SigmaValueError	org.junit.Assert	Upstream tests/resources inform later local fixtures; no local execution proof.
e33c62506efcb15ae795847484357704b539bcf1	src/test/java/org/opensearch/securityanalytics/rules/modifiers/SigmaCompareModifierTests.java	reference test or fixture	reference	testCompareString;testGt;testGte;testLt;testLte	Either;SigmaCompareExpression;SigmaGreaterThanEqualModifier;SigmaGreaterThanModifier;SigmaLessThanEqualModifier;SigmaLessThanModifier;SigmaModifierError;SigmaNumber;SigmaRegularExpressionError;SigmaString;SigmaType;SigmaTypeError;SigmaValueError	org.junit.Assert	Upstream tests/resources inform later local fixtures; no local execution proof.
e33c62506efcb15ae795847484357704b539bcf1	src/test/java/org/opensearch/securityanalytics/rules/modifiers/SigmaContainsModifierTests.java	reference test or fixture	reference	testContainsLeadingAndTrailingWildcards;testContainsLeadingWildcards;testContainsNoWildcards;testContainsTrailingWildcards	Either;SigmaContainsModifier;SigmaModifierError;SigmaRegularExpressionError;SigmaString;SigmaType;SigmaValueError		Upstream tests/resources inform later local fixtures; no local execution proof.
e33c62506efcb15ae795847484357704b539bcf1	src/test/java/org/opensearch/securityanalytics/rules/modifiers/SigmaEndswithModifierTests.java	reference test or fixture	reference	testEndswithLeadingWildcards;testEndswithNoWildcards	Either;SigmaEndswithModifier;SigmaModifierError;SigmaRegularExpressionError;SigmaString;SigmaType;SigmaValueError		Upstream tests/resources inform later local fixtures; no local execution proof.
e33c62506efcb15ae795847484357704b539bcf1	src/test/java/org/opensearch/securityanalytics/rules/modifiers/SigmaModifierTests.java	reference test or fixture	reference	DummyPlainModifier;DummySequenceModifier;DummyUnionModifier;dummyDetectionItem;dummyPlainModifier;dummySequenceModifier;dummyUnionModifier;getTypeHints;modify;testTypecheckApplyListInput;testTypecheckPlain;testTypecheckPlainWrong;testTypecheckPlainWrongApply;testTypecheckSequence;testTypecheckUnion;testTypecheckUnionWrong	Either;SigmaDetectionItem;SigmaModifier;SigmaModifierError;SigmaNumber;SigmaRegularExpression;SigmaRegularExpressionError;SigmaString;SigmaType;SigmaTypeError;SigmaValueError	org.apache.commons.lang3.tuple.Pair;org.junit.Assert;org.opensearch.test.OpenSearchTestCase	Upstream tests/resources inform later local fixtures; no local execution proof.
e33c62506efcb15ae795847484357704b539bcf1	src/test/java/org/opensearch/securityanalytics/rules/modifiers/SigmaRegularExpressionModifierTests.java	reference test or fixture	reference	testDoNotEscapeRe;testRe;testReContains;testReContainsEnd;testReContainsEndswithWildcard;testReContainsStart;testReContainsStartswithWildcard;testReEndswith;testReEndswithEnd;testReEndswithStart;testReEndswithStartswithWildcard;testReStartswith;testReStartswithEnd;testReStartswithEndswithWildcard;testReStartswithStart;testReWithOther	Either;SigmaBase64Modifier;SigmaContainsModifier;SigmaEndswithModifier;SigmaModifierError;SigmaRegularExpression;SigmaRegularExpressionError;SigmaRegularExpressionModifier;SigmaStartswithModifier;SigmaString;SigmaType;SigmaValueError	org.junit.Assert	Upstream tests/resources inform later local fixtures; no local execution proof.
e33c62506efcb15ae795847484357704b539bcf1	src/test/java/org/opensearch/securityanalytics/rules/modifiers/SigmaStartswithModifierTests.java	reference test or fixture	reference	testStartswithNoWildcards;testStartswithTrailingWildcards	Either;SigmaModifierError;SigmaRegularExpressionError;SigmaStartswithModifier;SigmaString;SigmaType;SigmaValueError		Upstream tests/resources inform later local fixtures; no local execution proof.
e33c62506efcb15ae795847484357704b539bcf1	src/test/java/org/opensearch/securityanalytics/rules/modifiers/SigmaWideModifierTests.java	reference test or fixture	reference	testWide	Either;SigmaModifierError;SigmaRegularExpressionError;SigmaString;SigmaType;SigmaValueError;SigmaWideModifier		Upstream tests/resources inform later local fixtures; no local execution proof.
e33c62506efcb15ae795847484357704b539bcf1	src/test/java/org/opensearch/securityanalytics/rules/modifiers/SigmaWindowsDashModifierTests.java	reference test or fixture	reference	testWindash	Either;SigmaExpansion;SigmaModifierError;SigmaRegularExpressionError;SigmaString;SigmaType;SigmaValueError;SigmaWindowsDashModifier		Upstream tests/resources inform later local fixtures; no local execution proof.
e33c62506efcb15ae795847484357704b539bcf1	src/test/java/org/opensearch/securityanalytics/rules/objects/SigmaDetectionItemTests.java	reference test or fixture	reference	testSigmaDetectionItemFromValue;testSigmaDetectionItemIsKeyword;testSigmaDetectionItemIsNotKeyword;testSigmaDetectionItemKeyValueList;testSigmaDetectionItemKeyValueModifiers;testSigmaDetectionItemKeywordList;testSigmaDetectionItemKeywordModifiers;testSigmaDetectionItemKeywordSingle;testSigmaDetectionItemUnknownModifier;testSigmaDetectionKeyValueNull;testSigmaDetectionKeyValueSingleFloat;testSigmaDetectionKeyValueSingleInt;testSigmaDetectionKeyValueSingleString	Either;SigmaAllModifier;SigmaContainsModifier;SigmaDetectionItem;SigmaModifierError;SigmaNull;SigmaNumber;SigmaRegularExpressionError;SigmaString;SigmaValueError	org.junit.Assert;org.opensearch.test.OpenSearchTestCase	Upstream tests/resources inform later local fixtures; no local execution proof.
e33c62506efcb15ae795847484357704b539bcf1	src/test/java/org/opensearch/securityanalytics/rules/objects/SigmaDetectionTests.java	reference test or fixture	reference	testSigmaDetectionDetections;testSigmaDetectionItems;testSigmaDetectionMixed	Either;SigmaDetection;SigmaDetectionError;SigmaDetectionItem;SigmaModifierError;SigmaRegularExpressionError;SigmaString;SigmaValueError	org.junit.Assert;org.opensearch.test.OpenSearchTestCase	Upstream tests/resources inform later local fixtures; no local execution proof.
e33c62506efcb15ae795847484357704b539bcf1	src/test/java/org/opensearch/securityanalytics/rules/objects/SigmaDetectionsTests.java	reference test or fixture	reference	testDetectionItemAllModifiedKeyPlainValuesPostProcess;testDetectionItemAllModifiedKeySpecialValuesPostProcess;testDetectionItemAllModifiedUnboundPlainValuesPostProcess;testSigmaDetectionsFromDict;testSigmaDetectionsFromDictNoCondition;testSigmaDetectionsFromDictNoDetections	AnyOneOf;ConditionAND;ConditionFieldEqualsValueExpression;ConditionItem;ConditionOR;ConditionValueExpression;Either;SigmaConditionError;SigmaContainsModifier;SigmaDetection;SigmaDetectionError;SigmaDetectionItem;SigmaDetections;SigmaEndswithModifier;SigmaError;SigmaNumber;SigmaString	org.junit.Assert;org.opensearch.test.OpenSearchTestCase;org.yaml.snakeyaml.LoaderOptions;org.yaml.snakeyaml.Yaml;org.yaml.snakeyaml.constructor.SafeConstructor	Upstream tests/resources inform later local fixtures; no local execution proof.
e33c62506efcb15ae795847484357704b539bcf1	src/test/java/org/opensearch/securityanalytics/rules/objects/SigmaLogSourceTests.java	reference test or fixture	reference	testSigmaLogSourceEmpty;testSigmaLogSourceFromDict;testSigmaLogSourceFromDictNoCategory;testSigmaLogSourceFromDictNoProduct;testSigmaLogSourceFromDictNoService	SigmaLogSource;SigmaLogsourceError	org.junit.Assert;org.opensearch.test.OpenSearchTestCase	Upstream tests/resources inform later local fixtures; no local execution proof.
e33c62506efcb15ae795847484357704b539bcf1	src/test/java/org/opensearch/securityanalytics/rules/objects/SigmaRuleTagTests.java	reference test or fixture	reference	testSigmaRuleTagFromStr;testSigmaRuleTagFromStr3Dots;testSigmaRuleTagFromStrNoDot	SigmaRuleTag	org.junit.Assert;org.opensearch.test.OpenSearchTestCase	Upstream tests/resources inform later local fixtures; no local execution proof.
e33c62506efcb15ae795847484357704b539bcf1	src/test/java/org/opensearch/securityanalytics/rules/objects/SigmaRuleTests.java	reference test or fixture	reference	sigmaRule;testEmptyDetection;testSigmaRuleBadDate;testSigmaRuleBadLevel;testSigmaRuleBadStatus;testSigmaRuleBadTitle;testSigmaRuleBadUuid;testSigmaRuleFromYaml;testSigmaRuleNoDetections;testSigmaRuleNoLogSource;testSigmaRuleNoneToList	CompositeSigmaErrors;ConditionOR;Either;SigmaContainsModifier;SigmaDetection;SigmaDetectionError;SigmaDetectionItem;SigmaDetections;SigmaEndswithModifier;SigmaError;SigmaLevel;SigmaLogSource;SigmaLogsourceError;SigmaModifierError;SigmaNumber;SigmaRegularExpressionError;SigmaRule;SigmaRuleTag;SigmaStatus;SigmaString;SigmaValueError	org.junit.Assert;org.opensearch.test.OpenSearchTestCase	Upstream tests/resources inform later local fixtures; no local execution proof.
e33c62506efcb15ae795847484357704b539bcf1	src/test/java/org/opensearch/securityanalytics/rules/types/SigmaBoolTests.java	reference test or fixture	reference	testBool;testBoolToString	SigmaBool	org.junit.Assert;org.opensearch.test.OpenSearchTestCase	Upstream tests/resources inform later local fixtures; no local execution proof.
e33c62506efcb15ae795847484357704b539bcf1	src/test/java/org/opensearch/securityanalytics/rules/types/SigmaNullTests.java	reference test or fixture	reference	testNullEqual	SigmaNull	org.junit.Assert;org.opensearch.test.OpenSearchTestCase	Upstream tests/resources inform later local fixtures; no local execution proof.
e33c62506efcb15ae795847484357704b539bcf1	src/test/java/org/opensearch/securityanalytics/rules/types/SigmaNumberTests.java	reference test or fixture	reference	testNumberEqual;testNumberFloat;testNumberInt	SigmaNumber	org.junit.Assert;org.opensearch.test.OpenSearchTestCase	Upstream tests/resources inform later local fixtures; no local execution proof.
e33c62506efcb15ae795847484357704b539bcf1	src/test/java/org/opensearch/securityanalytics/rules/types/SigmaStringTests.java	reference test or fixture	reference	emptySigmaString;sigmaString;testStringsAddLSpecial;testStringsAddRSpecial;testStringsAddSigmaString;testStringsContainsSpecial;testStringsConvert;testStringsConvertNoMultiWildcard;testStringsConvertNoSingleWildcard;testStringsEmpty;testStringsEndsWith;testStringsEndsWithDiffTypes;testStringsEndsWithSpecial;testStringsEqual;testStringsEscaping;testStringsEscapingEnd;testStringsEscapingNonSpecial;testStringsLength;testStringsMerge;testStringsMergeEnd;testStringsMergeStart;testStringsNotContainsSpecial;testStringsNotEqual;testStringsPlain;testStringsPrependSigmaString;testStringsStartsWith;testStringsStartsWithDiffTypes;testStringsStartsWithSpecial;testStringsToBytes;testStringsToString;testStringsWildcards	AnyOneOf;Either;Placeholder;SigmaString;SigmaValueError	org.junit.Assert;org.opensearch.test.OpenSearchTestCase	Upstream tests/resources inform later local fixtures; no local execution proof.
e33c62506efcb15ae795847484357704b539bcf1	src/test/java/org/opensearch/securityanalytics/rules/types/SigmaTypeFacadeTests.java	reference test or fixture	reference	testConversionBool;testConversionFloat;testConversionInt;testConversionNull;testConversionStr	SigmaBool;SigmaNull;SigmaNumber;SigmaString;SigmaType;SigmaTypeFacade	org.junit.Assert;org.opensearch.test.OpenSearchTestCase	Upstream tests/resources inform later local fixtures; no local execution proof.
e33c62506efcb15ae795847484357704b539bcf1	src/test/java/org/opensearch/securityanalytics/rules/utils/AnyOneOfTests.java	reference test or fixture	reference	testAnyOneOf	AnyOneOf	org.junit.Assert;org.opensearch.test.OpenSearchTestCase	Upstream tests/resources inform later local fixtures; no local execution proof.
e33c62506efcb15ae795847484357704b539bcf1	src/test/java/org/opensearch/securityanalytics/rules/utils/EitherTests.java	reference test or fixture	reference	testEither	Either	org.junit.Assert;org.opensearch.test.OpenSearchTestCase	Upstream tests/resources inform later local fixtures; no local execution proof.
e33c62506efcb15ae795847484357704b539bcf1	src/test/java/org/opensearch/securityanalytics/threatIntel/ThreatIntelTestCase.java	reference test or fixture	reference	VerifyingClient;clean;doExecute;executeLocally;prepareThreatIntelTestCase;randomLockModel;randomPositiveLong;randomState;randomStateExcept;randomTifJobParameter;reset;setExecuteLocallyVerifier;setExecuteVerifier	BuiltInTIFMetadataLoader;DetectorThreatIntelService;SecurityAnalyticsSettings;TIFJobParameter;TIFJobParameterService;TIFJobState;TIFJobUpdateService;TIFLockService;ThreatIntelFeedDataService	org.junit.After;org.junit.Before;org.mockito.Mock;org.mockito.Mockito.mock;org.mockito.Mockito.spy;org.mockito.Mockito.when;org.mockito.MockitoAnnotations;org.opensearch.action.ActionRequest;org.opensearch.action.ActionType;org.opensearch.action.support.ActionFilters;org.opensearch.cluster.ClusterState;org.opensearch.cluster.metadata.Metadata;org.opensearch.cluster.routing.RoutingTable;org.opensearch.cluster.service.ClusterService;org.opensearch.common.Randomness;org.opensearch.common.settings.ClusterSettings;org.opensearch.common.settings.Settings;org.opensearch.common.util.concurrent.OpenSearchExecutors;org.opensearch.core.action.ActionListener;org.opensearch.core.action.ActionResponse;org.opensearch.ingest.IngestMetadata;org.opensearch.ingest.IngestService;org.opensearch.jobscheduler.spi.LockModel;org.opensearch.jobscheduler.spi.schedule.IntervalSchedule;org.opensearch.jobscheduler.spi.utils.LockService;org.opensearch.tasks.Task;org.opensearch.tasks.TaskListener;org.opensearch.test.client.NoOpNodeClient;org.opensearch.test.rest.RestActionTestCase;org.opensearch.threadpool.ThreadPool;org.opensearch.transport.TransportService	Upstream tests/resources inform later local fixtures; no local execution proof.
e33c62506efcb15ae795847484357704b539bcf1	src/test/java/org/opensearch/securityanalytics/threatIntel/action/PutTIFJobRequestTests.java	reference test or fixture	reference	testStreamInOut_whenValidInput_thenSucceed;testValidate_whenInvalidTIFJobParameterName_thenFails;testValidate_whenValidInput_thenSucceed	PutTIFJobRequest;SecurityAnalyticsSettings	org.opensearch.action.ActionRequestValidationException;org.opensearch.common.io.stream.BytesStreamOutput;org.opensearch.core.common.io.stream.BytesStreamInput	Upstream tests/resources inform later local fixtures; no local execution proof.
e33c62506efcb15ae795847484357704b539bcf1	src/test/java/org/opensearch/securityanalytics/threatIntel/action/TransportPutTIFJobActionTests.java	reference test or fixture	reference				Upstream tests/resources inform later local fixtures; no local execution proof.
e33c62506efcb15ae795847484357704b539bcf1	src/test/java/org/opensearch/securityanalytics/threatIntel/common/ThreatIntelLockServiceTests.java	reference test or fixture	reference	init;testAcquireLock_whenCalled_thenNotBlocked;testGetRenewLockRunnable_whenLockIsFresh_thenDoNotRenew;testGetRenewLockRunnable_whenLockIsStale_thenRenew;testRenewLock_whenCalled_thenNotBlocked	TIFLockService	org.junit.Assert;org.junit.Before;org.mockito.Mockito;org.mockito.Mockito.mock;org.opensearch.action.DocWriteResponse;org.opensearch.action.update.UpdateRequest;org.opensearch.action.update.UpdateResponse;org.opensearch.core.action.ActionListener;org.opensearch.core.index.shard.ShardId;org.opensearch.jobscheduler.spi.LockModel;org.opensearch.jobscheduler.spi.utils.LockService	Upstream tests/resources inform later local fixtures; no local execution proof.
e33c62506efcb15ae795847484357704b539bcf1	src/test/java/org/opensearch/securityanalytics/threatIntel/integTests/TIFJobExtensionPluginIT.java	reference test or fixture	reference	testPluginsAreInstalled		org.junit.Assert;org.opensearch.client.Request;org.opensearch.client.Response;org.opensearch.common.xcontent.LoggingDeprecationHandler;org.opensearch.common.xcontent.json.JsonXContent;org.opensearch.core.xcontent.NamedXContentRegistry	Upstream tests/resources inform later local fixtures; no local execution proof.
e33c62506efcb15ae795847484357704b539bcf1	src/test/java/org/opensearch/securityanalytics/threatIntel/integTests/ThreatIntelJobRunnerIT.java	reference test or fixture	reference	getJobSchedulerParameter;getMatchAllSearchRequestString;getMatchNumSearchRequestString;getTIFJobParameterList;getThreatIntelFeedIds;getThreatIntelFeedsTime;testCreateDetector_threatIntelEnabled_testJobRunner;verifyJobRan	Detector;DetectorInput;DetectorMonitorConfig;DetectorRule;SecurityAnalyticsPlugin;SecurityAnalyticsSettings;TIFJobParameter;ThreatIntelFeedDataUtils	org.apache.hc.core5.http.HttpStatus;org.apache.logging.log4j.LogManager;org.apache.logging.log4j.Logger;org.apache.logging.log4j.message.ParameterizedMessage;org.junit.Ignore;org.opensearch.action.search.SearchResponse;org.opensearch.client.Request;org.opensearch.client.Response;org.opensearch.common.xcontent.LoggingDeprecationHandler;org.opensearch.common.xcontent.XContentType;org.opensearch.core.rest.RestStatus;org.opensearch.core.xcontent.NamedXContentRegistry;org.opensearch.core.xcontent.XContentParser;org.opensearch.search.SearchHit	Upstream tests/resources inform later local fixtures; no local execution proof.
e33c62506efcb15ae795847484357704b539bcf1	src/test/java/org/opensearch/securityanalytics/threatIntel/iocscan/dao/IocFindingServiceRestApiIT.java	reference test or fixture	reference	generateIocMatches;testGetIocFindings;testGetIocFindingsWithIocIdFilter	IocFinding;IocFindingService;IocWithFeeds;SecurityAnalyticsPlugin	org.junit.Assert;org.opensearch.client.Response	Upstream tests/resources inform later local fixtures; no local execution proof.
e33c62506efcb15ae795847484357704b539bcf1	src/test/java/org/opensearch/securityanalytics/threatIntel/jobscheduler/TIFJobParameterServiceTests.java	reference test or fixture	reference		SecurityAnalyticsPlugin	org.junit.Before;org.mockito.Mockito.mock;org.mockito.Mockito.when;org.opensearch.ResourceAlreadyExistsException;org.opensearch.ResourceNotFoundException;org.opensearch.action.DocWriteRequest;org.opensearch.action.StepListener;org.opensearch.action.admin.indices.create.CreateIndexRequest;org.opensearch.action.delete.DeleteRequest;org.opensearch.action.delete.DeleteResponse;org.opensearch.action.get.GetRequest;org.opensearch.action.get.GetResponse;org.opensearch.action.index.IndexRequest;org.opensearch.action.support.WriteRequest;org.opensearch.common.xcontent.json.JsonXContent;org.opensearch.core.action.ActionListener;org.opensearch.core.common.bytes.BytesReference;org.opensearch.core.rest.RestStatus;org.opensearch.index.IndexNotFoundException;org.opensearch.jobscheduler.spi.schedule.IntervalSchedule	Upstream tests/resources inform later local fixtures; no local execution proof.
e33c62506efcb15ae795847484357704b539bcf1	src/test/java/org/opensearch/securityanalytics/threatIntel/jobscheduler/TIFJobParameterTests.java	reference test or fixture	reference	testCurrentIndexName_whenNotExpired_thenReturnName;testLockDurationSeconds;testNewIndexName_whenCalled_thenReturnedExpectedValue;testParser_whenAllValueIsFilled_thenSucceed;testParser_whenNullForOptionalFields_thenSucceed	TIFJobParameter;TIFMetadata	org.apache.logging.log4j.LogManager;org.apache.logging.log4j.Logger;org.opensearch.common.xcontent.XContentFactory;org.opensearch.jobscheduler.spi.schedule.IntervalSchedule	Upstream tests/resources inform later local fixtures; no local execution proof.
e33c62506efcb15ae795847484357704b539bcf1	src/test/java/org/opensearch/securityanalytics/threatIntel/jobscheduler/TIFJobRunnerTests.java	reference test or fixture	reference			org.mockito.ArgumentMatchers.any	Upstream tests/resources inform later local fixtures; no local execution proof.
e33c62506efcb15ae795847484357704b539bcf1	src/test/java/org/opensearch/securityanalytics/threatIntel/jobscheduler/TIFJobUpdateServiceTests.java	reference test or fixture	reference		TIFJobState	org.apache.logging.log4j.LogManager;org.apache.logging.log4j.Logger;org.junit.Before;org.mockito.ArgumentMatchers.anyString;org.mockito.Mockito.*;org.opensearch.cluster.routing.ShardRouting;org.opensearch.common.SuppressForbidden	Upstream tests/resources inform later local fixtures; no local execution proof.
e33c62506efcb15ae795847484357704b539bcf1	src/test/java/org/opensearch/securityanalytics/threatIntel/model/JsonPathIocSchemaTests.java	reference test or fixture	reference				Upstream tests/resources inform later local fixtures; no local execution proof.
e33c62506efcb15ae795847484357704b539bcf1	src/test/java/org/opensearch/securityanalytics/threatIntel/model/ThreatIntelSourceTests.java	reference test or fixture	reference	testParseInvalidSourceField;testParseWithIocUploadSource;testParseWithS3Source;testParseWithUrlDownloadSource;testParseWithUrlDownloadSource_fileProtocolBlocked	IocUploadSource;S3Source;SecurityAnalyticsException;Source;UrlDownloadSource	org.apache.commons.lang3.tuple.Pair;org.junit.Test;org.opensearch.core.rest.RestStatus;org.opensearch.test.OpenSearchTestCase	Upstream tests/resources inform later local fixtures; no local execution proof.
e33c62506efcb15ae795847484357704b539bcf1	src/test/java/org/opensearch/securityanalytics/threatIntel/model/monitor/ThreatIntelInputTests.java	reference test or fixture	reference	getParser;getThreatIntelInput;randomPerIocTypeThreatIntel;testThreatInputSerde;toJsonString	PerIocTypeScanInput;ThreatIntelInput;ThreatIntelMonitorRunner	org.opensearch.common.io.stream.BytesStreamOutput;org.opensearch.common.xcontent.LoggingDeprecationHandler;org.opensearch.common.xcontent.XContentFactory;org.opensearch.common.xcontent.XContentType;org.opensearch.commons.alerting.model.DataSources;org.opensearch.commons.alerting.model.DocLevelMonitorInput;org.opensearch.commons.alerting.model.IntervalSchedule;org.opensearch.commons.alerting.model.Monitor;org.opensearch.commons.alerting.model.remote.monitors.RemoteDocLevelMonitorInput;org.opensearch.core.common.bytes.BytesReference;org.opensearch.core.common.io.stream.StreamInput;org.opensearch.core.xcontent.ToXContent;org.opensearch.core.xcontent.XContentBuilder;org.opensearch.core.xcontent.XContentParser;org.opensearch.test.OpenSearchTestCase	Upstream tests/resources inform later local fixtures; no local execution proof.
e33c62506efcb15ae795847484357704b539bcf1	src/test/java/org/opensearch/securityanalytics/threatIntel/util/ThreatIntelFeedParserTests.java	reference test or fixture	reference	testGetThreatIntelFeedReaderCSV_blockedUrls;testGetThreatIntelFeedReaderCSV_tifMetadata_blockedUrls	TIFMetadata;ThreatIntelFeedParser	org.junit.Test;org.mockito.Mockito.mock;org.mockito.Mockito.when;org.opensearch.OpenSearchException;org.opensearch.test.OpenSearchTestCase	Upstream tests/resources inform later local fixtures; no local execution proof.
e33c62506efcb15ae795847484357704b539bcf1	src/test/java/org/opensearch/securityanalytics/util/ExceptionCheckerTests.java	reference test or fixture	reference	setup;testExceptionDoesNotMatch;testExceptionDoesNotMatch_EmptyPredicates;testExceptionDoesNotMatch_MultiplePredicates;testExceptionDoesNotMatch_SuppressedDoesntMatch;testExceptionDoesNotMatch_TopLevelDoesntMatch;testExceptionDoesNotMatch_WithSuppressed;testExceptionMatches;testExceptionMatches_WithSuppressed	ExceptionChecker;ThrowableCheckingPredicates	org.junit.Assert;org.junit.Before;org.opensearch.test.OpenSearchTestCase	Upstream tests/resources inform later local fixtures; no local execution proof.
e33c62506efcb15ae795847484357704b539bcf1	src/test/java/org/opensearch/securityanalytics/util/IndexUtilsTests.java	reference test or fixture	reference	testGetSchemaVersion;testGetSchemaVersionWithNegativeSchemaVersion;testGetSchemaVersionWithWrongSchemaVersion;testGetSchemaVersionWithoutMeta;testGetSchemaVersionWithoutSchemaVersion;testShouldUpdateIndexWithLaggedVersion;testShouldUpdateIndexWithSameVersion;testShouldUpdateIndexWithoutOriginalVersion	IndexUtils	org.junit.Assert;org.opensearch.cluster.metadata.IndexMetadata;org.opensearch.test.OpenSearchTestCase	Upstream tests/resources inform later local fixtures; no local execution proof.
e33c62506efcb15ae795847484357704b539bcf1	src/test/java/org/opensearch/securityanalytics/util/STIX2IOCGenerator.java	reference test or fixture	reference	STIX2IOCGenerator;assertEqualIOCs;assertEqualIocDtos;assertIOCEqualsDTO;getIocs;getListIOCsURI;getTypes;randomIOC;randomIocDto;toJsonString;write;writeLine;writeLines	DetailedSTIX2IOCDto;STIX2IOC;STIX2IOCDto;SecurityAnalyticsPlugin	com.fasterxml.jackson.databind.ObjectMapper;org.junit.Assert.assertEquals;org.junit.jupiter.api.Assertions.assertNotNull;org.opensearch.common.xcontent.XContentFactory;org.opensearch.core.common.bytes.BytesReference;org.opensearch.core.xcontent.ToXContent;org.opensearch.core.xcontent.XContentBuilder;org.opensearch.securityanalytics.commons.model.IOC;org.opensearch.securityanalytics.commons.model.IOCType;org.opensearch.securityanalytics.commons.utils.testUtils.PojoGenerator;org.opensearch.test.OpenSearchTestCase.randomInt;org.opensearch.test.OpenSearchTestCase.randomLong	Upstream tests/resources inform later local fixtures; no local execution proof.
e33c62506efcb15ae795847484357704b539bcf1	src/test/java/org/opensearch/securityanalytics/util/ThrowableCheckingPredicatesTests.java	reference test or fixture	reference	testAlertingConfigIndexNotFound_Failure;testAlertingConfigIndexNotFound_Success;testMonitorNotFound_Failure;testMonitorNotFound_Success;testWorkflowNotFound_Failure;testWorkflowNotFound_Success	ThrowableCheckingPredicates	org.junit.Assert;org.opensearch.test.OpenSearchTestCase	Upstream tests/resources inform later local fixtures; no local execution proof.
e33c62506efcb15ae795847484357704b539bcf1	src/test/java/org/opensearch/securityanalytics/writable/LogTypeTests.java	reference test or fixture	reference	testLogTypeAsStreamFull;testLogTypeAsStreamNoMappings;testLogTypeAsStreamRawFieldOnly	LogType	org.junit.Test;org.opensearch.common.io.stream.BytesStreamOutput;org.opensearch.core.common.io.stream.StreamInput;org.opensearch.test.OpenSearchTestCase.assertEquals	Upstream tests/resources inform later local fixtures; no local execution proof.
e33c62506efcb15ae795847484357704b539bcf1	src/test/resources/OSMapping/windows/fieldmappings.yml	reference test or fixture	reference				Upstream tests/resources inform later local fixtures; no local execution proof.
e33c62506efcb15ae795847484357704b539bcf1	src/test/resources/OSMapping/windows/mappings.json	reference test or fixture	reference				Upstream tests/resources inform later local fixtures; no local execution proof.
e33c62506efcb15ae795847484357704b539bcf1	src/test/resources/ad_ldap-sample.json	reference test or fixture	reference				Upstream tests/resources inform later local fixtures; no local execution proof.
e33c62506efcb15ae795847484357704b539bcf1	src/test/resources/azure-sample.json	reference test or fixture	reference				Upstream tests/resources inform later local fixtures; no local execution proof.
e33c62506efcb15ae795847484357704b539bcf1	src/test/resources/cloudtrail-sample.json	reference test or fixture	reference				Upstream tests/resources inform later local fixtures; no local execution proof.
e33c62506efcb15ae795847484357704b539bcf1	src/test/resources/dns-sample.json	reference test or fixture	reference				Upstream tests/resources inform later local fixtures; no local execution proof.
e33c62506efcb15ae795847484357704b539bcf1	src/test/resources/s3-sample.json	reference test or fixture	reference				Upstream tests/resources inform later local fixtures; no local execution proof.
e33c62506efcb15ae795847484357704b539bcf1	src/test/resources/sample.pem	reference test or fixture	reference				Upstream tests/resources inform later local fixtures; no local execution proof.
e33c62506efcb15ae795847484357704b539bcf1	src/test/resources/test-kirk.jks	reference test or fixture	reference				Upstream tests/resources inform later local fixtures; no local execution proof.
e33c62506efcb15ae795847484357704b539bcf1	src/test/resources/testMissingPath.json	reference test or fixture	reference				Upstream tests/resources inform later local fixtures; no local execution proof.
e33c62506efcb15ae795847484357704b539bcf1	src/test/resources/testMultipleAliasesWithSameName.json	reference test or fixture	reference				Upstream tests/resources inform later local fixtures; no local execution proof.
e33c62506efcb15ae795847484357704b539bcf1	src/test/resources/testValidAliasMappings.json	reference test or fixture	reference				Upstream tests/resources inform later local fixtures; no local execution proof.
e33c62506efcb15ae795847484357704b539bcf1	src/test/resources/testValidAliasMappingsSimple.json	reference test or fixture	reference				Upstream tests/resources inform later local fixtures; no local execution proof.
e33c62506efcb15ae795847484357704b539bcf1	src/test/resources/testValidAliasMappingsWithNestedType.json	reference test or fixture	reference				Upstream tests/resources inform later local fixtures; no local execution proof.
e33c62506efcb15ae795847484357704b539bcf1	src/test/resources/threatIntel/custom_schema_ioc/custom_schema_1.json	reference test or fixture	reference				Upstream tests/resources inform later local fixtures; no local execution proof.
e33c62506efcb15ae795847484357704b539bcf1	src/test/resources/threatIntel/sample_csv_with_description_and_header.csv	reference test or fixture	reference				Upstream tests/resources inform later local fixtures; no local execution proof.
e33c62506efcb15ae795847484357704b539bcf1	src/test/resources/threatIntel/sample_invalid_less_than_two_fields.csv	reference test or fixture	reference				Upstream tests/resources inform later local fixtures; no local execution proof.
e33c62506efcb15ae795847484357704b539bcf1	src/test/resources/threatIntel/sample_valid.csv	reference test or fixture	reference				Upstream tests/resources inform later local fixtures; no local execution proof.
e33c62506efcb15ae795847484357704b539bcf1	src/test/resources/threatIntelFeed/feedMetadata.json	reference test or fixture	reference				Upstream tests/resources inform later local fixtures; no local execution proof.
e33c62506efcb15ae795847484357704b539bcf1	src/test/resources/waf-sample.json	reference test or fixture	reference				Upstream tests/resources inform later local fixtures; no local execution proof.
